time,downloaded,total,chunk_size,speed_kbps
1768055700.3281696,3144,30424618,8192,3070.3125
1768055700.32888,8620,30424618,8192,5347.65625
1768055700.3337784,12727,30424618,8192,820.6457806217335
1768055700.341745,19122,30424618,8192,785.4999289471922
1768055700.346179,25967,30424618,8192,1514.4706071355276
1768055700.351381,32768,30424618,8192,1280.950749778526
1768055700.3574445,39613,30424618,8192,1105.691806568785
1768055700.3621309,46458,30424618,8192,1431.3855253225265
1768055700.3672452,53303,30424618,8192,1311.0599454419346
1768055700.3738077,58901,30424618,8192,835.199276227689
1768055700.3785167,63130,30424618,8192,880.2529627509678
1768055700.3883848,71322,30424618,8192,812.0508403945288
1768055700.388406,73994,30424618,8192,2609.375
1768055700.3994865,82186,30424618,8192,722.87632593248
1768055700.3995154,86149,30424618,8192,3870.1171875
1768055700.4558673,94341,30424618,8192,141.9930139029183
1768055700.455895,102533,30424618,8192,8000.0
1768055700.455912,110725,30424618,8192,8000.0
1768055700.455929,118917,30424618,8192,8000.0
1768055700.4559472,127109,30424618,8192,8000.0
1768055700.4563944,135301,30424618,8192,8000.0
1768055700.4564402,143493,30424618,8192,8000.0
1768055700.4564598,151685,30424618,8192,8000.0
1768055700.456466,155914,30424618,8192,4129.8828125
1768055700.4609654,164106,30424618,8192,1781.1024661381255
1768055700.4609797,164372,30424618,8192,259.765625
1768055700.465757,168601,30424618,8192,866.1848668675703
1768055700.473616,172830,30424618,8192,526.2203807209096
1768055700.4870267,181022,30424618,8192,597.0951303688771
1768055700.4870522,189214,30424618,8192,8000.0
1768055700.4870603,189746,30424618,8192,519.53125
1768055700.4951284,197938,30424618,8192,992.9377305975282
1768055700.4951441,198204,30424618,8192,259.765625
1768055700.5005577,206396,30424618,8192,1480.4944711663427
1768055700.5005713,206662,30424618,8192,259.765625
1768055700.505573,212992,30424618,8192,1237.9126641225605
1768055700.5121741,217221,30424618,8192,626.9081501363754
1768055700.5725121,225413,30424618,8192,132.61412254554105
1768055700.5725362,233605,30424618,8192,8000.0
1768055700.5725489,241797,30424618,8192,8000.0
1768055700.5725603,249989,30424618,8192,8000.0
1768055700.572573,258181,30424618,8192,8000.0
1768055700.5727704,266373,30424618,8192,8000.0
1768055700.5728621,274565,30424618,8192,8000.0
1768055700.5728934,282757,30424618,8192,8000.0
1768055700.6247265,290949,30424618,8192,154.38233543328232
1768055700.6247714,299141,30424618,8192,8000.0
1768055700.6247985,307333,30424618,8192,8000.0
1768055700.6248248,315525,30424618,8192,8000.0
1768055700.6248481,323717,30424618,8192,8000.0
1768055700.624872,331909,30424618,8192,8000.0
1768055700.6248958,340101,30424618,8192,8000.0
1768055700.6249092,344064,30424618,8192,3870.1171875
1768055700.6351492,352256,30424618,8192,782.3654836118287
1768055700.6351888,360448,30424618,8192,8000.0
1768055700.648279,368640,30424618,8192,611.9623333959489
1768055700.6483622,376832,30424618,8192,8000.0
1768055700.6769633,385024,30424618,8192,279.8602101289699
1768055700.6769977,393216,30424618,8192,8000.0
1768055700.6771705,401408,30424618,8192,8000.0
1768055700.6772387,409600,30424618,8192,8000.0
1768055700.6932046,417792,30424618,8192,501.4416428287312
1768055700.6932435,425984,30424618,8192,8000.0
1768055700.6999557,434176,30424618,8192,1193.9051085958956
1768055700.6999924,442368,30424618,8192,8000.0
1768055700.7171667,450560,30424618,8192,466.1651522831779
1768055700.7171967,458752,30424618,8192,8000.0
1768055700.7304487,466944,30424618,8192,604.1337846870665
1768055700.7304811,475136,30424618,8192,8000.0
1768055700.7476127,483328,30424618,8192,467.2515101987054
1768055700.7476468,491520,30424618,8192,8000.0
1768055700.7689219,499712,30424618,8192,376.22272419090956
1768055700.7689521,507904,30424618,8192,8000.0
1768055700.786218,516096,30424618,8192,463.6229797856008
1768055700.7862477,524288,30424618,8192,8000.0
1768055700.7957523,532480,30424618,8192,842.7173428478383
1768055700.7957933,540672,30424618,8192,8000.0
1768055700.7981722,548864,30424618,8192,3382.3776945652276
1768055700.7981977,552000,30424618,8192,3062.5
1768055700.8232288,560192,30424618,8192,319.72375776092065
1768055700.8232577,568384,30424618,8192,8000.0
1768055700.8390188,576576,30424618,8192,507.93973231446193
1768055700.8390489,584768,30424618,8192,8000.0
1768055700.8467786,592960,30424618,8192,1036.3634023273291
1768055700.8468843,601152,30424618,8192,8000.0
1768055700.864301,609344,30424618,8192,459.6776500382518
1768055700.8643565,617536,30424618,8192,8000.0
1768055700.8742728,625728,30424618,8192,807.664739574737
1768055700.874302,633920,30424618,8192,8000.0
1768055700.8843646,642112,30424618,8192,796.0515903742173
1768055700.8843942,650304,30424618,8192,8000.0
1768055700.8996503,658496,30424618,8192,524.7828706634283
1768055700.899681,666688,30424618,8192,8000.0
1768055700.9086537,674880,30424618,8192,892.9568033275212
1768055700.9087045,683072,30424618,8192,8000.0
1768055700.9253047,691264,30424618,8192,482.2298304241187
1768055700.9253347,699456,30424618,8192,8000.0
1768055700.9405189,707648,30424618,8192,527.1863423819973
1768055700.9405413,715840,30424618,8192,8000.0
1768055700.956788,724032,30424618,8192,492.67454504095167
1768055700.9568133,732224,30424618,8192,8000.0
1768055700.969712,740416,30424618,8192,620.6217070741858
1768055700.9697332,748608,30424618,8192,8000.0
1768055700.9835443,756800,30424618,8192,579.5967465077385
1768055700.9835737,764992,30424618,8192,8000.0
1768055700.9950132,773184,30424618,8192,699.9921213208854
1768055700.9950461,781376,30424618,8192,8000.0
1768055701.0105453,789568,30424618,8192,516.4889079442078
1768055701.0105743,797760,30424618,8192,8000.0
1768055701.019386,805952,30424618,8192,909.0082762712007
1768055701.019408,814144,30424618,8192,8000.0
1768055701.038661,822336,30424618,8192,415.6859082396131
1768055701.0386803,830528,30424618,8192,8000.0
1768055701.0490823,838720,30424618,8192,769.8970292526127
1768055701.0491173,846912,30424618,8192,8000.0
1768055701.0655613,855104,30424618,8192,486.80751669115375
1768055701.0656574,863296,30424618,8192,8000.0
1768055701.0824533,871488,30424618,8192,476.6699810187902
1768055701.0826209,879680,30424618,8192,8000.0
1768055701.0910833,887872,30424618,8192,946.4543471335884
1768055701.0911145,896064,30424618,8192,8000.0
1768055701.1262622,904256,30424618,8192,227.6795749632608
1768055701.1262963,912448,30424618,8192,8000.0
1768055701.126316,920640,30424618,8192,8000.0
1768055701.1263368,928832,30424618,8192,8000.0
1768055701.1366837,937024,30424618,8192,773.9488798367415
1768055701.1367168,945216,30424618,8192,8000.0
1768055701.1500933,953408,30424618,8192,598.6276507834059
1768055701.1501327,961600,30424618,8192,8000.0
1768055701.1656058,969792,30424618,8192,517.4376477502989
1768055701.1656332,977984,30424618,8192,8000.0
1768055701.1809616,986176,30424618,8192,522.3500538818217
1768055701.181015,994368,30424618,8192,8000.0
1768055701.1987903,1002560,30424618,8192,450.2983225250647
1768055701.1988144,1010752,30424618,8192,8000.0
1768055701.2094474,1018944,30424618,8192,752.9766112638796
1768055701.2094705,1027136,30424618,8192,8000.0
1768055701.2197254,1035328,30424618,8192,780.8077442174338
1768055701.2197454,1043520,30424618,8192,8000.0
1768055701.2390153,1051712,30424618,8192,415.36648363101784
1768055701.2390676,1059904,30424618,8192,8000.0
1768055701.2497046,1068096,30424618,8192,752.6861470816667
1768055701.249726,1076288,30424618,8192,8000.0
1768055701.2652516,1084480,30424618,8192,515.5801892055653
1768055701.2652798,1092672,30424618,8192,8000.0
1768055701.2753596,1100864,30424618,8192,794.2180845620788
1768055701.2753794,1109056,30424618,8192,8000.0
1768055701.2860382,1117248,30424618,8192,751.1031855859927
1768055701.2861843,1125440,30424618,8192,8000.0
1768055701.30287,1133632,30424618,8192,479.88386677302867
1768055701.3030174,1141824,30424618,8192,8000.0
1768055701.318929,1150016,30424618,8192,503.1699710560839
1768055701.3189723,1158208,30424618,8192,8000.0
1768055701.3283408,1166400,30424618,8192,854.9931599528705
1768055701.3283906,1174592,30424618,8192,8000.0
1768055701.3626223,1182784,30424618,8192,233.78483010464737
1768055701.3626518,1190976,30424618,8192,8000.0
1768055701.3626702,1199168,30424618,8192,8000.0
1768055701.362689,1207360,30424618,8192,8000.0
1768055701.3762245,1215552,30424618,8192,591.5147181809441
1768055701.3762581,1223744,30424618,8192,8000.0
1768055701.3935468,1231936,30424618,8192,463.0299519794799
1768055701.3935757,1240128,30424618,8192,8000.0
1768055701.4080772,1248320,30424618,8192,552.0744204556249
1768055701.4081054,1256512,30424618,8192,8000.0
1768055701.4217834,1264704,30424618,8192,585.2702116647711
1768055701.4218066,1272896,30424618,8192,8000.0
1768055701.4448838,1281088,30424618,8192,346.82932838386483
1768055701.4449174,1289280,30424618,8192,8000.0
1768055701.4492733,1297472,30424618,8192,1840.180369469365
1768055701.4492962,1305664,30424618,8192,8000.0
1768055701.47347,1313856,30424618,8192,331.0696438000265
1768055701.473513,1322048,30424618,8192,8000.0
1768055701.504916,1330240,30424618,8192,254.86229459878598
1768055701.5049427,1338432,30424618,8192,8000.0
1768055701.5290997,1346624,30424618,8192,331.28763302623076
1768055701.5291202,1354816,30424618,8192,8000.0
1768055701.5628252,1363008,30424618,8192,237.41479034167583
1768055701.5628436,1371200,30424618,8192,8000.0
1768055701.5629635,1379392,30424618,8192,8000.0
1768055701.5630257,1387584,30424618,8192,8000.0
1768055701.5854087,1395776,30424618,8192,357.58664897827316
1768055701.585532,1403968,30424618,8192,8000.0
1768055701.6023912,1412160,30424618,8192,474.7999902662497
1768055701.6024122,1420352,30424618,8192,8000.0
1768055701.621285,1428544,30424618,8192,424.1061940866544
1768055701.621317,1436736,30424618,8192,8000.0
1768055701.6305006,1444928,30424618,8192,872.0201430065553
1768055701.63053,1453120,30424618,8192,8000.0
1768055701.6477165,1461312,30424618,8192,465.7363566503883
1768055701.6477458,1469504,30424618,8192,8000.0
1768055701.6682382,1477696,30424618,8192,390.5906714665124
1768055701.668269,1485888,30424618,8192,8000.0
1768055701.69501,1494080,30424618,8192,299.2992665108661
1768055701.6950526,1502272,30424618,8192,8000.0
1768055701.7211807,1510464,30424618,8192,306.3256238717418
1768055701.7212157,1518656,30424618,8192,8000.0
1768055701.7365282,1526848,30424618,8192,522.7903941006884
1768055701.736555,1535040,30424618,8192,8000.0
1768055701.7593722,1543232,30424618,8192,350.7618093881501
1768055701.7594047,1551424,30424618,8192,8000.0
1768055701.7735288,1559616,30424618,8192,566.8612886216273
1768055701.7735617,1567808,30424618,8192,8000.0
1768055701.7931452,1576000,30424618,8192,408.71168899292087
1768055701.7931874,1584192,30424618,8192,8000.0
1768055701.8030863,1592384,30424618,8192,808.9551348559197
1768055701.803112,1600576,30424618,8192,8000.0
1768055701.8179572,1608768,30424618,8192,539.207094136232
1768055701.8179853,1616960,30424618,8192,8000.0
1768055701.845145,1625152,30424618,8192,294.65821509692944
1768055701.8451698,1633344,30424618,8192,8000.0
1768055701.8617616,1641536,30424618,8192,482.4275767530955
1768055701.8618412,1649728,30424618,8192,8000.0
1768055701.8759365,1657920,30424618,8192,567.9398014929492
1768055701.8763719,1666112,30424618,8192,8000.0
1768055701.9136975,1674304,30424618,8192,214.41455484038772
1768055701.913733,1682496,30424618,8192,8000.0
1768055701.929445,1690688,30424618,8192,509.60282524415123
1768055701.9294946,1698880,30424618,8192,8000.0
1768055701.9426544,1707072,30424618,8192,608.3881565825975
1768055701.9426847,1715264,30424618,8192,8000.0
1768055701.9556706,1723456,30424618,8192,616.5513218778864
1768055701.9557009,1731648,30424618,8192,8000.0
1768055701.971023,1739840,30424618,8192,522.5581821942176
1768055701.971068,1748032,30424618,8192,8000.0
1768055701.982937,1756224,30424618,8192,674.6500212719596
1768055701.9829738,1764416,30424618,8192,8000.0
1768055701.9945052,1772608,30424618,8192,694.3721169721985
1768055701.9945378,1780800,30424618,8192,8000.0
1768055702.009299,1788992,30424618,8192,542.3250838420287
1768055702.009331,1797184,30424618,8192,8000.0
1768055702.0225055,1805376,30424618,8192,607.7364854343814
1768055702.0225356,1813568,30424618,8192,8000.0
1768055702.039669,1821760,30424618,8192,467.3170170720938
1768055702.0397046,1829952,30424618,8192,8000.0
1768055702.052203,1838144,30424618,8192,640.6303815156367
1768055702.0522501,1846336,30424618,8192,8000.0
1768055702.0749247,1854528,30424618,8192,352.95467084517776
1768055702.074945,1862720,30424618,8192,8000.0
1768055702.085516,1870912,30424618,8192,757.4394772481503
1768055702.085538,1879104,30424618,8192,8000.0
1768055702.1010227,1887296,30424618,8192,517.0263228516759
1768055702.1010647,1895488,30424618,8192,8000.0
1768055702.1164622,1903680,30424618,8192,519.9836193016574
1768055702.1165943,1911872,30424618,8192,8000.0
1768055702.132049,1920064,30424618,8192,518.0474787797181
1768055702.1325278,1928256,30424618,8192,8000.0
1768055702.1426485,1936448,30424618,8192,791.7342948047168
1768055702.1426828,1944640,30424618,8192,8000.0
1768055702.1540704,1952832,30424618,8192,703.0309400113924
1768055702.154095,1961024,30424618,8192,8000.0
1768055702.1692078,1969216,30424618,8192,529.7451935201988
1768055702.1692457,1977408,30424618,8192,8000.0
1768055702.1829681,1985600,30424618,8192,583.3837719871649
1768055702.1829908,1993792,30424618,8192,8000.0
1768055702.1990693,2001984,30424618,8192,497.9087833872136
1768055702.199103,2010176,30424618,8192,8000.0
1768055702.212091,2018368,30424618,8192,616.3850561651075
1768055702.2121127,2026560,30424618,8192,8000.0
1768055702.225378,2034752,30424618,8192,603.4001588819507
1768055702.2254,2042944,30424618,8192,8000.0
1768055702.241633,2051136,30424618,8192,493.0723328915667
1768055702.241677,2059328,30424618,8192,8000.0
1768055702.2549517,2067520,30424618,8192,603.1408530158246
1768055702.2549825,2075712,30424618,8192,8000.0
1768055702.2709603,2083904,30424618,8192,501.0271041687318
1768055702.270993,2092096,30424618,8192,8000.0
1768055702.285052,2100288,30424618,8192,569.5855568447399
1768055702.285117,2108480,30424618,8192,8000.0
1768055702.307167,2116672,30424618,8192,363.0653623010979
1768055702.307192,2124864,30424618,8192,8000.0
1768055702.319615,2133056,30424618,8192,644.3921769143807
1768055702.3196352,2141248,30424618,8192,8000.0
1768055702.339329,2149440,30424618,8192,406.40494057805336
1768055702.3393521,2157632,30424618,8192,8000.0
1768055702.3514166,2165824,30424618,8192,663.7516947046583
1768055702.351535,2174016,30424618,8192,8000.0
1768055702.365371,2182208,30424618,8192,578.6325499892398
1768055702.3659468,2190400,30424618,8192,8000.0
1768055702.3798442,2198592,30424618,8192,576.3024436785028
1768055702.37988,2206784,30424618,8192,8000.0
1768055702.397204,2214976,30424618,8192,462.09920312564344
1768055702.3972425,2223168,30424618,8192,8000.0
1768055702.4061348,2231360,30424618,8192,900.6372009010163
1768055702.406162,2239552,30424618,8192,8000.0
1768055702.4205298,2247744,30424618,8192,557.2000692191759
1768055702.4205706,2255936,30424618,8192,8000.0
1768055702.4333813,2264128,30424618,8192,625.0634822289788
1768055702.4334903,2272320,30424618,8192,8000.0
1768055702.4472773,2280512,30424618,8192,580.838150051229
1768055702.4473214,2288704,30424618,8192,8000.0
1768055702.4609663,2296896,30424618,8192,586.6091788936103
1768055702.4610019,2305088,30424618,8192,8000.0
1768055702.4813533,2313280,30424618,8192,393.28079867651536
1768055702.4814332,2321472,30424618,8192,8000.0
1768055702.498691,2329664,30424618,8192,463.80575753359716
1768055702.4987197,2337856,30424618,8192,8000.0
1768055702.5222166,2346048,30424618,8192,340.6371615865227
1768055702.5222595,2354240,30424618,8192,8000.0
1768055702.5340002,2362432,30424618,8192,682.3493297112939
1768055702.5340772,2370624,30424618,8192,8000.0
1768055702.54443,2378816,30424618,8192,773.6046072242613
1768055702.5444558,2387008,30424618,8192,8000.0
1768055702.555912,2395200,30424618,8192,698.9035971698908
1768055702.5559413,2403392,30424618,8192,8000.0
1768055702.571421,2411584,30424618,8192,517.1867635757009
1768055702.5714588,2419776,30424618,8192,8000.0
1768055702.5812526,2427968,30424618,8192,817.5779252279319
1768055702.5813293,2436160,30424618,8192,8000.0
1768055702.5928116,2444352,30424618,8192,697.5081507777255
1768055702.5928748,2452544,30424618,8192,8000.0
1768055702.602262,2460736,30424618,8192,852.9239246138591
1768055702.602284,2468928,30424618,8192,8000.0
1768055702.6146722,2477120,30424618,8192,646.1565810481678
1768055702.614693,2485312,30424618,8192,8000.0
1768055702.6317112,2493504,30424618,8192,470.3392304822004
1768055702.631744,2501696,30424618,8192,8000.0
1768055702.6410263,2509888,30424618,8192,862.8127754466324
1768055702.6410594,2518080,30424618,8192,8000.0
1768055702.655836,2526272,30424618,8192,541.7815138246043
1768055702.6558647,2534464,30424618,8192,8000.0
1768055702.669874,2542656,30424618,8192,571.4775569607461
1768055702.669905,2550848,30424618,8192,8000.0
1768055702.682694,2559040,30424618,8192,626.8167904554122
1768055702.6827328,2567232,30424618,8192,8000.0
1768055702.693505,2575424,30424618,8192,743.4944254804318
1768055702.6935387,2583616,30424618,8192,8000.0
1768055702.705362,2591808,30424618,8192,677.2945497381131
1768055702.705397,2600000,30424618,8192,8000.0
1768055702.7171884,2608192,30424618,8192,679.0422069940951
1768055702.7172196,2616384,30424618,8192,8000.0
1768055702.7297933,2624576,30424618,8192,636.7703025267593
1768055702.729841,2632768,30424618,8192,8000.0
1768055702.741547,2640960,30424618,8192,684.1583085884902
1768055702.7415657,2649152,30424618,8192,8000.0
1768055702.760416,2657344,30424618,8192,424.59464641389155
1768055702.7604387,2665536,30424618,8192,8000.0
1768055702.778855,2673728,30424618,8192,434.6290714379604
1768055702.778882,2681920,30424618,8192,8000.0
1768055702.791471,2690112,30424618,8192,636.2284410795761
1768055702.791687,2698304,30424618,8192,8000.0
1768055702.8024611,2706496,30424618,8192,743.5013353967744
1768055702.8025742,2714688,30424618,8192,8000.0
1768055702.8137474,2722880,30424618,8192,716.9358173554123
1768055702.8137944,2731072,30424618,8192,8000.0
1768055702.8372884,2739264,30424618,8192,340.77210350878727
1768055702.8373604,2747456,30424618,8192,8000.0
1768055702.8483632,2755648,30424618,8192,728.2194159610381
1768055702.8484302,2763840,30424618,8192,8000.0
1768055702.8558524,2772032,30424618,8192,1079.5929987609566
1768055702.8558993,2780224,30424618,8192,8000.0
1768055702.8746383,2788416,30424618,8192,427.15419198373786
1768055702.87466,2796608,30424618,8192,8000.0
1768055702.8886123,2804800,30424618,8192,573.855159725349
1768055702.8886404,2812992,30424618,8192,8000.0
1768055702.909739,2821184,30424618,8192,379.4004520442845
1768055702.9097872,2829376,30424618,8192,8000.0
1768055702.9213595,2837568,30424618,8192,691.9277956570226
1768055702.921387,2845760,30424618,8192,8000.0
1768055702.9345195,2853952,30424618,8192,609.67709833722
1768055702.93456,2862144,30424618,8192,8000.0
1768055702.9462125,2870336,30424618,8192,687.1140314613033
1768055702.946245,2878528,30424618,8192,8000.0
1768055702.9600215,2886720,30424618,8192,581.1799388655279
1768055702.960068,2894912,30424618,8192,8000.0
1768055702.9706924,2903104,30424618,8192,753.6008041745065
1768055702.9707108,2911296,30424618,8192,8000.0
1768055702.9834025,2919488,30424618,8192,630.7556476787272
1768055702.983422,2927680,30424618,8192,8000.0
1768055702.9950795,2935872,30424618,8192,686.5184917241723
1768055702.9950955,2944064,30424618,8192,8000.0
1768055703.007077,2952256,30424618,8192,668.1756291623468
1768055703.0072026,2960448,30424618,8192,8000.0
1768055703.0190825,2968640,30424618,8192,673.8317471871502
1768055703.0197403,2976832,30424618,8192,8000.0
1768055703.0314367,2985024,30424618,8192,684.6149942923576
1768055703.0314662,2993216,30424618,8192,8000.0
1768055703.043871,3001408,30424618,8192,645.3642689811604
1768055703.0438902,3009600,30424618,8192,8000.0
1768055703.0597258,3017792,30424618,8192,505.4110559274982
1768055703.0597508,3025984,30424618,8192,8000.0
1768055703.070877,3034176,30424618,8192,719.6380211621686
1768055703.0709226,3042368,30424618,8192,8000.0
1768055703.084959,3050560,30424618,8192,570.3245884197449
1768055703.084991,3058752,30424618,8192,8000.0
1768055703.0978496,3066944,30424618,8192,622.65531711052
1768055703.097898,3075136,30424618,8192,8000.0
1768055703.1160681,3083328,30424618,8192,440.5723042934008
1768055703.116127,3091520,30424618,8192,8000.0
1768055703.1266117,3099712,30424618,8192,763.7668974126433
1768055703.126638,3107904,30424618,8192,8000.0
1768055703.1359396,3116096,30424618,8192,861.094670122984
1768055703.1359813,3124288,30424618,8192,8000.0
1768055703.1572785,3132480,30424618,8192,375.81622722183994
1768055703.1573102,3140672,30424618,8192,8000.0
1768055703.1660814,3148864,30424618,8192,913.1794624321925
1768055703.1661258,3157056,30424618,8192,8000.0
1768055703.1781163,3165248,30424618,8192,667.5288922488357
1768055703.1781428,3173440,30424618,8192,8000.0
1768055703.1908188,3181632,30424618,8192,631.5673160395921
1768055703.1908543,3189824,30424618,8192,8000.0
1768055703.210153,3198016,30424618,8192,414.8430847162573
1768055703.2101843,3206208,30424618,8192,8000.0
1768055703.221399,3214400,30424618,8192,713.966979793926
1768055703.2215095,3222592,30424618,8192,8000.0
1768055703.2321694,3230784,30424618,8192,751.2371893488404
1768055703.2326581,3238976,30424618,8192,8000.0
1768055703.2409449,3247168,30424618,8192,966.8024186902
1768055703.2409678,3255360,30424618,8192,8000.0
1768055703.2517138,3263552,30424618,8192,745.003823279888
1768055703.251733,3271744,30424618,8192,8000.0
1768055703.2639472,3279936,30424618,8192,655.4529631850098
1768055703.2639809,3288128,30424618,8192,8000.0
1768055703.27996,3296320,30424618,8192,500.93298557589225
1768055703.279989,3304512,30424618,8192,8000.0
1768055703.295109,3312704,30424618,8192,529.4682142100781
1768055703.295142,3320896,30424618,8192,8000.0
1768055703.3060873,3329088,30424618,8192,731.4553188840572
1768055703.3061154,3337280,30424618,8192,8000.0
1768055703.3177178,3345472,30424618,8192,690.023982994354
1768055703.317751,3353664,30424618,8192,8000.0
1768055703.3283195,3361856,30424618,8192,757.6474991268024
1768055703.3283482,3370048,30424618,8192,8000.0
1768055703.349369,3378240,30424618,8192,380.77287328571873
1768055703.3493989,3386432,30424618,8192,8000.0
1768055703.3608532,3394624,30424618,8192,698.9402272282965
1768055703.36088,3402816,30424618,8192,8000.0
1768055703.3730595,3411008,30424618,8192,657.3757497615488
1768055703.373101,3419200,30424618,8192,8000.0
1768055703.3825233,3427392,30424618,8192,849.7891486169495
1768055703.382543,3435584,30424618,8192,8000.0
1768055703.3953228,3443776,30424618,8192,626.3505717406554
1768055703.3953426,3451968,30424618,8192,8000.0
1768055703.4105992,3460160,30424618,8192,524.7450060113999
1768055703.4106307,3468352,30424618,8192,8000.0
1768055703.4356947,3476544,30424618,8192,319.33195662355354
1768055703.4358354,3484736,30424618,8192,8000.0
1768055703.4462676,3492928,30424618,8192,767.6806481383134
1768055703.4463658,3501120,30424618,8192,8000.0
1768055703.4575818,3509312,30424618,8192,713.9797238396413
1768055703.4576175,3517504,30424618,8192,8000.0
1768055703.4691217,3525696,30424618,8192,696.0455926299554
1768055703.469155,3533888,30424618,8192,8000.0
1768055703.4797363,3542080,30424618,8192,756.730164937709
1768055703.4797637,3550272,30424618,8192,8000.0
1768055703.4980364,3558464,30424618,8192,438.0657222411154
1768055703.498066,3566656,30424618,8192,8000.0
1768055703.5094273,3574848,30424618,8192,704.771298392861
1768055703.5094624,3583040,30424618,8192,8000.0
1768055703.5204916,3591232,30424618,8192,726.0384641033792
1768055703.520523,3599424,30424618,8192,8000.0
1768055703.5287874,3607616,30424618,8192,969.2975038452714
1768055703.5288222,3615808,30424618,8192,8000.0
1768055703.5400584,3624000,30424618,8192,712.7012252715449
1768055703.5401,3632192,30424618,8192,8000.0
1768055703.5558918,3640384,30424618,8192,507.29554225412056
1768055703.555923,3648576,30424618,8192,8000.0
1768055703.5728614,3656768,30424618,8192,472.7601516074649
1768055703.5729122,3664960,30424618,8192,8000.0
1768055703.5838456,3673152,30424618,8192,732.6812456418088
1768055703.5839384,3681344,30424618,8192,8000.0
1768055703.594164,3689536,30424618,8192,783.399759640818
1768055703.5941973,3697728,30424618,8192,8000.0
1768055703.6079788,3705920,30424618,8192,580.8887607895816
1768055703.6079996,3714112,30424618,8192,8000.0
1768055703.620531,3722304,30424618,8192,640.291971784451
1768055703.6206057,3730496,30424618,8192,8000.0
1768055703.6346943,3738688,30424618,8192,568.3675034034076
1768055703.635029,3746880,30424618,8192,8000.0
1768055703.645085,3755072,30424618,8192,797.154155811903
1768055703.645215,3763264,30424618,8192,8000.0
1768055703.6563382,3771456,30424618,8192,720.2405640247642
1768055703.6563997,3779648,30424618,8192,8000.0
1768055703.6669648,3787840,30424618,8192,758.372911066492
1768055703.6670249,3796032,30424618,8192,8000.0
1768055703.677725,3804224,30424618,8192,748.4749813525166
1768055703.677758,3812416,30424618,8192,8000.0
1768055703.688169,3820608,30424618,8192,769.2085782587875
1768055703.6882076,3828800,30424618,8192,8000.0
1768055703.7116427,3836992,30424618,8192,341.54463552700196
1768055703.7116795,3845184,30424618,8192,8000.0
1768055703.7227652,3853376,30424618,8192,722.3019730629554
1768055703.7227936,3861568,30424618,8192,8000.0
1768055703.7349513,3869760,30424618,8192,658.4633069917579
1768055703.734974,3877952,30424618,8192,8000.0
1768055703.7457097,3886144,30424618,8192,746.3173890908201
1768055703.7457519,3894336,30424618,8192,8000.0
1768055703.780284,3902528,30424618,8192,231.75642414004088
1768055703.7803233,3910720,30424618,8192,8000.0
1768055703.8041658,3918912,30424618,8192,335.79301670299566
1768055703.804298,3927104,30424618,8192,8000.0
1768055703.8179936,3935296,30424618,8192,584.9791941865565
1768055703.8180988,3943488,30424618,8192,8000.0
1768055703.828857,3951680,30424618,8192,745.1356674025624
1768055703.8289375,3959872,30424618,8192,8000.0
1768055703.8396885,3968064,30424618,8192,745.059330907557
1768055703.8397176,3976256,30424618,8192,8000.0
1768055703.8506253,3984448,30424618,8192,734.4233440332106
1768055703.850669,3992640,30424618,8192,8000.0
1768055703.8652573,4000832,30424618,8192,549.3864020761528
1768055703.8655198,4009024,30424618,8192,8000.0
1768055703.8746932,4017216,30424618,8192,873.2671083281737
1768055703.874837,4025408,30424618,8192,8000.0
1768055703.8855722,4033600,30424618,8192,745.9763943134456
1768055703.8856058,4041792,30424618,8192,8000.0
1768055703.9022639,4049984,30424618,8192,480.6392479051974
1768055703.9023023,4058176,30424618,8192,8000.0
1768055703.9138067,4066368,30424618,8192,696.5243417599737
1768055703.9139142,4074560,30424618,8192,8000.0
1768055703.932839,4082752,30424618,8192,422.95817164179516
1768055703.9328873,4090944,30424618,8192,8000.0
1768055703.943382,4099136,30424618,8192,763.0456989572366
1768055703.9434092,4107328,30424618,8192,8000.0
1768055703.9545906,4115520,30424618,8192,716.4542651972112
1768055703.9546537,4123712,30424618,8192,8000.0
1768055703.9656954,4131904,30424618,8192,725.531450143273
1768055703.9657483,4140096,30424618,8192,8000.0
1768055703.976017,4148288,30424618,8192,779.7954983896851
1768055703.9760394,4156480,30424618,8192,8000.0
1768055703.986906,4164672,30424618,8192,737.3068049784081
1768055703.9869542,4172864,30424618,8192,8000.0
1768055703.9971707,4181056,30424618,8192,784.4752348803177
1768055703.9971938,4189248,30424618,8192,8000.0
1768055704.009304,4197440,30424618,8192,661.1351661405782
1768055704.0093427,4205632,30424618,8192,8000.0
1768055704.0207436,4213824,30424618,8192,702.3458349220639
1768055704.0207748,4222016,30424618,8192,8000.0
1768055704.0317721,4230208,30424618,8192,728.2127794601402
1768055704.031808,4238400,30424618,8192,8000.0
1768055704.0485532,4246592,30424618,8192,478.15432317282915
1768055704.0485842,4254784,30424618,8192,8000.0
1768055704.0613816,4262976,30424618,8192,625.664766920801
1768055704.0615406,4271168,30424618,8192,8000.0
1768055704.0775628,4279360,30424618,8192,499.6720930436659
1768055704.0779507,4287552,30424618,8192,8000.0
1768055704.0872862,4295744,30424618,8192,857.8812483320843
1768055704.0873096,4303936,30424618,8192,8000.0
1768055704.0985398,4312128,30424618,8192,713.0633213144447
1768055704.0985794,4320320,30424618,8192,8000.0
1768055704.1254883,4328512,30424618,8192,297.42651666832313
1768055704.1255243,4336704,30424618,8192,8000.0
1768055704.1361148,4344896,30424618,8192,756.1007877701571
1768055704.136151,4353088,30424618,8192,8000.0
1768055704.14667,4361280,30424618,8192,761.3102206121437
1768055704.1467018,4369472,30424618,8192,8000.0
1768055704.157727,4377664,30424618,8192,726.3021200753326
1768055704.1577597,4385856,30424618,8192,8000.0
1768055704.1710398,4394048,30424618,8192,602.8954056151414
1768055704.171071,4402240,30424618,8192,8000.0
1768055704.180379,4410432,30424618,8192,860.2798140990269
1768055704.1804004,4418624,30424618,8192,8000.0
1768055704.1949527,4426816,30424618,8192,550.134438413894
1768055704.1949916,4435008,30424618,8192,8000.0
1768055704.2067933,4443200,30424618,8192,678.5296251380631
1768055704.206835,4451392,30424618,8192,8000.0
1768055704.2185555,4459584,30424618,8192,683.2409544427828
1768055704.2186043,4467776,30424618,8192,8000.0
1768055704.2318246,4475968,30424618,8192,605.6476646085241
1768055704.2318594,4484160,30424618,8192,8000.0
1768055704.249157,4492352,30424618,8192,462.7621090435967
1768055704.2491796,4500544,30424618,8192,8000.0
1768055704.260586,4508736,30424618,8192,702.0315082762248
1768055704.2606258,4516928,30424618,8192,8000.0
1768055704.2761512,4525120,30424618,8192,515.6433303642347
1768055704.2762606,4533312,30424618,8192,8000.0
1768055704.2873328,4541504,30424618,8192,723.2096001880191
1768055704.2879803,4549696,30424618,8192,8000.0
1768055704.298287,4557888,30424618,8192,777.2952053709427
1768055704.2983198,4566080,30424618,8192,8000.0
1768055704.3108766,4574272,30424618,8192,637.6229378396224
1768055704.3109064,4582464,30424618,8192,8000.0
1768055704.3225613,4590656,30424618,8192,686.9960262795576
1768055704.3225956,4598848,30424618,8192,8000.0
1768055704.3339567,4607040,30424618,8192,705.0383864724839
1768055704.3340435,4615232,30424618,8192,8000.0
1768055704.3447173,4623424,30424618,8192,750.5816996324579
1768055704.3447676,4631616,30424618,8192,8000.0
1768055704.3551743,4639808,30424618,8192,769.7488626599522
1768055704.3552208,4648000,30424618,8192,8000.0
1768055704.3660376,4656192,30424618,8192,740.3979660320023
1768055704.3660748,4664384,30424618,8192,8000.0
1768055704.37775,4672576,30424618,8192,685.8886981010759
1768055704.3777814,4680768,30424618,8192,8000.0
1768055704.397081,4688960,30424618,8192,414.7205049837539
1768055704.397105,4697152,30424618,8192,8000.0
1768055704.4059556,4705344,30424618,8192,904.2204526249942
1768055704.405973,4713536,30424618,8192,8000.0
1768055704.4205322,4721728,30424618,8192,549.8621924271957
1768055704.4205692,4729920,30424618,8192,8000.0
1768055704.4324374,4738112,30424618,8192,674.6443318684775
1768055704.432473,4746304,30424618,8192,8000.0
1768055704.4437814,4754496,30424618,8192,707.9583357989811
1768055704.4438097,4762688,30424618,8192,8000.0
1768055704.455795,4770880,30424618,8192,668.7509440121086
1768055704.455842,4779072,30424618,8192,8000.0
1768055704.4666142,4787264,30424618,8192,743.4115165013732
1768055704.4667308,4795456,30424618,8192,8000.0
1768055704.4775577,4803648,30424618,8192,739.7543987652552
1768055704.4777021,4811840,30424618,8192,8000.0
1768055704.4876416,4820032,30424618,8192,805.7287272219563
1768055704.487663,4828224,30424618,8192,8000.0
1768055704.4990425,4836416,30424618,8192,703.6493037592085
1768055704.4990747,4844608,30424618,8192,8000.0
1768055704.5098093,4852800,30424618,8192,746.1572877010811
1768055704.5098655,4860992,30424618,8192,8000.0
1768055704.520877,4869184,30424618,8192,727.424830291564
1768055704.5209222,4877376,30424618,8192,8000.0
1768055704.5333235,4885568,30424618,8192,645.6142586460335
1768055704.5333464,4893760,30424618,8192,8000.0
1768055704.5450425,4901952,30424618,8192,684.4685564782892
1768055704.5450625,4910144,30424618,8192,8000.0
1768055704.566053,4918336,30424618,8192,381.3809804789169
1768055704.566087,4926528,30424618,8192,8000.0
1768055704.5767536,4934720,30424618,8192,750.8493992345059
1768055704.576798,4942912,30424618,8192,8000.0
1768055704.5872405,4951104,30424618,8192,766.8858740030616
1768055704.5872712,4959296,30424618,8192,8000.0
1768055704.5980575,4967488,30424618,8192,742.2733982677721
1768055704.598079,4975680,30424618,8192,8000.0
1768055704.6095312,4983872,30424618,8192,699.3496033358986
1768055704.6095965,4992064,30424618,8192,8000.0
1768055704.6232133,5000256,30424618,8192,587.9240401147255
1768055704.6232326,5008448,30424618,8192,8000.0
1768055704.6349473,5016640,30424618,8192,683.346005487513
1768055704.6349704,5024832,30424618,8192,8000.0
1768055704.6455688,5033024,30424618,8192,755.4296533482591
1768055704.645592,5041216,30424618,8192,8000.0
1768055704.6563044,5049408,30424618,8192,747.3213186306676
1768055704.6563985,5057600,30424618,8192,8000.0
1768055704.6744578,5065792,30424618,8192,443.2771466842985
1768055704.6750178,5073984,30424618,8192,8000.0
1768055704.6846657,5082176,30424618,8192,830.4613203773291
1768055704.684699,5090368,30424618,8192,8000.0
1768055704.6954558,5098560,30424618,8192,744.4007114410495
1768055704.6954827,5106752,30424618,8192,8000.0
1768055704.706228,5114944,30424618,8192,745.1634219262255
1768055704.7062624,5123136,30424618,8192,8000.0
1768055704.7202413,5131328,30424618,8192,573.0905337073829
1768055704.7202792,5139520,30424618,8192,8000.0
1768055704.730671,5147712,30424618,8192,770.6460904687085
1768055704.7307081,5155904,30424618,8192,8000.0
1768055704.7435327,5164096,30424618,8192,624.1564172596621
1768055704.743552,5172288,30424618,8192,8000.0
1768055704.7556694,5180480,30424618,8192,660.7965911252073
1768055704.7557023,5188672,30424618,8192,8000.0
1768055704.766942,5196864,30424618,8192,712.3712200499111
1768055704.766966,5205056,30424618,8192,8000.0
1768055704.777678,5213248,30424618,8192,747.4190677605476
1768055704.7777002,5221440,30424618,8192,8000.0
1768055704.7891757,5229632,30424618,8192,697.6480537141113
1768055704.789205,5237824,30424618,8192,8000.0
1768055704.80037,5246016,30424618,8192,717.1607632973779
1768055704.800417,5254208,30424618,8192,8000.0
1768055704.8113477,5262400,30424618,8192,732.5940218188246
1768055704.8113782,5270592,30424618,8192,8000.0
1768055704.8283746,5278784,30424618,8192,471.009373274419
1768055704.8284101,5286976,30424618,8192,8000.0
1768055704.8333824,5295168,30424618,8192,1611.3114157359075
1768055704.8334017,5303360,30424618,8192,8000.0
1768055704.8461547,5311552,30424618,8192,627.8892753420056
1768055704.8462987,5319744,30424618,8192,8000.0
1768055704.8581488,5327936,30424618,8192,675.7156225215726
1768055704.858709,5336128,30424618,8192,8000.0
1768055704.8714988,5344320,30424618,8192,626.1838752469662
1768055704.8715277,5352512,30424618,8192,8000.0
1768055704.887851,5360704,30424618,8192,490.3883874631825
1768055704.8878732,5368896,30424618,8192,8000.0
1768055704.899303,5377088,30424618,8192,700.4088630771173
1768055704.8993247,5385280,30424618,8192,8000.0
1768055704.9137018,5393472,30424618,8192,556.754124147879
1768055704.9137235,5401664,30424618,8192,8000.0
1768055704.9400704,5409856,30424618,8192,303.7482538640977
1768055704.9400988,5418048,30424618,8192,8000.0
1768055704.9511437,5426240,30424618,8192,725.2880795157361
1768055704.9511724,5434432,30424618,8192,8000.0
1768055704.9622242,5442624,30424618,8192,724.4670694581029
1768055704.9622545,5450816,30424618,8192,8000.0
1768055704.9727995,5459008,30424618,8192,759.236585954003
1768055704.9728217,5467200,30424618,8192,8000.0
1768055704.983785,5475392,30424618,8192,730.246826858381
1768055704.9838133,5483584,30424618,8192,8000.0
1768055704.997246,5491776,30424618,8192,595.8676569937672
1768055704.9972663,5499968,30424618,8192,8000.0
1768055705.012395,5508160,30424618,8192,529.2265365046987
1768055705.0124567,5516352,30424618,8192,8000.0
1768055705.046938,5524544,30424618,8192,232.08519799015795
1768055705.046965,5532736,30424618,8192,8000.0
1768055705.0568802,5540928,30424618,8192,807.6321245269155
1768055705.0569036,5549120,30424618,8192,8000.0
1768055705.0715575,5557312,30424618,8192,546.2689833375085
1768055705.0715842,5565504,30424618,8192,8000.0
1768055705.0865273,5573696,30424618,8192,535.7800637901233
1768055705.086657,5581888,30424618,8192,8000.0
1768055705.0997171,5590080,30424618,8192,613.1301859815031
1768055705.0998528,5598272,30424618,8192,8000.0
1768055705.111516,5606464,30424618,8192,686.6658080880555
1768055705.1115506,5614656,30424618,8192,8000.0
1768055705.1223938,5622848,30424618,8192,738.5319868677867
1768055705.1224272,5631040,30424618,8192,8000.0
1768055705.1353397,5639232,30424618,8192,620.0012401562776
1768055705.1353645,5647424,30424618,8192,8000.0
1768055705.1555521,5655616,30424618,8192,396.49891524525356
1768055705.1555889,5663808,30424618,8192,8000.0
1768055705.1665556,5672000,30424618,8192,730.3868278621696
1768055705.166605,5680192,30424618,8192,8000.0
1768055705.1779397,5688384,30424618,8192,706.757489562649
1768055705.1779976,5696576,30424618,8192,8000.0
1768055705.1880896,5704768,30424618,8192,793.6665382569414
1768055705.188133,5712960,30424618,8192,8000.0
1768055705.1986558,5721152,30424618,8192,760.9843280551345
1768055705.1986787,5729344,30424618,8192,8000.0
1768055705.2101514,5737536,30424618,8192,697.8245330815622
1768055705.2101727,5745728,30424618,8192,8000.0
1768055705.235592,5753920,30424618,8192,314.86641812373904
1768055705.235634,5762112,30424618,8192,8000.0
1768055705.250035,5770304,30424618,8192,556.0111798582349
1768055705.250096,5778496,30424618,8192,8000.0
1768055705.2634153,5786688,30424618,8192,601.0744229042448
1768055705.2634354,5794880,30424618,8192,8000.0
1768055705.2794511,5803072,30424618,8192,499.81569327619275
1768055705.2794802,5811264,30424618,8192,8000.0
1768055705.2907903,5819456,30424618,8192,707.8268002200707
1768055705.2908094,5827648,30424618,8192,8000.0
1768055705.3017948,5835840,30424618,8192,728.8364130971883
1768055705.301879,5844032,30424618,8192,8000.0
1768055705.3147674,5852224,30424618,8192,621.1469511191862
1768055705.3151817,5860416,30424618,8192,8000.0
1768055705.3234544,5868608,30424618,8192,968.6989139198315
1768055705.3234808,5876800,30424618,8192,8000.0
1768055705.3407037,5884992,30424618,8192,464.8028081121261
1768055705.340735,5893184,30424618,8192,8000.0
1768055705.3520408,5901376,30424618,8192,708.3093559308002
1768055705.3520725,5909568,30424618,8192,8000.0
1768055705.3631647,5917760,30424618,8192,722.4976802096622
1768055705.363214,5925952,30424618,8192,8000.0
1768055705.3737829,5934144,30424618,8192,757.5829341458965
1768055705.373811,5942336,30424618,8192,8000.0
1768055705.4005039,5950528,30424618,8192,299.84108404512284
1768055705.4005346,5958720,30424618,8192,8000.0
1768055705.4152179,5966912,30424618,8192,545.3120225909446
1768055705.4152715,5975104,30424618,8192,8000.0
1768055705.425274,5983296,30424618,8192,800.6966106098258
1768055705.4253056,5991488,30424618,8192,8000.0
1768055705.4368994,5999680,30424618,8192,690.5898520967767
1768055705.436925,6007872,30424618,8192,8000.0
1768055705.4482095,6016064,30424618,8192,709.4903234002727
1768055705.4482355,6024256,30424618,8192,8000.0
1768055705.4718697,6032448,30424618,8192,338.6745125676701
1768055705.471932,6040640,30424618,8192,8000.0
1768055705.5182757,6048832,30424618,8192,172.66087695061825
1768055705.5183046,6057024,30424618,8192,8000.0
1768055705.5323443,6065216,30424618,8192,570.161998478157
1768055705.532369,6073408,30424618,8192,8000.0
1768055705.5454447,6081600,30424618,8192,612.2855108720843
1768055705.545471,6089792,30424618,8192,8000.0
1768055705.556318,6097984,30424618,8192,738.293436724424
1768055705.5564234,6106176,30424618,8192,8000.0
1768055705.567206,6114368,30424618,8192,742.9075516619542
1768055705.5674803,6122560,30424618,8192,8000.0
1768055705.5785434,6130752,30424618,8192,724.1064102282031
1768055705.5785758,6138944,30424618,8192,8000.0
1768055705.614848,6147136,30424618,8192,220.6549587898039
1768055705.6148806,6155328,30424618,8192,8000.0
1768055705.6255786,6163520,30424618,8192,748.5310074523081
1768055705.625611,6171712,30424618,8192,8000.0
1768055705.6359167,6179904,30424618,8192,776.9253223914161
1768055705.635938,6188096,30424618,8192,8000.0
1768055705.6472847,6196288,30424618,8192,705.6229286646752
1768055705.6473148,6204480,30424618,8192,8000.0
1768055705.6581268,6212672,30424618,8192,740.5761637625521
1768055705.658149,6220864,30424618,8192,8000.0
1768055705.6784134,6229056,30424618,8192,394.966156717718
1768055705.6784422,6237248,30424618,8192,8000.0
1768055705.6945043,6245440,30424618,8192,498.38647409423663
1768055705.6945539,6253632,30424618,8192,8000.0
1768055705.7062933,6261824,30424618,8192,681.9770563784365
1768055705.706317,6270016,30424618,8192,8000.0
1768055705.7196882,6278208,30424618,8192,598.7979139332108
1768055705.7197213,6286400,30424618,8192,8000.0
1768055705.7409413,6294592,30424618,8192,377.43860651505406
1768055705.7410762,6302784,30424618,8192,8000.0
1768055705.7441723,6310976,30424618,8192,2597.4869853836194
1768055705.744256,6319168,30424618,8192,8000.0
1768055705.7551706,6327360,30424618,8192,733.9718816563436
1768055705.7552118,6335552,30424618,8192,8000.0
1768055705.7676349,6343744,30424618,8192,644.6362254152825
1768055705.767675,6351936,30424618,8192,8000.0
1768055705.7802215,6360128,30424618,8192,638.452393883494
1768055705.7804475,6368320,30424618,8192,8000.0
1768055705.7908542,6376512,30424618,8192,769.7636845131328
1768055705.791371,6384704,30424618,8192,8000.0
1768055705.8014324,6392896,30424618,8192,796.2813647791781
1768055705.8014638,6401088,30424618,8192,8000.0
1768055705.8247573,6409280,30424618,8192,343.57029659781625
1768055705.8247805,6417472,30424618,8192,8000.0
1768055705.835408,6425664,30424618,8192,753.4446589478057
1768055705.835434,6433856,30424618,8192,8000.0
1768055705.8559964,6442048,30424618,8192,389.2906148512532
1768055705.8560326,6450240,30424618,8192,8000.0
1768055705.8687263,6458432,30424618,8192,630.8203058600338
1768055705.8687615,6466624,30424618,8192,8000.0
1768055705.8854585,6474816,30424618,8192,479.49844371147793
1768055705.8855011,6483008,30424618,8192,8000.0
1768055705.9049714,6491200,30424618,8192,411.2264818849406
1768055705.9050345,6499392,30424618,8192,8000.0
1768055705.9159298,6507584,30424618,8192,735.0036297070151
1768055705.9159522,6515776,30424618,8192,8000.0
1768055705.9299276,6523968,30424618,8192,572.8853351683588
1768055705.9299655,6532160,30424618,8192,8000.0
1768055705.9405136,6540352,30424618,8192,759.2293888532522
1768055705.9405499,6548544,30424618,8192,8000.0
1768055705.9559348,6556736,30424618,8192,520.4843093084268
1768055705.9560018,6564928,30424618,8192,8000.0
1768055705.9664931,6573120,30424618,8192,763.4972044201447
1768055705.966528,6581312,30424618,8192,8000.0
1768055705.978593,6589504,30424618,8192,663.7186472140377
1768055705.9786296,6597696,30424618,8192,8000.0
1768055705.989365,6605888,30424618,8192,745.9903066983601
1768055705.9893968,6614080,30424618,8192,8000.0
1768055706.03774,6622272,30424618,8192,165.51975257845766
1768055706.0378551,6630464,30424618,8192,8000.0
1768055706.0500019,6638656,30424618,8192,659.1088854443345
1768055706.0513217,6646848,30424618,8192,6109.201631503523
1768055706.0641463,6655040,30424618,8192,624.3074081106436
1768055706.064165,6663232,30424618,8192,8000.0
1768055706.075208,6671424,30424618,8192,724.8609182142228
1768055706.0752344,6679616,30424618,8192,8000.0
1768055706.0875576,6687808,30424618,8192,649.5826459838935
1768055706.0875804,6696000,30424618,8192,8000.0
1768055706.106028,6704192,30424618,8192,433.82771574035587
1768055706.106049,6712384,30424618,8192,8000.0
1768055706.116501,6720576,30424618,8192,765.843382877232
1768055706.1165276,6728768,30424618,8192,8000.0
1768055706.1301434,6736960,30424618,8192,587.8808361262163
1768055706.1301672,6745152,30424618,8192,8000.0
1768055706.1414042,6753344,30424618,8192,712.4029387508465
1768055706.1414285,6761536,30424618,8192,8000.0
1768055706.1567857,6769728,30424618,8192,521.2405529815778
1768055706.1568165,6777920,30424618,8192,8000.0
1768055706.1662867,6786112,30424618,8192,845.6838437332215
1768055706.166318,6794304,30424618,8192,8000.0
1768055706.1801503,6802496,30424618,8192,578.7539421680268
1768055706.1801805,6810688,30424618,8192,8000.0
1768055706.1896863,6818880,30424618,8192,842.5398357633126
1768055706.1897328,6827072,30424618,8192,8000.0
1768055706.2008033,6835264,30424618,8192,723.2815324178946
1768055706.2008305,6843456,30424618,8192,8000.0
1768055706.2126157,6851648,30424618,8192,679.3420555309219
1768055706.2126498,6859840,30424618,8192,8000.0
1768055706.2239952,6868032,30424618,8192,705.7100804869913
1768055706.224016,6876224,30424618,8192,8000.0
1768055706.2417352,6884416,30424618,8192,451.8497627813422
1768055706.241893,6892608,30424618,8192,8000.0
1768055706.2555702,6900800,30424618,8192,585.4286810816685
1768055706.2561402,6908992,30424618,8192,8000.0
1768055706.2791412,6917184,30424618,8192,348.0091707596923
1768055706.279165,6925376,30424618,8192,8000.0
1768055706.2910495,6933568,30424618,8192,673.7125728321238
1768055706.2910917,6941760,30424618,8192,8000.0
1768055706.3021755,6949952,30424618,8192,722.3998095843884
1768055706.3022017,6958144,30424618,8192,8000.0
1768055706.3128166,6966336,30424618,8192,754.7739429446084
1768055706.3128462,6974528,30424618,8192,8000.0
1768055706.3237374,6982720,30424618,8192,735.2130223308641
1768055706.3237672,6990912,30424618,8192,8000.0
1768055706.34488,6999104,30424618,8192,379.09840861142936
1768055706.344907,7007296,30424618,8192,8000.0
1768055706.3597827,7015488,30424618,8192,538.173304009139
1768055706.3598118,7023680,30424618,8192,8000.0
1768055706.3717074,7031872,30424618,8192,673.1343636964824
1768055706.3717418,7040064,30424618,8192,8000.0
1768055706.3821025,7048256,30424618,8192,772.9020538825032
1768055706.3821325,7056448,30424618,8192,8000.0
1768055706.3934817,7064640,30424618,8192,705.3616240241594
1768055706.3935027,7072832,30424618,8192,8000.0
1768055706.4044142,7081024,30424618,8192,733.8574295952303
1768055706.404463,7089216,30424618,8192,8000.0
1768055706.4179819,7097408,30424618,8192,592.2109476973526
1768055706.4180098,7105600,30424618,8192,8000.0
1768055706.4303977,7113792,30424618,8192,646.2975252936369
1768055706.4304233,7121984,30424618,8192,8000.0
1768055706.4381526,7130176,30424618,8192,1036.2828542921527
1768055706.4381785,7138368,30424618,8192,8000.0
1768055706.4528606,7146560,30424618,8192,545.2637046593154
1768055706.4529982,7154752,30424618,8192,8000.0
1768055706.4668787,7162944,30424618,8192,576.7677921482253
1768055706.4675498,7171136,30424618,8192,8000.0
1768055706.485763,7179328,30424618,8192,439.565268788149
1768055706.4857907,7187520,30424618,8192,8000.0
1768055706.4963458,7195712,30424618,8192,758.696553547189
1768055706.496377,7203904,30424618,8192,8000.0
1768055706.506901,7212096,30424618,8192,760.948144355354
1768055706.5069325,7220288,30424618,8192,8000.0
1768055706.519776,7228480,30424618,8192,623.4365362357102
1768055706.519813,7236672,30424618,8192,8000.0
1768055706.5336995,7244864,30424618,8192,576.5682678639779
1768055706.5337555,7253056,30424618,8192,8000.0
1768055706.5447767,7261248,30424618,8192,726.5527779748712
1768055706.5448086,7269440,30424618,8192,8000.0
1768055706.5558414,7277632,30424618,8192,725.7947456052619
1768055706.5558734,7285824,30424618,8192,8000.0
1768055706.56899,7294016,30424618,8192,610.4493660729984
1768055706.5690277,7302208,30424618,8192,8000.0
1768055706.579975,7310400,30424618,8192,731.4352557734784
1768055706.5800025,7318592,30424618,8192,8000.0
1768055706.5911207,7326784,30424618,8192,720.2146198895866
1768055706.5911498,7334976,30424618,8192,8000.0
1768055706.6031654,7343168,30424618,8192,666.4833830131683
1768055706.6032212,7351360,30424618,8192,8000.0
1768055706.6133165,7359552,30424618,8192,793.2966378050099
1768055706.613341,7367744,30424618,8192,8000.0
1768055706.6235623,7375936,30424618,8192,783.3997507100868
1768055706.6235805,7384128,30424618,8192,8000.0
1768055706.6457212,7392320,30424618,8192,361.4675590284385
1768055706.6457422,7400512,30424618,8192,8000.0
1768055706.6604137,7408704,30424618,8192,545.9521044298019
1768055706.660684,7416896,30424618,8192,8000.0
1768055706.6729856,7425088,30424618,8192,651.0204760761795
1768055706.6730747,7433280,30424618,8192,8000.0
1768055706.684396,7441472,30424618,8192,707.6514784575894
1768055706.6844597,7449664,30424618,8192,8000.0
1768055706.695428,7457856,30424618,8192,730.7003754331389
1768055706.6954823,7466048,30424618,8192,8000.0
1768055706.705361,7474240,30424618,8192,810.7423415618133
1768055706.705387,7482432,30424618,8192,8000.0
1768055706.716978,7490624,30424618,8192,690.7389211347858
1768055706.7170012,7498816,30424618,8192,8000.0
1768055706.7277155,7507008,30424618,8192,747.2724536529875
1768055706.7277386,7515200,30424618,8192,8000.0
1768055706.7389653,7523392,30424618,8192,713.5084969468778
1768055706.7390308,7531584,30424618,8192,8000.0
1768055706.7558577,7539776,30424618,8192,475.8675640790296
1768055706.7559135,7547968,30424618,8192,8000.0
1768055706.7758985,7556160,30424618,8192,400.54072906568314
1768055706.7759378,7564352,30424618,8192,8000.0
1768055706.7910702,7572544,30424618,8192,529.1180266494572
1768055706.7911227,7580736,30424618,8192,8000.0
1768055706.8017514,7588928,30424618,8192,753.5653026767651
1768055706.8017833,7597120,30424618,8192,8000.0
1768055706.826124,7605312,30424618,8192,328.83514219400155
1768055706.826179,7613504,30424618,8192,8000.0
1768055706.835486,7621696,30424618,8192,860.6592652078098
1768055706.8355212,7629888,30424618,8192,8000.0
1768055706.8458438,7638080,30424618,8192,775.6673110480867
1768055706.8458624,7646272,30424618,8192,8000.0
1768055706.8560104,7654464,30424618,8192,788.900181038587
1768055706.85603,7662656,30424618,8192,8000.0
1768055706.8712184,7670848,30424618,8192,527.0682496301367
1768055706.8713517,7679040,30424618,8192,8000.0
1768055706.8823392,7687232,30424618,8192,728.8098460075217
1768055706.882436,7695424,30424618,8192,8000.0
1768055706.897525,7703616,30424618,8192,530.5567560462931
1768055706.8975573,7711808,30424618,8192,8000.0
1768055706.910608,7720000,30424618,8192,613.4640013512022
1768055706.9106374,7728192,30424618,8192,8000.0
1768055706.9235163,7736384,30424618,8192,621.6585866658103
1768055706.9235556,7744576,30424618,8192,8000.0
1768055706.9352663,7752768,30424618,8192,683.6262928016787
1768055706.9352884,7760960,30424618,8192,8000.0
1768055706.9528244,7769152,30424618,8192,456.47249673810984
1768055706.9528527,7777344,30424618,8192,8000.0
1768055706.9618244,7785536,30424618,8192,892.5782093970653
1768055706.961853,7793728,30424618,8192,8000.0
1768055706.9735277,7801920,30424618,8192,685.782863884178
1768055706.9735522,7810112,30424618,8192,8000.0
1768055706.9848535,7818304,30424618,8192,708.4912710519882
1768055706.9849129,7826496,30424618,8192,8000.0
1768055706.9969687,7834688,30424618,8192,664.1539517490027
1768055706.996998,7842880,30424618,8192,8000.0
1768055707.0199394,7851072,30424618,8192,348.8711838934776
1768055707.0199697,7859264,30424618,8192,8000.0
1768055707.032569,7867456,30424618,8192,635.5511459841116
1768055707.0326195,7875648,30424618,8192,8000.0
1768055707.0494628,7883840,30424618,8192,475.44052671794776
1768055707.049493,7892032,30424618,8192,8000.0
1768055707.0586987,7900224,30424618,8192,869.820495453375
1768055707.0587177,7908416,30424618,8192,8000.0
1768055707.0748932,7916608,30424618,8192,494.83821724562625
1768055707.0749142,7924800,30424618,8192,8000.0
1768055707.1000276,7932992,30424618,8192,318.6692372229241
1768055707.1001189,7941184,30424618,8192,8000.0
1768055707.1186733,7949376,30424618,8192,431.40638501503787
1768055707.118796,7957568,30424618,8192,8000.0
1768055707.1322427,7965760,30424618,8192,595.4285979670846
1768055707.1322768,7973952,30424618,8192,8000.0
1768055707.1445255,7982144,30424618,8192,653.7282915011108
1768055707.1445606,7990336,30424618,8192,8000.0
1768055707.1559098,7998528,30424618,8192,705.616704875712
1768055707.1559477,8006720,30424618,8192,8000.0
1768055707.1679769,8014912,30424618,8192,665.6792420684276
1768055707.1680176,8023104,30424618,8192,8000.0
1768055707.1782935,8031296,30424618,8192,779.2637862474952
1768055707.1783223,8039488,30424618,8192,8000.0
1768055707.1965048,8047680,30424618,8192,440.26922319471504
1768055707.1965451,8055872,30424618,8192,8000.0
1768055707.2078938,8064064,30424618,8192,705.5669185162056
1768055707.207935,8072256,30424618,8192,8000.0
1768055707.217023,8080448,30424618,8192,881.4164287217528
1768055707.2170575,8088640,30424618,8192,8000.0
1768055707.2357733,8096832,30424618,8192,427.6954181727636
1768055707.2358146,8105024,30424618,8192,8000.0
1768055707.2469707,8113216,30424618,8192,717.8686486343626
1768055707.2470012,8121408,30424618,8192,8000.0
1768055707.2584178,8129600,30424618,8192,701.2991557200097
1768055707.2584512,8137792,30424618,8192,8000.0
1768055707.2812881,8145984,30424618,8192,350.4452842888155
1768055707.281308,8154176,30424618,8192,8000.0
1768055707.292803,8162368,30424618,8192,696.312153359907
1768055707.2928214,8170560,30424618,8192,8000.0
1768055707.3049674,8178752,30424618,8192,659.4946594825219
1768055707.3050075,8186944,30424618,8192,8000.0
1768055707.327342,8195136,30424618,8192,358.4229392427809
1768055707.327397,8203328,30424618,8192,8000.0
1768055707.338153,8211520,30424618,8192,744.5947017414471
1768055707.3381858,8219712,30424618,8192,8000.0
1768055707.3489053,8227904,30424618,8192,747.0142815825683
1768055707.3489354,8236096,30424618,8192,8000.0
1768055707.3597887,8244288,30424618,8192,737.8508236376219
1768055707.3598204,8252480,30424618,8192,8000.0
1768055707.37136,8260672,30424618,8192,694.1431682398072
1768055707.3714232,8268864,30424618,8192,8000.0
1768055707.3899198,8277056,30424618,8192,432.8770093509138
1768055707.389963,8285248,30424618,8192,8000.0
1768055707.401056,8293440,30424618,8192,722.1585274251614
1768055707.4011374,8301632,30424618,8192,8000.0
1768055707.411922,8309824,30424618,8192,742.8454663197117
1768055707.4119797,8318016,30424618,8192,8000.0
1768055707.4221787,8326208,30424618,8192,785.3762910921101
1768055707.422215,8334400,30424618,8192,8000.0
1768055707.433755,8342592,30424618,8192,693.9504863769575
1768055707.433797,8350784,30424618,8192,8000.0
1768055707.4448962,8358976,30424618,8192,721.5983392191158
1768055707.444935,8367168,30424618,8192,8000.0
1768055707.455168,8375360,30424618,8192,782.7558923446392
1768055707.4552062,8383552,30424618,8192,8000.0
1768055707.4663582,8391744,30424618,8192,718.4424218640087
1768055707.4664185,8399936,30424618,8192,8000.0
1768055707.476841,8408128,30424618,8192,768.4327817754714
1768055707.476878,8416320,30424618,8192,8000.0
1768055707.5000186,8424512,30424618,8192,345.94594497067635
1768055707.500079,8432704,30424618,8192,8000.0
1768055707.5152583,8440896,30424618,8192,527.6557586931373
1768055707.5153272,8449088,30424618,8192,8000.0
1768055707.52827,8457280,30424618,8192,621.2192963934591
1768055707.528395,8465472,30424618,8192,8000.0
1768055707.5415215,8473664,30424618,8192,609.988558242452
1768055707.5415444,8481856,30424618,8192,8000.0
1768055707.559176,8490048,30424618,8192,454.0423978399469
1768055707.5592244,8498240,30424618,8192,8000.0
1768055707.570159,8506432,30424618,8192,732.8221895471183
1768055707.570225,8514624,30424618,8192,8000.0
1768055707.5797393,8522816,30424618,8192,842.0432238340826
1768055707.5798607,8531008,30424618,8192,8000.0
1768055707.5951092,8539200,30424618,8192,525.0342887820443
1768055707.5951457,8547392,30424618,8192,8000.0
1768055707.6175776,8555584,30424618,8192,356.88316238697035
1768055707.6176353,8563776,30424618,8192,8000.0
1768055707.6278179,8571968,30424618,8192,786.9987721717864
1768055707.6278684,8580160,30424618,8192,8000.0
1768055707.6385908,8588352,30424618,8192,747.0142734621583
1768055707.6386306,8596544,30424618,8192,8000.0
1768055707.6509616,8604736,30424618,8192,649.6090134655369
1768055707.6510158,8612928,30424618,8192,8000.0
1768055707.663528,8621120,30424618,8192,640.297096537104
1768055707.6635938,8629312,30424618,8192,8000.0
1768055707.6741066,8637504,30424618,8192,762.1515490892552
1768055707.6741593,8645696,30424618,8192,8000.0
1768055707.6908765,8653888,30424618,8192,478.9730801418117
1768055707.690941,8662080,30424618,8192,8000.0
1768055707.7031882,8670272,30424618,8192,653.9955031375987
1768055707.7032356,8678464,30424618,8192,8000.0
1768055707.7143207,8686656,30424618,8192,722.5107306172036
1768055707.714354,8694848,30424618,8192,8000.0
1768055707.7243495,8703040,30424618,8192,801.3141551462595
1768055707.72437,8711232,30424618,8192,8000.0
1768055707.7357216,8719424,30424618,8192,705.4051613570649
1768055707.7357635,8727616,30424618,8192,8000.0
1768055707.746409,8735808,30424618,8192,752.247333976069
1768055707.7464435,8744000,30424618,8192,8000.0
1768055707.758462,8752192,30424618,8192,666.5555803629757
1768055707.758534,8760384,30424618,8192,8000.0
1768055707.772769,8768576,30424618,8192,562.7422436564884
1768055707.7728264,8776768,30424618,8192,8000.0
1768055707.783483,8784960,30424618,8192,751.7101397631438
1768055707.783632,8793152,30424618,8192,8000.0
1768055707.8020554,8801344,30424618,8192,434.4897994776371
1768055707.8020887,8809536,30424618,8192,8000.0
1768055707.813806,8817728,30424618,8192,683.4569277529804
1768055707.8138535,8825920,30424618,8192,8000.0
1768055707.8245544,8834112,30424618,8192,748.2089718712767
1768055707.8245766,8842304,30424618,8192,8000.0
1768055707.8358715,8850496,30424618,8192,709.0815625007739
1768055707.835919,8858688,30424618,8192,8000.0
1768055707.8455985,8866880,30424618,8192,827.5576674439972
1768055707.8456476,8875072,30424618,8192,8000.0
1768055707.8563042,8883264,30424618,8192,751.6536367668707
1768055707.8563607,8891456,30424618,8192,8000.0
1768055707.8667414,8899648,30424618,8192,771.6495929584777
1768055707.866787,8907840,30424618,8192,8000.0
1768055707.8775952,8916032,30424618,8192,740.8985226411935
1768055707.877619,8924224,30424618,8192,8000.0
1768055707.8949893,8932416,30424618,8192,460.98085166753515
1768055707.8950243,8940608,30424618,8192,8000.0
1768055707.905558,8948800,30424618,8192,760.0805649060875
1768055707.9055772,8956992,30424618,8192,8000.0
1768055707.9158108,8965184,30424618,8192,782.3731349417903
1768055707.915831,8973376,30424618,8192,8000.0
1768055707.9307175,8981568,30424618,8192,537.7355950378802
1768055707.93075,8989760,30424618,8192,8000.0
1768055707.9377656,8997952,30424618,8192,1142.122918125667
1768055707.937796,9006144,30424618,8192,8000.0
1768055707.9517837,9014336,30424618,8192,572.3361365385878
1768055707.9518383,9022528,30424618,8192,8000.0
1768055707.9620423,9030720,30424618,8192,784.960166749106
1768055707.9620636,9038912,30424618,8192,8000.0
1768055707.9728918,9047104,30424618,8192,739.3920293706999
1768055707.9729674,9055296,30424618,8192,8000.0
1768055707.9841583,9063488,30424618,8192,719.6380211621686
1768055707.9842186,9071680,30424618,8192,8000.0
1768055707.997619,9079872,30424618,8192,597.6571811087858
1768055707.9976826,9088064,30424618,8192,8000.0
1768055708.008612,9096256,30424618,8192,732.7416435334679
1768055708.0086353,9104448,30424618,8192,8000.0
1768055708.0208864,9112640,30424618,8192,653.7817163584671
1768055708.0209496,9120832,30424618,8192,8000.0
1768055708.0321856,9129024,30424618,8192,712.7647316844569
1768055708.0322182,9137216,30424618,8192,8000.0
1768055708.0436957,9145408,30424618,8192,697.788012783915
1768055708.0437336,9153600,30424618,8192,8000.0
1768055708.0548031,9161792,30424618,8192,723.5431895083753
1768055708.054859,9169984,30424618,8192,8000.0
1768055708.0658312,9178176,30424618,8192,730.246826858381
1768055708.065902,9186368,30424618,8192,8000.0
1768055708.0779717,9194560,30424618,8192,663.7021279078091
1768055708.0780225,9202752,30424618,8192,8000.0
1768055708.0889733,9210944,30424618,8192,731.4419511400932
1768055708.0890117,9219136,30424618,8192,8000.0
1768055708.099761,9227328,30424618,8192,745.1078987882915
1768055708.0997977,9235520,30424618,8192,8000.0
1768055708.1297438,9243712,30424618,8192,267.27248347418356
1768055708.129807,9251904,30424618,8192,8000.0
1768055708.138931,9260096,30424618,8192,878.2522689708951
1768055708.1389883,9268288,30424618,8192,8000.0
1768055708.1499062,9276480,30424618,8192,733.8035784643924
1768055708.149964,9284672,30424618,8192,8000.0
1768055708.161189,9292864,30424618,8192,713.4321403813422
1768055708.1612175,9301056,30424618,8192,8000.0
1768055708.1817377,9309248,30424618,8192,390.070748065349
1768055708.1818373,9317440,30424618,8192,8000.0
1768055708.1926537,9325632,30424618,8192,740.3294402323463
1768055708.1926842,9333824,30424618,8192,8000.0
1768055708.2022054,9342016,30424618,8192,841.2551526474729
1768055708.2022505,9350208,30424618,8192,8000.0
1768055708.218014,9358400,30424618,8192,507.820433150185
1768055708.2180355,9366592,30424618,8192,8000.0
1768055708.2316382,9374784,30424618,8192,588.4905943637552
1768055708.2316608,9382976,30424618,8192,8000.0
1768055708.2434573,9391168,30424618,8192,678.6217188274019
1768055708.2434766,9399360,30424618,8192,8000.0
1768055708.2561398,9407552,30424618,8192,632.4210694487368
1768055708.2562962,9415744,30424618,8192,8000.0
1768055708.2667003,9423936,30424618,8192,770.4234509804985
1768055708.266736,9432128,30424618,8192,8000.0
1768055708.2780416,9440320,30424618,8192,708.3156273108755
1768055708.2780857,9448512,30424618,8192,8000.0
1768055708.2912993,9456704,30424618,8192,605.9412563695078
1768055708.2913315,9464896,30424618,8192,8000.0
1768055708.3026607,9473088,30424618,8192,706.794954795017
1768055708.302691,9481280,30424618,8192,8000.0
1768055708.313076,9489472,30424618,8192,771.0769086178262
1768055708.313111,9497664,30424618,8192,8000.0
1768055708.3222752,9505856,30424618,8192,874.0781246597531
1768055708.322331,9514048,30424618,8192,8000.0
1768055708.3308713,9522240,30424618,8192,937.9433262538
1768055708.3309083,9530432,30424618,8192,8000.0
1768055708.3383174,9538624,30424618,8192,1081.2856498675367
1768055708.338344,9546816,30424618,8192,8000.0
1768055708.3482232,9555008,30424618,8192,810.7505579969495
1768055708.3482583,9563200,30424618,8192,8000.0
1768055708.3581219,9571392,30424618,8192,811.9189659003725
1768055708.3582134,9579584,30424618,8192,8000.0
1768055708.371211,9587776,30424618,8192,615.9863896089619
1768055708.371243,9595968,30424618,8192,8000.0
1768055708.381814,9604160,30424618,8192,757.4681642811051
1768055708.3818357,9612352,30424618,8192,8000.0
1768055708.3858225,9620544,30424618,8192,2009.8987899451415
1768055708.385841,9628736,30424618,8192,8000.0
1768055708.3941429,9636928,30424618,8192,964.5294368779662
1768055708.3941662,9645120,30424618,8192,8000.0
1768055708.405319,9653312,30424618,8192,718.2231118557611
1768055708.4053872,9661504,30424618,8192,8000.0
1768055708.41568,9669696,30424618,8192,778.4524349253214
1768055708.415737,9677888,30424618,8192,8000.0
1768055708.4271417,9686080,30424618,8192,702.543207743271
1768055708.4272184,9694272,30424618,8192,8000.0
1768055708.4413505,9702464,30424618,8192,566.5240884504834
1768055708.4413736,9710656,30424618,8192,8000.0
1768055708.4507554,9718848,30424618,8192,853.4516880134915
1768055708.450776,9727040,30424618,8192,8000.0
1768055708.4657674,9735232,30424618,8192,533.9990525796239
1768055708.465801,9743424,30424618,8192,8000.0
1768055708.470266,9751616,30424618,8192,1794.647484127682
1768055708.4702923,9759808,30424618,8192,8000.0
1768055708.4864087,9768000,30424618,8192,496.65071325027577
1768055708.4864438,9776192,30424618,8192,8000.0
1768055708.4908524,9784384,30424618,8192,1817.6034952421644
1768055708.4908736,9792576,30424618,8192,8000.0
1768055708.4991553,9800768,30424618,8192,967.0010862381147
1768055708.4991834,9808960,30424618,8192,8000.0
1768055708.5095222,9817152,30424618,8192,774.825903411939
1768055708.5095801,9825344,30424618,8192,8000.0
1768055708.517748,9833536,30424618,8192,981.5950909701463
1768055708.5181468,9841728,30424618,8192,8000.0
1768055708.5296926,9849920,30424618,8192,694.1010029290437
1768055708.5297337,9858112,30424618,8192,8000.0
1768055708.5360582,9866304,30424618,8192,1266.804958185532
1768055708.5360813,9874496,30424618,8192,8000.0
1768055708.5463533,9882688,30424618,8192,779.8715165057567
1768055708.5464082,9890880,30424618,8192,8000.0
1768055708.5554235,9899072,30424618,8192,888.9876583201146
1768055708.5554867,9907264,30424618,8192,8000.0
1768055708.5648918,9915456,30424618,8192,852.1063099498305
1768055708.5649505,9923648,30424618,8192,8000.0
1768055708.5724232,9931840,30424618,8192,1072.946988224083
1768055708.5724823,9940032,30424618,8192,8000.0
1768055708.5821345,9948224,30424618,8192,830.3406454454212
1768055708.5821984,9956416,30424618,8192,8000.0
1768055708.593142,9964608,30424618,8192,732.4129309894435
1768055708.5932257,9972800,30424618,8192,8000.0
1768055708.6008997,9980992,30424618,8192,1045.0139814415843
1768055708.600961,9989184,30424618,8192,8000.0
1768055708.6239655,9997376,30424618,8192,347.98192284962255
1768055708.6240177,10005568,30424618,8192,8000.0
1768055708.6407082,10013760,30424618,8192,479.71121455385656
1768055708.640748,10021952,30424618,8192,8000.0
1768055708.6459816,10030144,30424618,8192,1532.6845172838928
1768055708.6460376,10038336,30424618,8192,8000.0
1768055708.6511161,10046528,30424618,8192,1578.6565827907848
1768055708.6511471,10054720,30424618,8192,8000.0
1768055708.663318,10062912,30424618,8192,657.8135954774933
1768055708.6633413,10071104,30424618,8192,8000.0
1768055708.6687903,10079296,30424618,8192,1470.5882409738963
1768055708.668821,10087488,30424618,8192,8000.0
1768055708.6816087,10095680,30424618,8192,626.0809691938395
1768055708.6816964,10103872,30424618,8192,8000.0
1768055708.686674,10112064,30424618,8192,1612.7731842780358
1768055708.6866949,10120256,30424618,8192,8000.0
1768055708.6979983,10128448,30424618,8192,708.4222577659372
1768055708.6980364,10136640,30424618,8192,8000.0
1768055708.703502,10144832,30424618,8192,1466.0338310789336
1768055708.7035286,10153024,30424618,8192,8000.0
1768055708.7146926,10161216,30424618,8192,717.7398369218336
1768055708.71477,10169408,30424618,8192,8000.0
1768055708.7211277,10177600,30424618,8192,1262.0685162233053
1768055708.721195,10185792,30424618,8192,8000.0
1768055708.7365072,10193984,30424618,8192,522.9544326821248
1768055708.736554,10202176,30424618,8192,8000.0
1768055708.7565546,10210368,30424618,8192,400.24014321204584
1768055708.7565935,10218560,30424618,8192,8000.0
1768055708.767414,10226752,30424618,8192,740.0555036807972
1768055708.767452,10234944,30424618,8192,8000.0
1768055708.7776756,10243136,30424618,8192,783.323052170385
1768055708.777705,10251328,30424618,8192,8000.0
1768055708.7861576,10259520,30424618,8192,947.7213208649292
1768055708.786191,10267712,30424618,8192,8000.0
1768055708.7941043,10275904,30424618,8192,1012.2610126057506
1768055708.7941334,10284096,30424618,8192,8000.0
1768055708.8046656,10292288,30424618,8192,760.2828231153583
1768055708.8047063,10300480,30424618,8192,8000.0
1768055708.815756,10308672,30424618,8192,724.6967593522423
1768055708.8157861,10316864,30424618,8192,8000.0
1768055708.8227322,10325056,30424618,8192,1153.469065090426
1768055708.8227587,10333248,30424618,8192,8000.0
1768055708.8317943,10341440,30424618,8192,886.2792841279933
1768055708.831822,10349632,30424618,8192,8000.0
1768055708.8391218,10357824,30424618,8192,1097.6496627001684
1768055708.8392806,10366016,30424618,8192,8000.0
1768055708.8485687,10374208,30424618,8192,862.6173903358224
1768055708.8486145,10382400,30424618,8192,8000.0
1768055708.8967361,10390592,30424618,8192,166.2755726761123
1768055708.8967578,10398784,30424618,8192,8000.0
1768055708.9059215,10406976,30424618,8192,873.9730847561311
1768055708.9059699,10415168,30424618,8192,8000.0
1768055708.925888,10423360,30424618,8192,401.8141904767312
1768055708.9259129,10431552,30424618,8192,8000.0
1768055708.9410949,10439744,30424618,8192,527.3496713624218
1768055708.9411325,10447936,30424618,8192,8000.0
1768055708.945427,10456128,30424618,8192,1866.542213346965
1768055708.9454486,10464320,30424618,8192,8000.0
1768055708.954433,10472512,30424618,8192,891.712647823064
1768055708.9544704,10480704,30424618,8192,8000.0
1768055708.9631772,10488896,30424618,8192,920.0901724155268
1768055708.9632218,10497088,30424618,8192,8000.0
1768055708.9807036,10505280,30424618,8192,457.9252530621036
1768055708.9807425,10513472,30424618,8192,8000.0
1768055708.9914978,10521664,30424618,8192,744.6778748547815
1768055708.9915395,10529856,30424618,8192,8000.0
1768055709.0026464,10538048,30424618,8192,720.8895788071956
1768055709.0026665,10546240,30424618,8192,8000.0
1768055709.0176141,10554432,30424618,8192,535.4788218500369
1768055709.017649,10562624,30424618,8192,8000.0
1768055709.0317385,10570816,30424618,8192,568.2383198414431
1768055709.0317786,10579008,30424618,8192,8000.0
1768055709.0440297,10587200,30424618,8192,653.7336335939301
1768055709.0441186,10595392,30424618,8192,8000.0
1768055709.0507104,10603584,30424618,8192,1215.6207166556167
1768055709.0507429,10611776,30424618,8192,8000.0
1768055709.0622277,10619968,30424618,8192,697.1981383612822
1768055709.0623527,10628160,30424618,8192,8000.0
1768055709.0713227,10636352,30424618,8192,893.0863844383035
1768055709.0713558,10644544,30424618,8192,8000.0
1768055709.081003,10652736,30424618,8192,830.1252517302722
1768055709.0810354,10660928,30424618,8192,8000.0
1768055709.0930455,10669120,30424618,8192,666.6611117877156
1768055709.0930943,10677312,30424618,8192,8000.0
1768055709.107882,10685504,30424618,8192,541.3855429610504
1768055709.1079137,10693696,30424618,8192,8000.0
1768055709.1300316,10701888,30424618,8192,361.87796576377724
1768055709.1300645,10710080,30424618,8192,8000.0
1768055709.14146,10718272,30424618,8192,702.543207743271
1768055709.1414838,10726464,30424618,8192,8000.0
1768055709.1469998,10734656,30424618,8192,1452.5910523007362
1768055709.1470218,10742848,30424618,8192,8000.0
1768055709.152129,10751040,30424618,8192,1568.0432885467826
1768055709.1521492,10759232,30424618,8192,8000.0
1768055709.1614554,10767424,30424618,8192,860.6500060572838
1768055709.1614895,10775616,30424618,8192,8000.0
1768055709.1761541,10783808,30424618,8192,545.9930915775316
1768055709.1761835,10792000,30424618,8192,8000.0
1768055709.1938164,10800192,30424618,8192,454.09909483788414
1768055709.1938674,10808384,30424618,8192,8000.0
1768055709.2046306,10816576,30424618,8192,744.6848067863062
1768055709.204736,10824768,30424618,8192,8000.0
1768055709.215992,10832960,30424618,8192,711.6614606453187
1768055709.2160454,10841152,30424618,8192,8000.0
1768055709.2262866,10849344,30424618,8192,782.5185386509881
1768055709.2263658,10857536,30424618,8192,8000.0
1768055709.231866,10865728,30424618,8192,1459.1351096782375
1768055709.2319112,10873920,30424618,8192,8000.0
1768055709.2458308,10882112,30424618,8192,575.2871062904348
1768055709.2460108,10890304,30424618,8192,8000.0
1768055709.2614794,10898496,30424618,8192,517.8228158991141
1768055709.261559,10906688,30424618,8192,8000.0
1768055709.2691877,10914880,30424618,8192,1051.1792951835048
1768055709.2692368,10923072,30424618,8192,8000.0
1768055709.2728572,10931264,30424618,8192,2218.2786238562317
1768055709.272904,10939456,30424618,8192,8000.0
1768055709.2826717,10947648,30424618,8192,820.3529583063774
1768055709.2827356,10955840,30424618,8192,8000.0
1768055709.2988644,10964032,30424618,8192,496.4596223504327
1768055709.2989066,10972224,30424618,8192,8000.0
1768055709.305822,10980416,30424618,8192,1158.9835814693574
1768055709.3058608,10988608,30424618,8192,8000.0
1768055709.328153,10996800,30424618,8192,359.1357398252051
1768055709.328217,11004992,30424618,8192,8000.0
1768055709.3311522,11013184,30424618,8192,2733.267339962936
1768055709.3311753,11021376,30424618,8192,8000.0
1768055709.34533,11029568,30424618,8192,565.7788613429292
1768055709.345386,11037760,30424618,8192,8000.0
1768055709.3518772,11045952,30424618,8192,1235.635746193019
1768055709.3519306,11054144,30424618,8192,8000.0
1768055709.3620203,11062336,30424618,8192,794.0289026641525
1768055709.3620675,11070528,30424618,8192,8000.0
1768055709.3710651,11078720,30424618,8192,890.422398067012
1768055709.3711257,11086912,30424618,8192,8000.0
1768055709.380035,11095104,30424618,8192,899.1794994724738
1768055709.3800821,11103296,30424618,8192,8000.0
1768055709.3885741,11111488,30424618,8192,943.3183490172413
1768055709.388616,11119680,30424618,8192,8000.0
1768055709.396153,11127872,30424618,8192,1063.0946651548084
1768055709.396187,11136064,30424618,8192,8000.0
1768055709.4067044,11144256,30424618,8192,761.5493713158162
1768055709.4068596,11152448,30424618,8192,8000.0
1768055709.4171612,11160640,30424618,8192,777.3103104753949
1768055709.417184,11168832,30424618,8192,8000.0
1768055709.4269476,11177024,30424618,8192,820.2015648280759
1768055709.4269931,11185216,30424618,8192,8000.0
1768055709.437109,11193408,30424618,8192,791.5932791329711
1768055709.4371328,11201600,30424618,8192,8000.0
1768055709.4464276,11209792,30424618,8192,861.7810840169968
1768055709.4464684,11217984,30424618,8192,8000.0
1768055709.4543347,11226176,30424618,8192,1017.9023567951788
1768055709.4543543,11234368,30424618,8192,8000.0
1768055709.4645908,11242560,30424618,8192,782.105427407994
1768055709.4646127,11250752,30424618,8192,8000.0
1768055709.477451,11258944,30424618,8192,623.7962690562724
1768055709.4775114,11267136,30424618,8192,8000.0
1768055709.4884458,11275328,30424618,8192,732.372708545596
1768055709.4884894,11283520,30424618,8192,8000.0
1768055709.4968917,11291712,30424618,8192,953.3570101553133
1768055709.4969206,11299904,30424618,8192,8000.0
1768055709.5066755,11308096,30424618,8192,820.8327301086568
1768055709.5066965,11316288,30424618,8192,8000.0
1768055709.518111,11324480,30424618,8192,701.4774873468963
1768055709.518144,11332672,30424618,8192,8000.0
1768055709.5255744,11340864,30424618,8192,1078.3996511432167
1768055709.5256398,11349056,30424618,8192,8000.0
1768055709.5413282,11357248,30424618,8192,510.3017181585714
1768055709.5413609,11365440,30424618,8192,8000.0
1768055709.5609043,11373632,30424618,8192,409.58637008247274
1768055709.5609357,11381824,30424618,8192,8000.0
1768055709.5651276,11390016,30424618,8192,1913.5551222239735
1768055709.5651817,11398208,30424618,8192,8000.0
1768055709.5754902,11406400,30424618,8192,777.0158667916007
1768055709.5756764,11414592,30424618,8192,8000.0
1768055709.589597,11422784,30424618,8192,575.5023093169082
1768055709.5896401,11430976,30424618,8192,8000.0
1768055709.5985963,11439168,30424618,8192,894.4743845355656
1768055709.5986304,11447360,30424618,8192,8000.0
1768055709.6083179,11455552,30424618,8192,826.7195773149838
1768055709.6083486,11463744,30424618,8192,8000.0
1768055709.6173024,11471936,30424618,8192,894.5443979355341
1768055709.617335,11480128,30424618,8192,8000.0
1768055709.6264853,11488320,30424618,8192,875.2926780394782
1768055709.6265087,11496512,30424618,8192,8000.0
1768055709.6372356,11504704,30424618,8192,746.4288044984887
1768055709.6372604,11512896,30424618,8192,8000.0
1768055709.6476357,11521088,30424618,8192,771.9399829167662
1768055709.6476705,11529280,30424618,8192,8000.0
1768055709.656508,11537472,30424618,8192,906.2999129618386
1768055709.6565404,11545664,30424618,8192,8000.0
1768055709.6665325,11553856,30424618,8192,801.3302081994639
1768055709.6665535,11562048,30424618,8192,8000.0
1768055709.6746714,11570240,30424618,8192,986.777181804368
1768055709.6747057,11578432,30424618,8192,8000.0
1768055709.6867764,11586624,30424618,8192,663.5810178577944
1768055709.6868267,11594816,30424618,8192,8000.0
1768055709.6973026,11603008,30424618,8192,765.0597228848418
1768055709.6973972,11611200,30424618,8192,8000.0
1768055709.7052221,11619392,30424618,8192,1024.0393234094445
1768055709.7052739,11627584,30424618,8192,8000.0
1768055709.714365,11635776,30424618,8192,880.9311443360907
1768055709.7143888,11643968,30424618,8192,8000.0
1768055709.7237296,11652160,30424618,8192,857.3204412249715
1768055709.7237518,11660352,30424618,8192,8000.0
1768055709.7361975,11668544,30424618,8192,643.6611448949405
1768055709.7365563,11676736,30424618,8192,8000.0
1768055709.7443492,11684928,30424618,8192,1029.4022983798309
1768055709.74442,11693120,30424618,8192,8000.0
1768055709.7540047,11701312,30424618,8192,835.5876769966493
1768055709.754028,11709504,30424618,8192,8000.0
1768055709.7663631,11717696,30424618,8192,649.1293546312861
1768055709.7664013,11725888,30424618,8192,8000.0
1768055709.77519,11734080,30424618,8192,911.4627827162686
1768055709.7752268,11742272,30424618,8192,8000.0
1768055709.7842395,11750464,30424618,8192,888.8395123110513
1768055709.7842786,11758656,30424618,8192,8000.0
1768055709.794744,11766848,30424618,8192,765.337851355757
1768055709.7947829,11775040,30424618,8192,8000.0
1768055709.8232315,11783232,30424618,8192,281.3503411564677
1768055709.8232806,11791424,30424618,8192,8000.0
1768055709.8340263,11799616,30424618,8192,745.2120114603028
1768055709.834049,11807808,30424618,8192,8000.0
1768055709.8498287,11816000,30424618,8192,507.2891085675464
1768055709.8498707,11824192,30424618,8192,8000.0
1768055709.8749292,11832384,30424618,8192,323.93778878240244
1768055709.874971,11840576,30424618,8192,8000.0
1768055709.891057,11848768,30424618,8192,497.6114665848315
1768055709.8910854,11856960,30424618,8192,8000.0
1768055709.900915,11865152,30424618,8192,814.7552147131685
1768055709.9009664,11873344,30424618,8192,8000.0
1768055709.9152896,11881536,30424618,8192,558.9480590307653
1768055709.9153435,11889728,30424618,8192,8000.0
1768055709.9219537,11897920,30424618,8192,1211.8825127390155
1768055709.9219794,11906112,30424618,8192,8000.0
1768055709.9316125,11914304,30424618,8192,831.0393220641108
1768055709.93163,11922496,30424618,8192,8000.0
1768055709.9411106,11930688,30424618,8192,844.5054405514397
1768055709.9412527,11938880,30424618,8192,8000.0
1768055709.9549992,11947072,30424618,8192,582.4578245748269
1768055709.9550426,11955264,30424618,8192,8000.0
1768055709.9633129,11963456,30424618,8192,968.5112733273361
1768055709.9633427,11971648,30424618,8192,8000.0
1768055709.9706984,11979840,30424618,8192,1088.7464512647584
1768055709.9707246,11988032,30424618,8192,8000.0
1768055709.9799345,11996224,30424618,8192,869.6502952359948
1768055709.979978,12004416,30424618,8192,8000.0
1768055709.9908533,12012608,30424618,8192,736.3499085974071
1768055709.9908864,12020800,30424618,8192,8000.0
1768055709.99273,12024448,30424618,8192,1939.9368187605407
1768055710.0039182,12032640,30424618,8192,715.6915359739435
1768055710.0039423,12040832,30424618,8192,8000.0
1768055710.0129912,12049024,30424618,8192,884.9165930271466
1768055710.013013,12057216,30424618,8192,8000.0
1768055710.0235188,12065408,30424618,8192,761.9845912946101
1768055710.0235403,12073600,30424618,8192,8000.0
1768055710.0379164,12081792,30424618,8192,556.8471284251839
1768055710.037949,12089984,30424618,8192,8000.0
1768055710.0508955,12098176,30424618,8192,618.4291892016618
1768055710.0509284,12106368,30424618,8192,8000.0
1768055710.0590208,12114560,30424618,8192,990.0990170815137
1768055710.0590625,12122752,30424618,8192,8000.0
1768055710.0704803,12130944,30424618,8192,701.4344334784711
1768055710.070525,12139136,30424618,8192,8000.0
1768055710.080432,12147328,30424618,8192,808.5299897022238
1768055710.0804636,12155520,30424618,8192,8000.0
1768055710.0900598,12163712,30424618,8192,834.6461629109571
1768055710.0900972,12171904,30424618,8192,8000.0
1768055710.1012383,12180096,30424618,8192,718.7716193207993
1768055710.1012714,12188288,30424618,8192,8000.0
1768055710.1138494,12196480,30424618,8192,636.5777580001584
1768055710.1138806,12204672,30424618,8192,8000.0
1768055710.1209297,12212864,30424618,8192,1136.3636274881708
1768055710.1209607,12221056,30424618,8192,8000.0
1768055710.130023,12229248,30424618,8192,883.7825886508076
1768055710.1300533,12237440,30424618,8192,8000.0
1768055710.1414468,12245632,30424618,8192,702.7283383516277
1768055710.141468,12253824,30424618,8192,8000.0
1768055710.1528978,12262016,30424618,8192,700.5499321734665
1768055710.1529396,12270208,30424618,8192,8000.0
1768055710.1617515,12278400,30424618,8192,908.7501181040324
1768055710.1617765,12286592,30424618,8192,8000.0
1768055710.1700778,12294784,30424618,8192,964.5526820032272
1768055710.1701028,12302976,30424618,8192,8000.0
1768055710.1794546,12311168,30424618,8192,856.6778055492375
1768055710.1795053,12319360,30424618,8192,8000.0
1768055710.1907501,12327552,30424618,8192,712.5044575777453
1768055710.190817,12335744,30424618,8192,8000.0
1768055710.2005713,12343936,30424618,8192,821.5239274431524
1768055710.2006364,12352128,30424618,8192,8000.0
1768055710.2100515,12360320,30424618,8192,850.7199313833195
1768055710.210079,12368512,30424618,8192,8000.0
1768055710.2200434,12376704,30424618,8192,803.9958610277424
1768055710.2201042,12384896,30424618,8192,8000.0
1768055710.2292938,12393088,30424618,8192,871.4976641097637
1768055710.2293212,12401280,30424618,8192,8000.0
1768055710.238939,12409472,30424618,8192,832.5094903836487
1768055710.2389615,12417664,30424618,8192,8000.0
1768055710.252796,12425856,30424618,8192,578.6827722022763
1768055710.2528386,12434048,30424618,8192,8000.0
1768055710.2660894,12442240,30424618,8192,604.4167770030331
1768055710.2661366,12450432,30424618,8192,8000.0
1768055710.277384,12458624,30424618,8192,712.301441465717
1768055710.2774518,12466816,30424618,8192,8000.0
1768055710.286256,12475008,30424618,8192,909.7215091971135
1768055710.2862773,12483200,30424618,8192,8000.0
1768055710.296772,12491392,30424618,8192,763.0748122265903
1768055710.2968135,12499584,30424618,8192,8000.0
1768055710.3083937,12507776,30424618,8192,691.4493659405306
1768055710.3084173,12515968,30424618,8192,8000.0
1768055710.3142817,12524160,30424618,8192,1366.1668768449829
1768055710.3143077,12532352,30424618,8192,8000.0
1768055710.3211944,12540544,30424618,8192,1162.8583060917488
1768055710.3212175,12548736,30424618,8192,8000.0
1768055710.3302782,12556928,30424618,8192,884.2123902568522
1768055710.3303285,12565120,30424618,8192,8000.0
1768055710.338762,12573312,30424618,8192,949.7127122875255
1768055710.3387835,12581504,30424618,8192,8000.0
1768055710.3501947,12589696,30424618,8192,701.8344228241642
1768055710.3502364,12597888,30424618,8192,8000.0
1768055710.3564012,12606080,30424618,8192,1299.904143370077
1768055710.356434,12614272,30424618,8192,8000.0
1768055710.364182,12622464,30424618,8192,1033.9657745694903
1768055710.3642218,12630656,30424618,8192,8000.0
1768055710.3712816,12638848,30424618,8192,1134.832255851003
1768055710.3713217,12647040,30424618,8192,8000.0
1768055710.3806338,12655232,30424618,8192,860.2150613613275
1768055710.380689,12663424,30424618,8192,8000.0
1768055710.387866,12671616,30424618,8192,1116.2583064130617
1768055710.3879063,12679808,30424618,8192,8000.0
1768055710.3959026,12688000,30424618,8192,1001.7907106820393
1768055710.3959396,12696192,30424618,8192,8000.0
1768055710.4130352,12704384,30424618,8192,468.2579618138857
1768055710.413066,12712576,30424618,8192,8000.0
1768055710.4204845,12720768,30424618,8192,1079.8698661417882
1768055710.4205148,12728960,30424618,8192,8000.0
1768055710.4256048,12737152,30424618,8192,1574.3692551751712
1768055710.4256263,12745344,30424618,8192,8000.0
1768055710.4358606,12753536,30424618,8192,782.4649625758688
1768055710.4358902,12761728,30424618,8192,8000.0
1768055710.4437294,12769920,30424618,8192,1021.9332417026591
1768055710.4437604,12778112,30424618,8192,8000.0
1768055710.4523635,12786304,30424618,8192,931.0228445779787
1768055710.4523911,12794496,30424618,8192,8000.0
1768055710.4589212,12802688,30424618,8192,1226.5047761319925
1768055710.4589424,12810880,30424618,8192,8000.0
1768055710.4674344,12819072,30424618,8192,943.0403508795524
1768055710.4674566,12827264,30424618,8192,8000.0
1768055710.4763937,12835456,30424618,8192,896.0372754344895
1768055710.4764316,12843648,30424618,8192,8000.0
1768055710.4842014,12851840,30424618,8192,1031.153725093704
1768055710.4842587,12860032,30424618,8192,8000.0
1768055710.4939194,12868224,30424618,8192,829.4711000689546
1768055710.4939802,12876416,30424618,8192,8000.0
1768055710.5005705,12884608,30424618,8192,1215.7870072141727
1768055710.5006104,12892800,30424618,8192,8000.0
1768055710.5075717,12900992,30424618,8192,1150.3012371958964
1768055710.5075927,12909184,30424618,8192,8000.0
1768055710.5151687,12917376,30424618,8192,1057.0824523053673
1768055710.5151947,12925568,30424618,8192,8000.0
1768055710.520021,12933760,30424618,8192,1660.0265518340836
1768055710.5200489,12941952,30424618,8192,8000.0
1768055710.5266645,12950144,30424618,8192,1211.221971282646
1768055710.5267124,12958336,30424618,8192,8000.0
1768055710.536888,12966528,30424618,8192,786.9832971944691
1768055710.5369105,12974720,30424618,8192,8000.0
1768055710.5431805,12982912,30424618,8192,1277.8123970799534
1768055710.543206,12991104,30424618,8192,8000.0
1768055710.550854,12999296,30424618,8192,1047.2300817973385
1768055710.5508823,13007488,30424618,8192,8000.0
1768055710.5669067,13015680,30424618,8192,499.6939368492436
1768055710.566967,13023872,30424618,8192,8000.0
1768055710.5731812,13032064,30424618,8192,1290.759788206344
1768055710.573237,13040256,30424618,8192,8000.0
1768055710.579206,13048448,30424618,8192,1344.2667220757075
1768055710.5792937,13056640,30424618,8192,8000.0
1768055710.5841203,13064832,30424618,8192,1662.5103607941073
1768055710.5841625,13073024,30424618,8192,8000.0
1768055710.5945978,13081216,30424618,8192,767.5922576069955
1768055710.594642,13089408,30424618,8192,8000.0
1768055710.6001117,13097600,30424618,8192,1466.9747408806984
1768055710.6001713,13105792,30424618,8192,8000.0
1768055710.6053312,13113984,30424618,8192,1555.3006788015746
1768055710.605398,13122176,30424618,8192,8000.0
1768055710.6106405,13130368,30424618,8192,1529.6367084264525
1768055710.6106746,13138560,30424618,8192,8000.0
1768055710.6144297,13146752,30424618,8192,2136.752144223162
1768055710.6144612,13154944,30424618,8192,8000.0
1768055710.626172,13163136,30424618,8192,684.1173611871303
1768055710.6262367,13171328,30424618,8192,8000.0
1768055710.644553,13179520,30424618,8192,437.1632478155905
1768055710.6446157,13187712,30424618,8192,8000.0
1768055710.6507716,13195904,30424618,8192,1302.4225117333583
1768055710.6508148,13204096,30424618,8192,8000.0
1768055710.653531,13212288,30424618,8192,2953.8824909775226
1768055710.6535542,13220480,30424618,8192,8000.0
1768055710.6718283,13228672,30424618,8192,438.1041034187037
1768055710.6718817,13236864,30424618,8192,8000.0
1768055710.6773303,13245056,30424618,8192,1471.4537771244882
1768055710.67736,13253248,30424618,8192,8000.0
1768055710.6773763,13261440,30424618,8192,8000.0
1768055710.6773953,13269632,30424618,8192,8000.0
1768055710.6853185,13277824,30424618,8192,1011.5058747345531
1768055710.6853604,13286016,30424618,8192,8000.0
1768055710.6890695,13294208,30424618,8192,2161.8700146880556
1768055710.6890974,13302400,30424618,8192,8000.0
1768055710.700119,13310592,30424618,8192,726.4933959957688
1768055710.700149,13318784,30424618,8192,8000.0
1768055710.707129,13326976,30424618,8192,1147.8749992023945
1768055710.7071683,13335168,30424618,8192,8000.0
1768055710.712178,13343360,30424618,8192,1599.2963027790709
1768055710.7122066,13351552,30424618,8192,8000.0
1768055710.7242537,13359744,30424618,8192,664.5291017902136
1768055710.7242827,13367936,30424618,8192,8000.0
1768055710.730011,13376128,30424618,8192,1399.4332320677925
1768055710.730051,13384320,30424618,8192,8000.0
1768055710.742238,13392512,30424618,8192,657.4784067933115
1768055710.742314,13400704,30424618,8192,8000.0
1768055710.74758,13408896,30424618,8192,1525.1749494854082
1768055710.7476609,13417088,30424618,8192,8000.0
1768055710.7520485,13425280,30424618,8192,1832.2569027178292
1768055710.7524,13433472,30424618,8192,8000.0
1768055710.7681088,13441664,30424618,8192,509.9829154125595
1768055710.7682009,13449856,30424618,8192,8000.0
1768055710.7720745,13458048,30424618,8192,2073.6132495963784
1768055710.7721028,13466240,30424618,8192,8000.0
1768055710.7852721,13474432,30424618,8192,608.1199187629848
1768055710.7853134,13482624,30424618,8192,8000.0
1768055710.791102,13490816,30424618,8192,1384.9456458303448
1768055710.791141,13499008,30424618,8192,8000.0
1768055710.7964153,13507200,30424618,8192,1520.132244017857
1768055710.796458,13515392,30424618,8192,8000.0
1768055710.803816,13523584,30424618,8192,1089.2801155076866
1768055710.8038652,13531776,30424618,8192,8000.0
1768055710.8100991,13539968,30424618,8192,1286.0495801714198
1768055710.8101459,13548160,30424618,8192,8000.0
1768055710.815884,13556352,30424618,8192,1397.9170945040244
1768055710.8159263,13564544,30424618,8192,8000.0
1768055710.8211799,13572736,30424618,8192,1526.135067401962
1768055710.8212254,13580928,30424618,8192,8000.0
1768055710.8266902,13589120,30424618,8192,1466.9747408806984
1768055710.8267403,13597312,30424618,8192,8000.0
1768055710.8326828,13605504,30424618,8192,1348.7995697626354
1768055710.83272,13613696,30424618,8192,8000.0
1768055710.8373015,13621888,30424618,8192,1750.2789524755403
1768055710.837338,13630080,30424618,8192,8000.0
1768055710.8553948,13638272,30424618,8192,443.37787383167154
1768055710.8554366,13646464,30424618,8192,8000.0
1768055710.8581977,13654656,30424618,8192,2906.659881701595
1768055710.8582323,13662848,30424618,8192,8000.0
1768055710.8787668,13671040,30424618,8192,389.84265143218965
1768055710.8788047,13679232,30424618,8192,8000.0
1768055710.8788283,13687424,30424618,8192,8000.0
1768055710.8788538,13695616,30424618,8192,8000.0
1768055710.8947878,13703808,30424618,8192,502.5504427037271
1768055710.8948498,13712000,30424618,8192,8000.0
1768055710.9001186,13720192,30424618,8192,1522.243795934311
1768055710.9001555,13728384,30424618,8192,8000.0
1768055710.911422,13736576,30424618,8192,710.8457352153331
1768055710.9114609,13744768,30424618,8192,8000.0
1768055710.911484,13752960,30424618,8192,8000.0
1768055710.911508,13761152,30424618,8192,8000.0
1768055710.9156969,13769344,30424618,8192,1914.7917517432413
1768055710.915732,13777536,30424618,8192,8000.0
1768055710.9230409,13785728,30424618,8192,1096.1306697240311
1768055710.9230738,13793920,30424618,8192,8000.0
1768055710.9326143,13802112,30424618,8192,839.3310487444363
1768055710.9326417,13810304,30424618,8192,8000.0
1768055710.9377577,13818496,30424618,8192,1567.1217884790449
1768055710.937809,13826688,30424618,8192,8000.0
1768055710.946204,13834880,30424618,8192,954.2212445730858
1768055710.9462352,13843072,30424618,8192,8000.0
1768055710.955955,13851264,30424618,8192,823.9438063167692
1768055710.9559882,13859456,30424618,8192,8000.0
1768055710.9632895,13867648,30424618,8192,1097.7701603223097
1768055710.963337,13875840,30424618,8192,8000.0
1768055711.0079427,13884032,30424618,8192,179.38547023429425
1768055711.007965,13892224,30424618,8192,8000.0
1768055711.0079834,13900416,30424618,8192,8000.0
1768055711.0079966,13908608,30424618,8192,8000.0
1768055711.0155895,13916800,30424618,8192,1054.8245024826786
1768055711.0156112,13924992,30424618,8192,8000.0
1768055711.0202532,13933184,30424618,8192,1727.3394684011982
1768055711.0202825,13941376,30424618,8192,8000.0
1768055711.0263574,13949568,30424618,8192,1319.130675822742
1768055711.0263872,13957760,30424618,8192,8000.0
1768055711.0363066,13965952,30424618,8192,807.1839345869697
1768055711.0363295,13974144,30424618,8192,8000.0
1768055711.0457792,13982336,30424618,8192,847.4037720310628
1768055711.0458038,13990528,30424618,8192,8000.0
1768055711.0514565,13998720,30424618,8192,1416.9323329038584
1768055711.0514827,14006912,30424618,8192,8000.0
1768055711.0694015,14015104,30424618,8192,446.6778351882478
1768055711.0694232,14023296,30424618,8192,8000.0
1768055711.074805,14031488,30424618,8192,1488.1782639774613
1768055711.0748296,14039680,30424618,8192,8000.0
1768055711.080763,14047872,30424618,8192,1349.755338993772
1768055711.08079,14056064,30424618,8192,8000.0
1768055711.0923154,14064256,30424618,8192,694.5710634336914
1768055711.0923402,14072448,30424618,8192,8000.0
1768055711.097632,14080640,30424618,8192,1514.004521470574
1768055711.0976667,14088832,30424618,8192,8000.0
1768055711.1272123,14097024,30424618,8192,270.8669097445034
1768055711.1273687,14105216,30424618,8192,8000.0
1768055711.128983,14113408,30424618,8192,4969.870058893987
1768055711.1290026,14121600,30424618,8192,8000.0
1768055711.147953,14129792,30424618,8192,422.36418379519
1768055711.147985,14137984,30424618,8192,8000.0
1768055711.154489,14146176,30424618,8192,1231.6977450941242
1768055711.1545196,14154368,30424618,8192,8000.0
1768055711.1609929,14162560,30424618,8192,1237.5471854204307
1768055711.1610262,14170752,30424618,8192,8000.0
1768055711.1652193,14178944,30424618,8192,1911.7260649281307
1768055711.1652484,14187136,30424618,8192,8000.0
1768055711.177563,14195328,30424618,8192,650.1633485029809
1768055711.1775956,14203520,30424618,8192,8000.0
1768055711.1814394,14211712,30424618,8192,2085.5601096566234
1768055711.1814697,14219904,30424618,8192,8000.0
1768055711.1894388,14228096,30424618,8192,1004.9114945977334
1768055711.1894794,14236288,30424618,8192,8000.0
1768055711.198246,14244480,30424618,8192,913.5548609425177
1768055711.1982768,14252672,30424618,8192,8000.0
1768055711.2081733,14260864,30424618,8192,809.4789950675238
1768055711.2082062,14269056,30424618,8192,8000.0
1768055711.2109647,14277248,30424618,8192,2908.139162966682
1768055711.2109904,14285440,30424618,8192,8000.0
1768055711.2207856,14293632,30424618,8192,817.4526121717504
1768055711.2208147,14301824,30424618,8192,8000.0
1768055711.2292285,14310016,30424618,8192,951.837048910364
1768055711.229256,14318208,30424618,8192,8000.0
1768055711.23995,14326400,30424618,8192,748.8042548445236
1768055711.2399867,14334592,30424618,8192,8000.0
1768055711.2456923,14342784,30424618,8192,1404.8396878247452
1768055711.2457285,14350976,30424618,8192,8000.0
1768055711.2507973,14359168,30424618,8192,1581.0901634344762
1768055711.2508318,14367360,30424618,8192,8000.0
1768055711.2559702,14375552,30424618,8192,1559.6062167666253
1768055711.2559998,14383744,30424618,8192,8000.0
1768055711.2659366,14391936,30424618,8192,805.9478930781884
1768055711.2659683,14400128,30424618,8192,8000.0
1768055711.284811,14408320,30424618,8192,424.81560152369013
1768055711.2848415,14416512,30424618,8192,8000.0
1768055711.2848756,14424704,30424618,8192,8000.0
1768055711.2848954,14432896,30424618,8192,8000.0
1768055711.2904713,14441088,30424618,8192,1437.4528329269235
1768055711.290502,14449280,30424618,8192,8000.0
1768055711.2958615,14457472,30424618,8192,1495.3550557649608
1768055711.2958915,14465664,30424618,8192,8000.0
1768055711.308928,14473856,30424618,8192,614.1327292313667
1768055711.30896,14482048,30424618,8192,8000.0
1768055711.3286848,14490240,30424618,8192,405.7988646745495
1768055711.3287237,14498432,30424618,8192,8000.0
1768055711.3338864,14506624,30424618,8192,1552.8251721565662
1768055711.3339145,14514816,30424618,8192,8000.0
1768055711.3405435,14523008,30424618,8192,1208.7148358792142
1768055711.3405745,14531200,30424618,8192,8000.0
1768055711.350418,14539392,30424618,8192,813.5124492088005
1768055711.3504426,14547584,30424618,8192,8000.0
1768055711.3613832,14555776,30424618,8192,731.8300324161
1768055711.361416,14563968,30424618,8192,8000.0
1768055711.3614297,14572160,30424618,8192,8000.0
1768055711.361444,14580352,30424618,8192,8000.0
1768055711.3702195,14588544,30424618,8192,912.398359130934
1768055711.370251,14596736,30424618,8192,8000.0
1768055711.37714,14604928,30424618,8192,1162.655523676843
1768055711.3771718,14613120,30424618,8192,8000.0
1768055711.3885221,14621312,30424618,8192,705.4860379071663
1768055711.3885698,14629504,30424618,8192,8000.0
1768055711.4064176,14637696,30424618,8192,448.6769631065898
1768055711.4064856,14645888,30424618,8192,8000.0
1768055711.4118788,14654080,30424618,8192,1487.6801252085463
1768055711.4119236,14662272,30424618,8192,8000.0
1768055711.4174714,14670464,30424618,8192,1446.6023014119046
1768055711.4175384,14678656,30424618,8192,8000.0
1768055711.4229515,14686848,30424618,8192,1483.0743868901786
1768055711.4230235,14695040,30424618,8192,8000.0
1768055711.4284542,14703232,30424618,8192,1476.396135482205
1768055711.4284813,14711424,30424618,8192,8000.0
1768055711.439964,14719616,30424618,8192,697.3075255336538
1768055711.4399981,14727808,30424618,8192,8000.0
1768055711.445765,14736000,30424618,8192,1389.6126580117593
1768055711.4458013,14744192,30424618,8192,8000.0
1768055711.4540946,14752384,30424618,8192,965.7053895132506
1768055711.454121,14760576,30424618,8192,8000.0
1768055711.4625452,14768768,30424618,8192,950.8076009289539
1768055711.462575,14776960,30424618,8192,8000.0
1768055711.4719248,14785152,30424618,8192,857.2928901584372
1768055711.4719665,14793344,30424618,8192,8000.0
1768055711.477575,14801536,30424618,8192,1428.7755324568418
1768055711.4776013,14809728,30424618,8192,8000.0
1768055711.483817,14817920,30424618,8192,1289.0127787494946
1768055711.4838545,14826112,30424618,8192,8000.0
1768055711.4896572,14834304,30424618,8192,1381.1200920196356
1768055711.4896967,14842496,30424618,8192,8000.0
1768055711.5081034,14850688,30424618,8192,434.9740919178907
1768055711.5081577,14858880,30424618,8192,8000.0
1768055711.5140383,14867072,30424618,8192,1364.4658835065277
1768055711.5141087,14875264,30424618,8192,8000.0
1768055711.5192156,14883456,30424618,8192,1570.9684990756202
1768055711.5192657,14891648,30424618,8192,8000.0
1768055711.5303116,14899840,30424618,8192,725.1894591516515
1768055711.5303655,14908032,30424618,8192,8000.0
1768055711.535896,14916224,30424618,8192,1449.9057593324205
1768055711.535982,14924416,30424618,8192,8000.0
1768055711.5462618,14932608,30424618,8192,779.0588910087065
1768055711.5462828,14940800,30424618,8192,8000.0
1768055711.5571864,14948992,30424618,8192,734.3154835253165
1768055711.5572171,14957184,30424618,8192,8000.0
1768055711.5684197,14965376,30424618,8192,714.904866015384
1768055711.5684588,14973568,30424618,8192,8000.0
1768055711.5867743,14981760,30424618,8192,437.0199599257531
1768055711.5867987,14989952,30424618,8192,8000.0
1768055711.5982983,14998144,30424618,8192,696.5243488197796
1768055711.5983558,15006336,30424618,8192,8000.0
1768055711.6101813,15014528,30424618,8192,677.4436702679105
1768055711.6102428,15022720,30424618,8192,8000.0
1768055711.6150613,15030912,30424618,8192,1665.6603242385697
1768055711.6151166,15039104,30424618,8192,8000.0
1768055711.6203692,15047296,30424618,8192,1527.4462812145593
1768055711.620427,15055488,30424618,8192,8000.0
1768055711.6257193,15063680,30424618,8192,1515.6682123203545
1768055711.6257675,15071872,30424618,8192,8000.0
1768055711.6436534,15080064,30424618,8192,447.590007349338
1768055711.6436868,15088256,30424618,8192,8000.0
1768055711.6489327,15096448,30424618,8192,1528.5261413880987
1768055711.6489654,15104640,30424618,8192,8000.0
1768055711.6520128,15112832,30424618,8192,2634.265140268595
1768055711.6520417,15121024,30424618,8192,8000.0
1768055711.6624587,15129216,30424618,8192,768.7798447569738
1768055711.6624908,15137408,30424618,8192,8000.0
1768055711.668392,15145600,30424618,8192,1358.1881966696783
1768055711.6684387,15153792,30424618,8192,8000.0
1768055711.6826832,15161984,30424618,8192,562.0464109922721
1768055711.6827147,15170176,30424618,8192,8000.0
1768055711.6909633,15178368,30424618,8192,971.1448609822114
1768055711.6909962,15186560,30424618,8192,8000.0
1768055711.6978087,15194752,30424618,8192,1175.848080229451
1768055711.6978335,15202944,30424618,8192,8000.0
1768055711.7053638,15211136,30424618,8192,1063.9571256694508
1768055711.7053957,15219328,30424618,8192,8000.0
1768055711.7139893,15227520,30424618,8192,932.1401893634426
1768055711.7140205,15235712,30424618,8192,8000.0
1768055711.7239318,15243904,30424618,8192,808.1052911825916
1768055711.7239642,15252096,30424618,8192,8000.0
1768055711.7289143,15260288,30424618,8192,1619.9578806800941
1768055711.7289505,15268480,30424618,8192,8000.0
1768055711.7360985,15276672,30424618,8192,1121.139082326643
1768055711.7361357,15284864,30424618,8192,8000.0
1768055711.7421668,15293056,30424618,8192,1328.7270843781766
1768055711.7421987,15301248,30424618,8192,8000.0
1768055711.7486753,15309440,30424618,8192,1237.2026860393341
1768055711.748705,15317632,30424618,8192,8000.0
1768055711.7579625,15325824,30424618,8192,865.2390248686976
1768055711.757995,15334016,30424618,8192,8000.0
1768055711.769789,15342208,30424618,8192,678.892388671223
1768055711.7698176,15350400,30424618,8192,8000.0
1768055711.77608,15358592,30424618,8192,1280.0819306360568
1768055711.776122,15366784,30424618,8192,8000.0
1768055711.7843082,15374976,30424618,8192,978.318028670745
1768055711.7843316,15383168,30424618,8192,8000.0
1768055711.789007,15391360,30424618,8192,1714.934934443917
1768055711.789037,15399552,30424618,8192,8000.0
1768055711.7971907,15407744,30424618,8192,982.5957789525867
1768055711.7972305,15415936,30424618,8192,8000.0
1768055711.8041449,15424128,30424618,8192,1158.6646466316533
1768055711.8041675,15432320,30424618,8192,8000.0
1768055711.8150194,15440512,30424618,8192,737.9733402738293
1768055711.8150578,15448704,30424618,8192,8000.0
1768055711.820722,15456896,30424618,8192,1415.2528958175026
1768055711.8207655,15465088,30424618,8192,8000.0
1768055711.8281672,15473280,30424618,8192,1082.0461392584775
1768055711.8281956,15481472,30424618,8192,8000.0
1768055711.8367949,15489664,30424618,8192,931.2938015800024
1768055711.8368278,15497856,30424618,8192,8000.0
1768055711.843798,15506048,30424618,8192,1149.3262213716162
1768055711.843829,15514240,30424618,8192,8000.0
1768055711.8524024,15522432,30424618,8192,934.4811883438467
1768055711.852448,15530624,30424618,8192,8000.0
1768055711.8575385,15538816,30424618,8192,1575.1132037803554
1768055711.8575914,15547008,30424618,8192,8000.0
1768055711.8667479,15555200,30424618,8192,874.6897559366614
1768055711.866777,15563392,30424618,8192,8000.0
1768055711.8740788,15571584,30424618,8192,1096.8670724892918
1768055711.8740997,15579776,30424618,8192,8000.0
1768055711.8875797,15587968,30424618,8192,593.9432635698789
1768055711.8876112,15596160,30424618,8192,8000.0
1768055711.891827,15604352,30424618,8192,1902.5422703149982
1768055711.891866,15612544,30424618,8192,8000.0
1768055711.8993955,15620736,30424618,8192,1064.2118896695629
1768055711.8994322,15628928,30424618,8192,8000.0
1768055711.9061577,15637120,30424618,8192,1191.3093931022938
1768055711.9061882,15645312,30424618,8192,8000.0
1768055711.914732,15653504,30424618,8192,937.5695838759725
1768055711.9147654,15661696,30424618,8192,8000.0
1768055711.9211793,15669888,30424618,8192,1249.3362938756584
1768055711.9212232,15678080,30424618,8192,8000.0
1768055711.9293816,15686272,30424618,8192,981.8119345207033
1768055711.929419,15694464,30424618,8192,8000.0
1768055711.9361193,15702656,30424618,8192,1195.7788881506858
1768055711.9361517,15710848,30424618,8192,8000.0
1768055711.945042,15719040,30424618,8192,900.8501790584455
1768055711.9450703,15727232,30424618,8192,8000.0
1768055711.9543374,15735424,30424618,8192,864.3415944240386
1768055711.9543724,15743616,30424618,8192,8000.0
1768055711.9657404,15751808,30424618,8192,704.3741644372163
1768055711.9657738,15760000,30424618,8192,8000.0
1768055711.9697034,15768192,30424618,8192,2041.0246323432339
1768055711.9697368,15776384,30424618,8192,8000.0
1768055711.9778256,15784576,30424618,8192,990.2583277692121
1768055711.9778562,15792768,30424618,8192,8000.0
1768055711.985103,15800960,30424618,8192,1105.7207184356005
1768055711.9851446,15809152,30424618,8192,8000.0
1768055711.9980602,15817344,30424618,8192,619.8619304404623
1768055711.998081,15825536,30424618,8192,8000.0
1768055712.0024042,15833728,30424618,8192,1854.9004101191201
1768055712.0024378,15841920,30424618,8192,8000.0
1768055712.0077524,15850112,30424618,8192,1507.5566244839372
1768055712.0077739,15858304,30424618,8192,8000.0
1768055712.0154793,15866496,30424618,8192,1039.568573578522
1768055712.0155032,15874688,30424618,8192,8000.0
1768055712.0201652,15882880,30424618,8192,1720.0601929535767
1768055712.0202003,15891072,30424618,8192,8000.0
1768055712.0289345,15899264,30424618,8192,917.1577339801373
1768055712.028973,15907456,30424618,8192,8000.0
1768055712.035636,15915648,30424618,8192,1202.3566147937636
1768055712.0356565,15923840,30424618,8192,8000.0
1768055712.0439963,15932032,30424618,8192,960.2919300752908
1768055712.0440245,15940224,30424618,8192,8000.0
1768055712.0569184,15948416,30424618,8192,620.8625287773374
1768055712.056941,15956608,30424618,8192,8000.0
1768055712.066948,15964800,30424618,8192,800.7286678904438
1768055712.0670154,15972992,30424618,8192,8000.0
1768055712.0701323,15981184,30424618,8192,2579.729789115995
1768055712.0701897,15989376,30424618,8192,8000.0
1768055712.079556,15997568,30424618,8192,855.6058269640826
1768055712.079628,16005760,30424618,8192,8000.0
1768055712.0928893,16013952,30424618,8192,604.2341709775026
1768055712.0929737,16022144,30424618,8192,8000.0
1768055712.096374,16030336,30424618,8192,2363.7868379136407
1768055712.0964425,16038528,30424618,8192,8000.0
1768055712.1032403,16046720,30424618,8192,1180.37625906543
1768055712.1033258,16054912,30424618,8192,8000.0
1768055712.1268437,16063104,30424618,8192,340.38497495003594
1768055712.1269011,16071296,30424618,8192,8000.0
1768055712.137635,16079488,30424618,8192,746.338276946153
1768055712.1376784,16087680,30424618,8192,8000.0
1768055712.1490211,16095872,30424618,8192,706.0588741482908
1768055712.149058,16104064,30424618,8192,8000.0
1768055712.1548111,16112256,30424618,8192,1392.4909704418847
1768055712.1548328,16120448,30424618,8192,8000.0
1768055712.1649592,16128640,30424618,8192,790.7404319420281
1768055712.164983,16136832,30424618,8192,8000.0
1768055712.1765501,16145024,30424618,8192,692.1852290495833
1768055712.1765807,16153216,30424618,8192,8000.0
1768055712.1805103,16161408,30424618,8192,2039.9836496084104
1768055712.1805322,16169600,30424618,8192,8000.0
1768055712.181885,16177792,30424618,8192,5928.121900781532
1768055712.1819048,16185984,30424618,8192,8000.0
1768055712.188724,16194176,30424618,8192,1175.191697953049
1768055712.1887908,16202368,30424618,8192,8000.0
1768055712.202462,16210560,30424618,8192,585.6815481651656
1768055712.2024908,16218752,30424618,8192,8000.0
1768055712.2088666,16226944,30424618,8192,1257.0315138663595
1768055712.2089136,16235136,30424618,8192,8000.0
1768055712.251502,16243328,30424618,8192,187.89796209874567
1768055712.251564,16251520,30424618,8192,8000.0
1768055712.254639,16259712,30424618,8192,2611.0513336904937
1768055712.2546675,16267904,30424618,8192,8000.0
1768055712.2617793,16276096,30424618,8192,1126.665362641043
1768055712.261842,16284288,30424618,8192,8000.0
1768055712.2669187,16292480,30424618,8192,1578.0337484559689
1768055712.2669404,16300672,30424618,8192,8000.0
1768055712.2915592,16308864,30424618,8192,325.0869613580965
1768055712.2915916,16317056,30424618,8192,8000.0
1768055712.3183744,16325248,30424618,8192,298.8107330797536
1768055712.3184085,16333440,30424618,8192,8000.0
1768055712.497761,16341632,30424618,8192,44.607708648021465
1768055712.4977906,16349824,30424618,8192,8000.0
1768055712.4978082,16358016,30424618,8192,8000.0
1768055712.4978244,16366208,30424618,8192,8000.0
1768055712.4978414,16374400,30424618,8192,8000.0
1768055712.4978583,16382592,30424618,8192,8000.0
1768055712.4978747,16390784,30424618,8192,8000.0
1768055712.4978926,16398976,30424618,8192,8000.0
1768055712.49791,16407168,30424618,8192,8000.0
1768055712.4979274,16415360,30424618,8192,8000.0
1768055712.4979434,16423552,30424618,8192,8000.0
1768055712.4979658,16431744,30424618,8192,8000.0
1768055712.4979815,16439936,30424618,8192,8000.0
1768055712.4979966,16448128,30424618,8192,8000.0
1768055712.4981964,16456320,30424618,8192,8000.0
1768055712.4982197,16464512,30424618,8192,8000.0
1768055712.4985132,16472704,30424618,8192,8000.0
1768055712.498533,16480896,30424618,8192,8000.0
1768055712.4985497,16489088,30424618,8192,8000.0
1768055712.4985654,16497280,30424618,8192,8000.0
1768055712.4985807,16505472,30424618,8192,8000.0
1768055712.4985971,16513664,30424618,8192,8000.0
1768055712.5033855,16521856,30424618,8192,1674.270664919779
1768055712.50342,16530048,30424618,8192,8000.0
1768055712.5264797,16538240,30424618,8192,347.1137483493345
1768055712.5265102,16546432,30424618,8192,8000.0
1768055712.531977,16554624,30424618,8192,1466.3562927243293
1768055712.5320082,16562816,30424618,8192,8000.0
1768055712.5434487,16571008,30424618,8192,699.9002597462489
1768055712.543481,16579200,30424618,8192,8000.0
1768055712.5495071,16587392,30424618,8192,1330.3843065804924
1768055712.549568,16595584,30424618,8192,8000.0
1768055712.5962484,16603776,30424618,8192,171.4255105034198
1768055712.596292,16611968,30424618,8192,8000.0
1768055712.599242,16620160,30424618,8192,2722.014373153382
1768055712.5992737,16628352,30424618,8192,8000.0
1768055712.6117942,16636544,30424618,8192,639.5599877168554
1768055712.6118271,16644736,30424618,8192,8000.0
1768055712.6230104,16652928,30424618,8192,715.9797747926399
1768055712.6230323,16661120,30424618,8192,8000.0
1768055712.6230452,16669312,30424618,8192,8000.0
1768055712.6230578,16677504,30424618,8192,8000.0
1768055712.6420765,16685696,30424618,8192,420.87099177577403
1768055712.6421044,16693888,30424618,8192,8000.0
1768055712.6703188,16702080,30424618,8192,283.6768771759554
1768055712.6703653,16710272,30424618,8192,8000.0
1768055712.6791804,16718464,30424618,8192,908.9876191821869
1768055712.6792347,16726656,30424618,8192,8000.0
1768055712.690505,16734848,30424618,8192,710.8646773234768
1768055712.6905687,16743040,30424618,8192,8000.0
1768055712.6998057,16751232,30424618,8192,868.159179966372
1768055712.6998887,16759424,30424618,8192,8000.0
1768055712.745371,16767616,30424618,8192,175.94985431935
1768055712.7454286,16775808,30424618,8192,8000.0
1768055712.753807,16784000,30424618,8192,956.7089220872568
1768055712.753877,16792192,30424618,8192,8000.0
1768055712.7620099,16800384,30424618,8192,985.0639647956788
1768055712.7620459,16808576,30424618,8192,8000.0
1768055712.874467,16816768,30424618,8192,71.16779233785951
1768055712.874496,16824960,30424618,8192,8000.0
1768055712.8745122,16833152,30424618,8192,8000.0
1768055712.8745275,16841344,30424618,8192,8000.0
1768055712.8748844,16849536,30424618,8192,8000.0
1768055712.8749201,16857728,30424618,8192,8000.0
1768055712.874938,16865920,30424618,8192,8000.0
1768055712.8749566,16874112,30424618,8192,8000.0
1768055712.8749747,16882304,30424618,8192,8000.0
1768055712.8749914,16890496,30424618,8192,8000.0
1768055712.8866577,16898688,30424618,8192,686.3535792767742
1768055712.8866894,16906880,30424618,8192,8000.0
1768055712.8867066,16915072,30424618,8192,8000.0
1768055712.886726,16923264,30424618,8192,8000.0
1768055713.1015177,16931456,30424618,8192,37.247121137815206
1768055713.1015437,16939648,30424618,8192,8000.0
1768055713.149782,16947840,30424618,8192,165.87943034213944
1768055713.149824,16956032,30424618,8192,8000.0
1768055713.1520407,16964224,30424618,8192,3623.188325399376
1768055713.152089,16972416,30424618,8192,8000.0
1768055713.1522634,16980608,30424618,8192,8000.0
1768055713.1522772,16988800,30424618,8192,8000.0
1768055713.1522884,16996992,30424618,8192,8000.0
1768055713.152299,17005184,30424618,8192,8000.0
1768055713.1523108,17013376,30424618,8192,8000.0
1768055713.1523232,17021568,30424618,8192,8000.0
1768055713.1523345,17029760,30424618,8192,8000.0
1768055713.1523468,17037952,30424618,8192,8000.0
1768055713.1523836,17046144,30424618,8192,8000.0
1768055713.1523948,17054336,30424618,8192,8000.0
1768055713.1524055,17062528,30424618,8192,8000.0
1768055713.1524162,17070720,30424618,8192,8000.0
1768055713.152427,17078912,30424618,8192,8000.0
1768055713.1524403,17087104,30424618,8192,8000.0
1768055713.1526327,17095296,30424618,8192,8000.0
1768055713.1526456,17103488,30424618,8192,8000.0
1768055713.1527987,17111680,30424618,8192,8000.0
1768055713.1528108,17119872,30424618,8192,8000.0
1768055713.152822,17128064,30424618,8192,8000.0
1768055713.1528335,17136256,30424618,8192,8000.0
1768055713.1528444,17144448,30424618,8192,8000.0
1768055713.1528559,17152640,30424618,8192,8000.0
1768055713.15565,17160832,30424618,8192,2873.047210269566
1768055713.1556811,17169024,30424618,8192,8000.0
1768055713.1637115,17177216,30424618,8192,997.7550447413495
1768055713.1637526,17185408,30424618,8192,8000.0
1768055713.2133987,17193600,30424618,8192,161.174315850688
1768055713.21342,17201792,30424618,8192,8000.0
1768055713.2222908,17209984,30424618,8192,902.618725916384
1768055713.2223403,17218176,30424618,8192,8000.0
1768055713.2325158,17226368,30424618,8192,786.9368488790902
1768055713.2325413,17234560,30424618,8192,8000.0
1768055713.2839153,17242752,30424618,8192,155.7711254200653
1768055713.284012,17250944,30424618,8192,8000.0
1768055713.289119,17259136,30424618,8192,1571.1227617731765
1768055713.289187,17267328,30424618,8192,8000.0
1768055713.295109,17275520,30424618,8192,1353.6837238483874
1768055713.295158,17283712,30424618,8192,8000.0
1768055713.3009865,17291904,30424618,8192,1375.894322822985
1768055713.30104,17300096,30424618,8192,8000.0
1768055713.3062756,17308288,30424618,8192,1531.8333928580266
1768055713.30632,17316480,30424618,8192,8000.0
1768055713.506587,17324672,30424618,8192,39.94926442920721
1768055713.506628,17332864,30424618,8192,8000.0
1768055713.5558498,17341056,30424618,8192,162.55999483740345
1768055713.5558708,17349248,30424618,8192,8000.0
1768055713.555882,17357440,30424618,8192,8000.0
1768055713.5558932,17365632,30424618,8192,8000.0
1768055713.5561006,17373824,30424618,8192,8000.0
1768055713.5561168,17382016,30424618,8192,8000.0
1768055713.556128,17390208,30424618,8192,8000.0
1768055713.556141,17398400,30424618,8192,8000.0
1768055713.556152,17406592,30424618,8192,8000.0
1768055713.556163,17414784,30424618,8192,8000.0
1768055713.5561733,17422976,30424618,8192,8000.0
1768055713.5561838,17431168,30424618,8192,8000.0
1768055713.5561955,17439360,30424618,8192,8000.0
1768055713.5562062,17447552,30424618,8192,8000.0
1768055713.5562165,17455744,30424618,8192,8000.0
1768055713.5562282,17463936,30424618,8192,8000.0
1768055713.556399,17472128,30424618,8192,8000.0
1768055713.5564115,17480320,30424618,8192,8000.0
1768055713.556422,17488512,30424618,8192,8000.0
1768055713.5564327,17496704,30424618,8192,8000.0
1768055713.5612974,17504896,30424618,8192,1648.4648898293165
1768055713.5613537,17513088,30424618,8192,8000.0
1768055713.5670285,17521280,30424618,8192,1412.603975515555
1768055713.5670679,17529472,30424618,8192,8000.0
1768055713.572177,17537664,30424618,8192,1568.9350668493116
1768055713.5722125,17545856,30424618,8192,8000.0
1768055713.6293728,17554048,30424618,8192,139.97956322739753
1768055713.629398,17562240,30424618,8192,8000.0
1768055713.6949196,17570432,30424618,8192,122.11913334980805
1768055713.694965,17578624,30424618,8192,8000.0
1768055713.6963327,17586816,30424618,8192,5879.326816744642
1768055713.6963685,17595008,30424618,8192,8000.0
1768055713.7039793,17603200,30424618,8192,1052.3961711232482
1768055713.704015,17611392,30424618,8192,8000.0
1768055713.7111137,17619584,30424618,8192,1128.2065782988961
1768055713.7111347,17627776,30424618,8192,8000.0
1768055713.7192895,17635968,30424618,8192,982.3906526475937
1768055713.7193434,17644160,30424618,8192,8000.0
1768055713.7667546,17652352,30424618,8192,168.77672723916814
1768055713.7668018,17660544,30424618,8192,8000.0
1768055713.777799,17668736,30424618,8192,728.1266239641308
1768055713.7778234,17676928,30424618,8192,8000.0
1768055713.7836664,17685120,30424618,8192,1370.872397080602
1768055713.7836876,17693312,30424618,8192,8000.0
1768055713.8281922,17701504,30424618,8192,179.81366807015462
1768055713.82824,17709696,30424618,8192,8000.0
1768055713.8344471,17717888,30424618,8192,1291.197256478052
1768055713.8344855,17726080,30424618,8192,8000.0
1768055713.8404748,17734272,30424618,8192,1337.9492558243096
1768055713.8405042,17742464,30424618,8192,8000.0
1768055713.859022,17750656,30424618,8192,432.3109169566806
1768055713.8590755,17758848,30424618,8192,8000.0
1768055713.9047842,17767040,30424618,8192,175.06389832796273
1768055713.9048164,17775232,30424618,8192,8000.0
1768055713.9100962,17783424,30424618,8192,1518.0553813440706
1768055713.9101257,17791616,30424618,8192,8000.0
1768055713.9155588,17799808,30424618,8192,1476.6141121549388
1768055713.9156034,17808000,30424618,8192,8000.0
1768055713.9208748,17816192,30424618,8192,1520.5656462307165
1768055713.9209006,17824384,30424618,8192,8000.0
1768055714.0506291,17832576,30424618,8192,61.67300359599517
1768055714.0506852,17840768,30424618,8192,8000.0
1768055714.059181,17848960,30424618,8192,944.6773348475413
1768055714.0592058,17857152,30424618,8192,8000.0
1768055714.0654697,17865344,30424618,8192,1279.5291344597247
1768055714.0655148,17873536,30424618,8192,8000.0
1768055714.0655463,17881728,30424618,8192,8000.0
1768055714.0655773,17889920,30424618,8192,8000.0
1768055714.0659814,17898112,30424618,8192,8000.0
1768055714.0660253,17906304,30424618,8192,8000.0
1768055714.0660539,17914496,30424618,8192,8000.0
1768055714.0660837,17922688,30424618,8192,8000.0
1768055714.0661116,17930880,30424618,8192,8000.0
1768055714.0661373,17939072,30424618,8192,8000.0
1768055714.0661626,17947264,30424618,8192,8000.0
1768055714.0661895,17955456,30424618,8192,8000.0
1768055714.1103868,17963648,30424618,8192,181.0708531058528
1768055714.1104496,17971840,30424618,8192,8000.0
1768055714.1203501,17980032,30424618,8192,809.2006143471466
1768055714.1203868,17988224,30424618,8192,8000.0
1768055714.1263664,17996416,30424618,8192,1340.2355613775028
1768055714.126403,18004608,30424618,8192,8000.0
1768055714.1740887,18012800,30424618,8192,167.80459143279197
1768055714.1741257,18020992,30424618,8192,8000.0
1768055714.1815307,18029184,30424618,8192,1082.1193382953627
1768055714.1815817,18037376,30424618,8192,8000.0
1768055714.190355,18045568,30424618,8192,913.3149917943233
1768055714.1904042,18053760,30424618,8192,8000.0
1768055714.1954148,18061952,30424618,8192,1601.3130852369693
1768055714.1954722,18070144,30424618,8192,8000.0
1768055714.2439466,18078336,30424618,8192,165.078814506197
1768055714.243985,18086528,30424618,8192,8000.0
1768055714.2505057,18094720,30424618,8192,1228.89750773682
1768055714.25055,18102912,30424618,8192,8000.0
1768055714.257119,18111104,30424618,8192,1219.791111240649
1768055714.257157,18119296,30424618,8192,8000.0
1768055714.3107898,18127488,30424618,8192,149.19333021883372
1768055714.3108284,18135680,30424618,8192,8000.0
1768055714.3217895,18143872,30424618,8192,730.4335093813377
1768055714.3218124,18152064,30424618,8192,8000.0
1768055714.388095,18160256,30424618,8192,120.71754516979013
1768055714.388141,18168448,30424618,8192,8000.0
1768055714.3881621,18176640,30424618,8192,8000.0
1768055714.388182,18184832,30424618,8192,8000.0
1768055714.3882034,18193024,30424618,8192,8000.0
1768055714.3882232,18201216,30424618,8192,8000.0
1768055714.3882697,18209408,30424618,8192,8000.0
1768055714.3882914,18217600,30424618,8192,8000.0
1768055714.3883088,18225792,30424618,8192,8000.0
1768055714.3883219,18233984,30424618,8192,8000.0
1768055714.4497895,18242176,30424618,8192,130.17273928255923
1768055714.4498231,18250368,30424618,8192,8000.0
1768055714.4498425,18258560,30424618,8192,8000.0
1768055714.4498613,18266752,30424618,8192,8000.0
1768055714.4605744,18274944,30424618,8192,747.4260508197463
1768055714.4605982,18283136,30424618,8192,8000.0
1768055714.4657502,18291328,30424618,8192,1554.363889173825
1768055714.4657726,18299520,30424618,8192,8000.0
1768055714.5164828,18307712,30424618,8192,157.7924831051861
1768055714.516515,18315904,30424618,8192,8000.0
1768055714.5165343,18324096,30424618,8192,8000.0
1768055714.5165539,18332288,30424618,8192,8000.0
1768055714.5369792,18340480,30424618,8192,391.87256239168215
1768055714.5370092,18348672,30424618,8192,8000.0
1768055714.586234,18356864,30424618,8192,162.55371891583528
1768055714.5862663,18365056,30424618,8192,8000.0
1768055714.5862916,18373248,30424618,8192,8000.0
1768055714.5863144,18381440,30424618,8192,8000.0
1768055714.589222,18389632,30424618,8192,2759.477009912027
1768055714.5892494,18397824,30424618,8192,8000.0
1768055714.5978067,18406016,30424618,8192,936.077600879135
1768055714.5978413,18414208,30424618,8192,8000.0
1768055714.6059663,18422400,30424618,8192,985.9866546149254
1768055714.6060207,18430592,30424618,8192,8000.0
1768055714.6140144,18438784,30424618,8192,1002.2174044573784
1768055714.614051,18446976,30424618,8192,8000.0
1768055714.624124,18455168,30424618,8192,795.0231534440152
1768055714.624146,18463360,30424618,8192,8000.0
1768055714.6300526,18471552,30424618,8192,1356.2310387164873
1768055714.6300752,18479744,30424618,8192,8000.0
1768055714.6385176,18487936,30424618,8192,948.2492970800184
1768055714.6385367,18496128,30424618,8192,8000.0
1768055714.6595016,18504320,30424618,8192,381.77410508637814
1768055714.6595373,18512512,30424618,8192,8000.0
1768055714.670697,18520704,30424618,8192,717.5660144197409
1768055714.6707423,18528896,30424618,8192,8000.0
1768055714.6707675,18537088,30424618,8192,8000.0
1768055714.6707873,18545280,30424618,8192,8000.0
1768055714.718494,18553472,30424618,8192,167.7296534729253
1768055714.7185462,18561664,30424618,8192,8000.0
1768055714.7290754,18569856,30424618,8192,760.4635017842533
1768055714.7290962,18578048,30424618,8192,8000.0
1768055714.7829943,18586240,30424618,8192,148.4560567806053
1768055714.7830281,18594432,30424618,8192,8000.0
1768055714.790752,18602624,30424618,8192,1036.8738308072166
1768055714.7907748,18610816,30424618,8192,8000.0
1768055714.801763,18619008,30424618,8192,728.7766572586385
1768055714.8017938,18627200,30424618,8192,8000.0
1768055714.8517718,18635392,30424618,8192,160.10695136322437
1768055714.8518195,18643584,30424618,8192,8000.0
1768055714.8582842,18651776,30424618,8192,1239.69503298837
1768055714.858317,18659968,30424618,8192,8000.0
1768055714.869601,18668160,30424618,8192,709.666542956003
1768055714.8696458,18676352,30424618,8192,8000.0
1768055714.93017,18684544,30424618,8192,132.207148793936
1768055714.9302206,18692736,30424618,8192,8000.0
1768055714.9421513,18700928,30424618,8192,671.1578334887514
1768055714.942189,18709120,30424618,8192,8000.0
1768055715.074922,18717312,30424618,8192,60.27641255497765
1768055715.0749516,18725504,30424618,8192,8000.0
1768055715.0749667,18733696,30424618,8192,8000.0
1768055715.0749817,18741888,30424618,8192,8000.0
1768055715.074998,18750080,30424618,8192,8000.0
1768055715.0750139,18758272,30424618,8192,8000.0
1768055715.0750299,18766464,30424618,8192,8000.0
1768055715.0750458,18774656,30424618,8192,8000.0
1768055715.0750616,18782848,30424618,8192,8000.0
1768055715.0750773,18791040,30424618,8192,8000.0
1768055715.0750926,18799232,30424618,8192,8000.0
1768055715.0751088,18807424,30424618,8192,8000.0
1768055715.075338,18815616,30424618,8192,8000.0
1768055715.0753624,18823808,30424618,8192,8000.0
1768055715.0783257,18832000,30424618,8192,2706.543138971178
1768055715.078351,18840192,30424618,8192,8000.0
1768055715.1413708,18848384,30424618,8192,126.96518289790721
1768055715.1414034,18856576,30424618,8192,8000.0
1768055715.1916015,18864768,30424618,8192,159.409229573317
1768055715.191644,18872960,30424618,8192,8000.0
1768055715.2029512,18881152,30424618,8192,708.0961950647586
1768055715.2029734,18889344,30424618,8192,8000.0
1768055715.2029862,18897536,30424618,8192,8000.0
1768055715.2030048,18905728,30424618,8192,8000.0
1768055715.2136617,18913920,30424618,8192,751.3571435545558
1768055715.2136831,18922112,30424618,8192,8000.0
1768055715.262159,18930304,30424618,8192,165.08562759299858
1768055715.2622309,18938496,30424618,8192,8000.0
1768055715.3369746,18946688,30424618,8192,107.05764122480663
1768055715.3370693,18954880,30424618,8192,8000.0
1768055715.3371084,18963072,30424618,8192,8000.0
1768055715.337142,18971264,30424618,8192,8000.0
1768055715.3371713,18979456,30424618,8192,8000.0
1768055715.3372,18987648,30424618,8192,8000.0
1768055715.3372278,18995840,30424618,8192,8000.0
1768055715.337263,19004032,30424618,8192,8000.0
1768055715.3387036,19012224,30424618,8192,5568.703899905188
1768055715.3387182,19020416,30424618,8192,8000.0
1768055715.3467662,19028608,30424618,8192,995.3962967035909
1768055715.346802,19036800,30424618,8192,8000.0
1768055715.3977206,19044992,30424618,8192,157.14869382908765
1768055715.397753,19053184,30424618,8192,8000.0
1768055715.403896,19061376,30424618,8192,1304.4187147623227
1768055715.4039242,19069568,30424618,8192,8000.0
1768055715.4177158,19077760,30424618,8192,580.5557354308294
1768055715.4177642,19085952,30424618,8192,8000.0
1768055715.4656215,19094144,30424618,8192,167.2003145141669
1768055715.4656465,19102336,30424618,8192,8000.0
1768055715.4733884,19110528,30424618,8192,1034.4203390022367
1768055715.47341,19118720,30424618,8192,8000.0
1768055715.5989683,19126912,30424618,8192,63.719379850715875
1768055715.598991,19135104,30424618,8192,8000.0
1768055715.6099892,19143296,30424618,8192,727.9477347342917
1768055715.610011,19151488,30424618,8192,8000.0
1768055715.6100233,19159680,30424618,8192,8000.0
1768055715.6100411,19167872,30424618,8192,8000.0
1768055715.6100512,19176064,30424618,8192,8000.0
1768055715.610062,19184256,30424618,8192,8000.0
1768055715.6100726,19192448,30424618,8192,8000.0
1768055715.6100845,19200640,30424618,8192,8000.0
1768055715.61023,19208832,30424618,8192,8000.0
1768055715.610312,19217024,30424618,8192,8000.0
1768055715.6103241,19225216,30424618,8192,8000.0
1768055715.6103356,19233408,30424618,8192,8000.0
1768055715.6103466,19241600,30424618,8192,8000.0
1768055715.6103601,19249792,30424618,8192,8000.0
1768055715.610371,19257984,30424618,8192,8000.0
1768055715.6103826,19266176,30424618,8192,8000.0
1768055715.6105196,19274368,30424618,8192,8000.0
1768055715.610532,19282560,30424618,8192,8000.0
1768055715.6150796,19290752,30424618,8192,1763.551761164411
1768055715.6151063,19298944,30424618,8192,8000.0
1768055715.6208303,19307136,30424618,8192,1400.045508670946
1768055715.6208744,19315328,30424618,8192,8000.0
1768055715.6664886,19323520,30424618,8192,175.4255165958946
1768055715.666531,19331712,30424618,8192,8000.0
1768055715.6776187,19339904,30424618,8192,722.21068288262
1768055715.6776552,19348096,30424618,8192,8000.0
1768055715.6845553,19356288,30424618,8192,1161.204176142429
1768055715.6845913,19364480,30424618,8192,8000.0
1768055715.7317405,19372672,30424618,8192,169.71805582228905
1768055715.7317836,19380864,30424618,8192,8000.0
1768055715.7382448,19389056,30424618,8192,1240.8294787216166
1768055715.7382948,19397248,30424618,8192,8000.0
1768055715.7491,19405440,30424618,8192,741.2280300016271
1768055715.7491596,19413632,30424618,8192,8000.0
1768055715.7546182,19421824,30424618,8192,1468.2401498539355
1768055715.7546463,19430016,30424618,8192,8000.0
1768055715.7653005,19438208,30424618,8192,751.6606991768739
1768055715.7653368,19446400,30424618,8192,8000.0
1768055715.7709894,19454592,30424618,8192,1418.2385490863385
1768055715.7710252,19462784,30424618,8192,8000.0
1768055715.7799282,19470976,30424618,8192,899.7660660595154
1768055715.7799623,19479168,30424618,8192,8000.0
1768055715.8256123,19487360,30424618,8192,175.28675809671822
1768055715.8256505,19495552,30424618,8192,8000.0
1768055715.8305357,19503744,30424618,8192,1638.8405481142995
1768055715.8305519,19511936,30424618,8192,8000.0
1768055715.83583,19520128,30424618,8192,1517.3643431502314
1768055715.8358576,19528320,30424618,8192,8000.0
1768055715.8790927,19536512,30424618,8192,185.08792827893748
1768055715.8792684,19544704,30424618,8192,8000.0
1768055715.8882024,19552896,30424618,8192,896.6699969233495
1768055715.8882425,19561088,30424618,8192,8000.0
1768055715.894853,19569280,30424618,8192,1212.2497916165198
1768055715.8948991,19577472,30424618,8192,8000.0
1768055715.938623,19585664,30424618,8192,183.0198736434168
1768055715.9386613,19593856,30424618,8192,8000.0
1768055715.9455562,19602048,30424618,8192,1162.0981628342925
1768055715.945585,19610240,30424618,8192,8000.0
1768055715.950941,19618432,30424618,8192,1495.830378857191
1768055715.9509687,19626624,30424618,8192,8000.0
1768055715.956974,19634816,30424618,8192,1334.4676278544587
1768055715.9570215,19643008,30424618,8192,8000.0
1768055715.9675274,19651200,30424618,8192,767.9459333338065
1768055715.9675548,19659392,30424618,8192,8000.0
1768055715.9675798,19667584,30424618,8192,8000.0
1768055715.967598,19675776,30424618,8192,8000.0
1768055715.9906137,19683968,30424618,8192,347.73235078023015
1768055715.990642,19692160,30424618,8192,8000.0
1768055715.9906588,19700352,30424618,8192,8000.0
1768055715.990676,19708544,30424618,8192,8000.0
1768055716.002382,19716736,30424618,8192,683.9711361584602
1768055716.0024107,19724928,30424618,8192,8000.0
1768055716.008558,19733120,30424618,8192,1303.865954728678
1768055716.0086083,19741312,30424618,8192,8000.0
1768055716.020725,19749504,30424618,8192,660.802049363539
1768055716.0207508,19757696,30424618,8192,8000.0
1768055716.020773,19765888,30424618,8192,8000.0
1768055716.0207903,19774080,30424618,8192,8000.0
1768055716.0325,19782272,30424618,8192,683.7840593100022
1768055716.03253,19790464,30424618,8192,8000.0
1768055716.0379767,19798656,30424618,8192,1472.211985057963
1768055716.0380113,19806848,30424618,8192,8000.0
1768055716.0435169,19815040,30424618,8192,1455.868989775578
1768055716.0435472,19823232,30424618,8192,8000.0
1768055716.0495305,19831424,30424618,8192,1339.1138478365351
1768055716.0495594,19839616,30424618,8192,8000.0
1768055716.0549812,19847808,30424618,8192,1478.2785456373251
1768055716.055011,19856000,30424618,8192,8000.0
1768055716.0657828,19864192,30424618,8192,743.4736965020107
1768055716.0659187,19872384,30424618,8192,8000.0
1768055716.0712295,19880576,30424618,8192,1508.3240661565806
1768055716.0712476,19888768,30424618,8192,8000.0
1768055716.076771,19896960,30424618,8192,1450.0634446835936
1768055716.0767949,19905152,30424618,8192,8000.0
1768055716.0873873,19913344,30424618,8192,755.9650351188145
1768055716.087422,19921536,30424618,8192,8000.0
1768055716.099031,19929728,30424618,8192,690.125169955413
1768055716.0991004,19937920,30424618,8192,8000.0
1768055716.1103795,19946112,30424618,8192,710.523748868473
1768055716.1104577,19954304,30424618,8192,8000.0
1768055716.1157238,19962496,30424618,8192,1523.6063615040805
1768055716.1158094,19970688,30424618,8192,8000.0
1768055716.1214552,19978880,30424618,8192,1420.1267620751682
1768055716.1214907,19987072,30424618,8192,8000.0
1768055716.1305861,19995264,30424618,8192,880.7468720623658
1768055716.1306257,20003456,30424618,8192,8000.0
1768055716.1395593,20011648,30424618,8192,896.9313689307812
1768055716.1397765,20019840,30424618,8192,8000.0
1768055716.1520603,20028032,30424618,8192,651.9436030336025
1768055716.1521182,20036224,30424618,8192,8000.0
1768055716.1614015,20044416,30424618,8192,863.5298947667968
1768055716.1614592,20052608,30424618,8192,8000.0
1768055716.1765077,20060800,30424618,8192,532.2015172536445
1768055716.1765878,20068992,30424618,8192,8000.0
1768055716.1812603,20077184,30424618,8192,1715.7073010018414
1768055716.181281,20085376,30424618,8192,8000.0
1768055716.1892965,20093568,30424618,8192,999.0384288902015
1768055716.18932,20101760,30424618,8192,8000.0
1768055716.2018676,20109952,30424618,8192,638.2282790720466
1768055716.201911,20118144,30424618,8192,8000.0
1768055716.2162778,20126336,30424618,8192,557.3553496212428
1768055716.2163193,20134528,30424618,8192,8000.0
1768055716.2224703,20142720,30424618,8192,1303.313687689676
1768055716.2225137,20150912,30424618,8192,8000.0
1768055716.2282677,20159104,30424618,8192,1393.0244405688213
1768055716.2283082,20167296,30424618,8192,8000.0
1768055716.2341743,20175488,30424618,8192,1366.026909225489
1768055716.2342083,20183680,30424618,8192,8000.0
1768055716.2399392,20191872,30424618,8192,1398.3080412237045
1768055716.2401543,20200064,30424618,8192,8000.0
1768055716.2454624,20208256,30424618,8192,1511.5729749194657
1768055716.2455213,20216448,30424618,8192,8000.0
1768055716.251089,20224640,30424618,8192,1440.3514672141273
1768055716.2511284,20232832,30424618,8192,8000.0
1768055716.2561996,20241024,30424618,8192,1580.9964240496602
1768055716.256248,20249216,30424618,8192,8000.0
1768055716.2620795,20257408,30424618,8192,1373.8386803627218
1768055716.262101,20265600,30424618,8192,8000.0
1768055716.273581,20273792,30424618,8192,697.3379098748427
1768055716.2736046,20281984,30424618,8192,8000.0
1768055716.278305,20290176,30424618,8192,1705.7205700644952
1768055716.2783465,20298368,30424618,8192,8000.0
1768055716.29772,20306560,30424618,8192,413.1868600575474
1768055716.297752,20314752,30424618,8192,8000.0
1768055716.297769,20322944,30424618,8192,8000.0
1768055716.2977874,20331136,30424618,8192,8000.0
1768055716.3093975,20339328,30424618,8192,689.774094814668
1768055716.3094423,20347520,30424618,8192,8000.0
1768055716.3155117,20355712,30424618,8192,1321.5058569289404
1768055716.3155818,20363904,30424618,8192,8000.0
1768055716.3273458,20372096,30424618,8192,680.7525675498769
1768055716.3274047,20380288,30424618,8192,8000.0
1768055716.3362174,20388480,30424618,8192,909.0909140169128
1768055716.3362844,20396672,30424618,8192,8000.0
1768055716.3389883,20404864,30424618,8192,2970.554360413206
1768055716.3390262,20413056,30424618,8192,8000.0
1768055716.3494148,20421248,30424618,8192,770.7277603616876
1768055716.3494408,20429440,30424618,8192,8000.0
1768055716.360875,20437632,30424618,8192,700.3230227443659
1768055716.360907,20445824,30424618,8192,8000.0
1768055716.360931,20454016,30424618,8192,8000.0
1768055716.360978,20462208,30424618,8192,8000.0
1768055716.378391,20470400,30424618,8192,459.7225567694113
1768055716.3784304,20478592,30424618,8192,8000.0
1768055716.3854969,20486784,30424618,8192,1133.8029258310867
1768055716.3855321,20494976,30424618,8192,8000.0
1768055716.3855472,20497600,30424618,8192,2562.5
1768055716.4019692,20505792,30424618,8192,487.40069355831105
1768055716.4021578,20513984,30424618,8192,8000.0
1768055716.409937,20522176,30424618,8192,1029.8396163344657
1768055716.4099865,20530368,30424618,8192,8000.0
1768055716.4273605,20538560,30424618,8192,460.72068000744775
1768055716.4273808,20546752,30424618,8192,8000.0
1768055716.4369767,20554944,30424618,8192,834.6635792624165
1768055716.4370158,20563136,30424618,8192,8000.0
1768055716.44187,20571328,30424618,8192,1651.4594832887105
1768055716.441895,20579520,30424618,8192,8000.0
1768055716.449545,20587712,30424618,8192,1047.2574840352595
1768055716.4495838,20595904,30424618,8192,8000.0
1768055716.4540048,20604096,30424618,8192,1812.7846326607453
1768055716.4540246,20612288,30424618,8192,8000.0
1768055716.4656205,20620480,30424618,8192,690.4170125995031
1768055716.465646,20628672,30424618,8192,8000.0
1768055716.4740317,20636864,30424618,8192,955.2352892402059
1768055716.4740644,20645056,30424618,8192,8000.0
1768055716.4784458,20653248,30424618,8192,1830.0354602961702
1768055716.4784775,20661440,30424618,8192,8000.0
1768055716.4904692,20669632,30424618,8192,667.8019327921039
1768055716.4905143,20677824,30424618,8192,8000.0
1768055716.4968212,20686016,30424618,8192,1270.4260719444878
1768055716.4968524,20694208,30424618,8192,8000.0
1768055716.5107927,20702400,30424618,8192,574.3413019923352
1768055716.511182,20710592,30424618,8192,8000.0
1768055716.516153,20718784,30424618,8192,1613.586386618383
1768055716.5161817,20726976,30424618,8192,8000.0
1768055716.5292723,20735168,30424618,8192,611.6488551300614
1768055716.5293117,20743360,30424618,8192,8000.0
1768055716.5293376,20751552,30424618,8192,8000.0
1768055716.5293603,20759744,30424618,8192,8000.0
1768055716.5507073,20767936,30424618,8192,374.9566445494216
1768055716.5509937,20776128,30424618,8192,8000.0
1768055716.5548964,20784320,30424618,8192,2056.132384816364
1768055716.5549302,20792512,30424618,8192,8000.0
1768055716.5708628,20800704,30424618,8192,502.46521853996126
1768055716.570893,20808896,30424618,8192,8000.0
1768055716.5832422,20817088,30424618,8192,648.4085622511966
1768055716.5832968,20825280,30424618,8192,8000.0
1768055716.5833294,20833472,30424618,8192,8000.0
1768055716.5833595,20841664,30424618,8192,8000.0
1768055716.590624,20849856,30424618,8192,1103.0679187460373
1768055716.5906634,20858048,30424618,8192,8000.0
1768055716.6016896,20866240,30424618,8192,726.3944552764344
1768055716.6017463,20874432,30424618,8192,8000.0
1768055716.6065662,20882624,30424618,8192,1667.9871682459427
1768055716.606602,20890816,30424618,8192,8000.0
1768055716.6230388,20899008,30424618,8192,487.00310306679927
1768055716.6230617,20907200,30424618,8192,8000.0
1768055716.6286774,20915392,30424618,8192,1426.8388465647586
1768055716.628706,20923584,30424618,8192,8000.0
1768055716.6389847,20931776,30424618,8192,778.9299469934815
1768055716.639008,20939968,30424618,8192,8000.0
1768055716.645291,20948160,30424618,8192,1274.8597784743592
1768055716.6453161,20956352,30424618,8192,8000.0
1768055716.656248,20964544,30424618,8192,732.3190672826889
1768055716.656707,20972736,30424618,8192,8000.0
1768055716.662071,20980928,30424618,8192,1493.819313265686
1768055716.662088,20989120,30424618,8192,8000.0
1768055716.662099,20997312,30424618,8192,8000.0
1768055716.6621113,21005504,30424618,8192,8000.0
1768055716.6739097,21013696,30424618,8192,678.5238768120253
1768055716.6739354,21021888,30424618,8192,8000.0
1768055716.6858995,21030080,30424618,8192,669.0977214342316
1768055716.686062,21038272,30424618,8192,8000.0
1768055716.6861427,21046464,30424618,8192,8000.0
1768055716.686158,21054656,30424618,8192,8000.0
1768055716.691337,21062848,30424618,8192,1546.1626375683481
1768055716.691358,21071040,30424618,8192,8000.0
1768055716.7014027,21079232,30424618,8192,797.138278885544
1768055716.7014241,21087424,30424618,8192,8000.0
1768055716.707791,21095616,30424618,8192,1258.0396611739477
1768055716.7078192,21103808,30424618,8192,8000.0
1768055716.7154832,21112000,30424618,8192,1045.2324396076692
1768055716.7155232,21120192,30424618,8192,8000.0
1768055716.720958,21128384,30424618,8192,1474.8174976925218
1768055716.7209883,21136576,30424618,8192,8000.0
1768055716.72761,21144768,30424618,8192,1209.77499186274
1768055716.7276375,21152960,30424618,8192,8000.0
1768055716.7331343,21161152,30424618,8192,1457.5400366517267
1768055716.7331603,21169344,30424618,8192,8000.0
1768055716.738265,21177536,30424618,8192,1568.7812334348728
1768055716.7382882,21185728,30424618,8192,8000.0
1768055716.7437232,21193920,30424618,8192,1473.6221605296691
1768055716.7437458,21202112,30424618,8192,8000.0
1768055716.7548063,21210304,30424618,8192,723.9229397967531
1768055716.754841,21218496,30424618,8192,8000.0
1768055716.760981,21226688,30424618,8192,1304.6314395903107
1768055716.7612603,21234880,30424618,8192,8000.0
1768055716.7724547,21243072,30424618,8192,715.4035291399651
1768055716.7724845,21251264,30424618,8192,8000.0
1768055716.7897544,21259456,30424618,8192,463.5209051374918
1768055716.7897825,21267648,30424618,8192,8000.0
1768055716.7897983,21275840,30424618,8192,8000.0
1768055716.7898145,21284032,30424618,8192,8000.0
1768055716.7976425,21292224,30424618,8192,1023.3319790461949
1768055716.7978492,21300416,30424618,8192,8000.0
1768055716.8148737,21308608,30424618,8192,470.29222900504243
1768055716.814927,21316800,30424618,8192,8000.0
1768055716.8204331,21324992,30424618,8192,1456.2399783088097
1768055716.8204753,21333184,30424618,8192,8000.0
1768055716.8315666,21341376,30424618,8192,721.9890817861633
1768055716.8315964,21349568,30424618,8192,8000.0
1768055716.8382049,21357760,30424618,8192,1212.139584580444
1768055716.8382258,21365952,30424618,8192,8000.0
1768055716.8497622,21374144,30424618,8192,694.1431682398072
1768055716.8498085,21382336,30424618,8192,8000.0
1768055716.856138,21390528,30424618,8192,1266.4440028361043
1768055716.8561773,21398720,30424618,8192,8000.0
1768055716.8621569,21406912,30424618,8192,1340.527488630594
1768055716.8621883,21415104,30424618,8192,8000.0
1768055716.880457,21423296,30424618,8192,438.1113011619652
1768055716.8804796,21431488,30424618,8192,8000.0
1768055716.8804934,21439680,30424618,8192,8000.0
1768055716.8805084,21447872,30424618,8192,8000.0
1768055716.8914907,21456064,30424618,8192,729.1286938708012
1768055716.8915224,21464256,30424618,8192,8000.0
1768055716.891542,21472448,30424618,8192,8000.0
1768055716.8915634,21480640,30424618,8192,8000.0
1768055716.896632,21488832,30424618,8192,1582.6228150910406
1768055716.897108,21497024,30424618,8192,8000.0
1768055716.9002802,21505216,30424618,8192,2537.8295976261215
1768055716.9003394,21513408,30424618,8192,8000.0
1768055716.9126997,21521600,30424618,8192,648.1826561695616
1768055716.912757,21529792,30424618,8192,8000.0
1768055716.9254024,21537984,30424618,8192,633.3072080078804
1768055716.92544,21546176,30424618,8192,8000.0
1768055716.931013,21554368,30424618,8192,1438.6419304343501
1768055716.9313364,21562560,30424618,8192,8000.0
1768055716.9421875,21570752,30424618,8192,738.4365483141157
1768055716.9422386,21578944,30424618,8192,8000.0
1768055716.947395,21587136,30424618,8192,1554.575323661563
1768055716.9474242,21595328,30424618,8192,8000.0
1768055716.9532783,21603520,30424618,8192,1369.3705997599957
1768055716.9533207,21611712,30424618,8192,8000.0
1768055716.9590638,21619904,30424618,8192,1396.1605644822541
1768055716.9591358,21628096,30424618,8192,8000.0
1768055716.96424,21636288,30424618,8192,1570.0127819478957
1768055716.9642606,21644480,30424618,8192,8000.0
1768055716.9702742,21652672,30424618,8192,1333.02230670365
1768055716.970319,21660864,30424618,8192,8000.0
1768055716.991794,21669056,30424618,8192,372.7726838082218
1768055716.9918392,21677248,30424618,8192,8000.0
1768055716.9918702,21685440,30424618,8192,8000.0
1768055716.9919403,21693632,30424618,8192,8000.0
1768055717.0020146,21701824,30424618,8192,795.3076852213023
1768055717.0020509,21710016,30424618,8192,8000.0
1768055717.0090542,21718208,30424618,8192,1144.5740006370488
1768055717.0091083,21726400,30424618,8192,8000.0
1768055717.0140502,21734592,30424618,8192,1622.0271437640606
1768055717.0140793,21742784,30424618,8192,8000.0
1768055717.0193212,21750976,30424618,8192,1528.4092958240924
1768055717.0196495,21759168,30424618,8192,8000.0
1768055717.0303423,21767360,30424618,8192,748.8533122060358
1768055717.0303612,21775552,30424618,8192,8000.0
1768055717.0431406,21783744,30424618,8192,626.4928136114075
1768055717.043173,21791936,30424618,8192,8000.0
1768055717.0492938,21800128,30424618,8192,1308.9861964906863
1768055717.0493152,21808320,30424618,8192,8000.0
1768055717.0662057,21816512,30424618,8192,473.9139960233816
1768055717.0663981,21824704,30424618,8192,8000.0
1768055717.0728242,21832896,30424618,8192,1247.2521581737592
1768055717.0728657,21841088,30424618,8192,8000.0
1768055717.0782473,21849280,30424618,8192,1489.3696135726125
1768055717.0782797,21857472,30424618,8192,8000.0
1768055717.0887973,21865664,30424618,8192,761.4841311958943
1768055717.088832,21873856,30424618,8192,8000.0
1768055717.0941029,21882048,30424618,8192,1520.2478274139228
1768055717.0941234,21890240,30424618,8192,8000.0
1768055717.0996375,21898432,30424618,8192,1453.8846007546845
1768055717.0996814,21906624,30424618,8192,8000.0
1768055717.1049666,21914816,30424618,8192,1517.2780076098077
1768055717.1049964,21923008,30424618,8192,8000.0
1768055717.1171298,21931200,30424618,8192,659.8591201189822
1768055717.1171548,21939392,30424618,8192,8000.0
1768055717.1283393,21947584,30424618,8192,716.043859395757
1768055717.1283724,21955776,30424618,8192,8000.0
1768055717.1342623,21963968,30424618,8192,1360.7293362013945
1768055717.134293,21972160,30424618,8192,8000.0
1768055717.1453671,21980352,30424618,8192,723.065801467094
1768055717.145498,21988544,30424618,8192,8000.0
1768055717.1455357,21996736,30424618,8192,8000.0
1768055717.145557,22004928,30424618,8192,8000.0
1768055717.1505857,22013120,30424618,8192,1594.2606535794625
1768055717.1509833,22021312,30424618,8192,8000.0
1768055717.1564314,22029504,30424618,8192,1472.2932679691849
1768055717.1564574,22037696,30424618,8192,8000.0
1768055717.167201,22045888,30424618,8192,745.4133784822402
1768055717.1672347,22054080,30424618,8192,8000.0
1768055717.1728644,22062272,30424618,8192,1423.9689436473675
1768055717.172904,22070464,30424618,8192,8000.0
1768055717.1782668,22078656,30424618,8192,1494.4890998568371
1768055717.1784558,22086848,30424618,8192,8000.0
1768055717.189898,22095040,30424618,8192,699.9186301322927
1768055717.1899402,22103232,30424618,8192,8000.0
1768055717.195582,22111424,30424618,8192,1420.6563336698941
1768055717.1956182,22119616,30424618,8192,8000.0
1768055717.2004457,22127808,30424618,8192,1660.5434081724102
1768055717.200474,22136000,30424618,8192,8000.0
1768055717.2059174,22144192,30424618,8192,1472.6184893887944
1768055717.2059536,22152384,30424618,8192,8000.0
1768055717.2190828,22160576,30424618,8192,609.7142715030591
1768055717.219105,22168768,30424618,8192,8000.0
1768055717.2243438,22176960,30424618,8192,1530.3682475744915
1768055717.2243826,22185152,30424618,8192,8000.0
1768055717.2410939,22193344,30424618,8192,479.07920899544155
1768055717.2411253,22201536,30424618,8192,8000.0
1768055717.2470272,22209728,30424618,8192,1357.565872493803
1768055717.2470534,22217920,30424618,8192,8000.0
1768055717.2644753,22226112,30424618,8192,459.41894997796084
1768055717.2644975,22234304,30424618,8192,8000.0
1768055717.26451,22242496,30424618,8192,8000.0
1768055717.2645228,22250688,30424618,8192,8000.0
1768055717.2695181,22258880,30424618,8192,1604.2673447844934
1768055717.269553,22267072,30424618,8192,8000.0
1768055717.2817888,22275264,30424618,8192,654.2629333090871
1768055717.28202,22283456,30424618,8192,8000.0
1768055717.2875102,22291648,30424618,8192,1458.7093846481428
1768055717.2875264,22299840,30424618,8192,8000.0
1768055717.2989192,22308032,30424618,8192,702.8024207923265
1768055717.2989488,22316224,30424618,8192,8000.0
1768055717.2989678,22324416,30424618,8192,8000.0
1768055717.2989876,22332608,30424618,8192,8000.0
1768055717.3102326,22340800,30424618,8192,712.3141335052907
1768055717.310538,22348992,30424618,8192,8000.0
1768055717.317173,22357184,30424618,8192,1209.080196954189
1768055717.317247,22365376,30424618,8192,8000.0
1768055717.333557,22373568,30424618,8192,490.8668094272317
1768055717.3335884,22381760,30424618,8192,8000.0
1768055717.3336082,22389952,30424618,8192,8000.0
1768055717.333626,22398144,30424618,8192,8000.0
1768055717.33991,22406336,30424618,8192,1276.5278463518368
1768055717.3399885,22414528,30424618,8192,8000.0
1768055717.3502467,22422720,30424618,8192,781.2881510985499
1768055717.350308,22430912,30424618,8192,8000.0
1768055717.3664718,22439104,30424618,8192,495.41738840609514
1768055717.3665698,22447296,30424618,8192,8000.0
1768055717.377541,22455488,30424618,8192,730.1068640012938
1768055717.3775818,22463680,30424618,8192,8000.0
1768055717.3833,22471872,30424618,8192,1402.0329415370866
1768055717.3833368,22480064,30424618,8192,8000.0
1768055717.396091,22488256,30424618,8192,627.9730642098575
1768055717.3961558,22496448,30424618,8192,8000.0
1768055717.407039,22504640,30424618,8192,736.2482651482467
1768055717.4071052,22512832,30424618,8192,8000.0
1768055717.4125648,22521024,30424618,8192,1469.7236910398271
1768055717.4126155,22529216,30424618,8192,8000.0
1768055717.4336255,22537408,30424618,8192,380.97233771057734
1768055717.4338975,22545600,30424618,8192,8000.0
1768055717.4439833,22553792,30424618,8192,794.1313607970902
1768055717.4440188,22561984,30424618,8192,8000.0
1768055717.4492412,22570176,30424618,8192,1534.566101949336
1768055717.449271,22578368,30424618,8192,8000.0
1768055717.4661918,22586560,30424618,8192,473.2859666067899
1768055717.4662526,22594752,30424618,8192,8000.0
1768055717.4719799,22602944,30424618,8192,1400.7563925233853
1768055717.4722984,22611136,30424618,8192,8000.0
1768055717.477487,22619328,30424618,8192,1547.897759673483
1768055717.477573,22627520,30424618,8192,8000.0
1768055717.4827323,22635712,30424618,8192,1554.4847018380858
1768055717.4827573,22643904,30424618,8192,8000.0
1768055717.4879048,22652096,30424618,8192,1556.1780532159428
1768055717.4879317,22660288,30424618,8192,8000.0
1768055717.4933274,22668480,30424618,8192,1485.77371078961
1768055717.4933703,22676672,30424618,8192,8000.0
1768055717.502261,22684864,30424618,8192,900.9110484628809
1768055717.5022993,22693056,30424618,8192,8000.0
1768055717.505124,22701248,30424618,8192,2839.094292939087
1768055717.505153,22709440,30424618,8192,8000.0
1768055717.5128522,22717632,30424618,8192,1040.5421243943665
1768055717.5128896,22725824,30424618,8192,8000.0
1768055717.5250275,22734016,30424618,8192,659.8046974361966
1768055717.5250647,22742208,30424618,8192,8000.0
1768055717.5333917,22750400,30424618,8192,962.3249670406091
1768055717.5334446,22758592,30424618,8192,8000.0
1768055717.5393925,22766784,30424618,8192,1348.3903572716174
1768055717.5394475,22774976,30424618,8192,8000.0
1768055717.5499132,22783168,30424618,8192,765.4183999742125
1768055717.549958,22791360,30424618,8192,8000.0
1768055717.5694458,22799552,30424618,8192,410.74087396999306
1768055717.5697567,22807744,30424618,8192,8000.0
1768055717.5784304,22815936,30424618,8192,923.6808620685576
1768055717.578461,22824128,30424618,8192,8000.0
1768055717.5859885,22832320,30424618,8192,1064.3676388512388
1768055717.5860178,22840512,30424618,8192,8000.0
1768055717.5964386,22848704,30424618,8192,768.4180197231552
1768055717.5964642,22856896,30424618,8192,8000.0
1768055717.607257,22865088,30424618,8192,741.9223184791229
1768055717.6074908,22873280,30424618,8192,8000.0
1768055717.617108,22881472,30424618,8192,832.8648441315269
1768055717.617147,22889664,30424618,8192,8000.0
1768055717.6230695,22897856,30424618,8192,1353.3402222393777
1768055717.6230981,22906048,30424618,8192,8000.0
1768055717.6391678,22914240,30424618,8192,498.1257999901824
1768055717.6391933,22922432,30424618,8192,8000.0
1768055717.6555488,22930624,30424618,8192,489.413379799091
1768055717.6555822,22938816,30424618,8192,8000.0
1768055717.6555986,22947008,30424618,8192,8000.0
1768055717.6556122,22955200,30424618,8192,8000.0
1768055717.6611469,22963392,30424618,8192,1447.4398557199838
1768055717.6611931,22971584,30424618,8192,8000.0
1768055717.6723182,22979776,30424618,8192,719.6186086160408
1768055717.672337,22987968,30424618,8192,8000.0
1768055717.6778376,22996160,30424618,8192,1456.2400091681093
1768055717.677857,23004352,30424618,8192,8000.0
1768055717.6830897,23012544,30424618,8192,1529.929240144794
1768055717.6831055,23020736,30424618,8192,8000.0
1768055717.688848,23028928,30424618,8192,1393.703929763926
1768055717.688864,23037120,30424618,8192,8000.0
1768055717.7023883,23045312,30424618,8192,591.8648175975359
1768055717.7024095,23053504,30424618,8192,8000.0
1768055717.7121508,23061696,30424618,8192,821.7855370719104
1768055717.7124588,23069888,30424618,8192,8000.0
1768055717.7253683,23078080,30424618,8192,620.19349639318
1768055717.725446,23086272,30424618,8192,8000.0
1768055717.731231,23094464,30424618,8192,1385.065536773518
1768055717.7312503,23102656,30424618,8192,8000.0
1768055717.7424614,23110848,30424618,8192,714.1263056506932
1768055717.7424853,23119040,30424618,8192,8000.0
1768055717.7481701,23127232,30424618,8192,1408.4506892883496
1768055717.7483082,23135424,30424618,8192,8000.0
1768055717.7643864,23143616,30424618,8192,497.8839931171216
1768055717.7644176,23151808,30424618,8192,8000.0
1768055717.7644317,23160000,30424618,8192,8000.0
1768055717.764446,23168192,30424618,8192,8000.0
1768055717.7816377,23176384,30424618,8192,465.652321570287
1768055717.781695,23184576,30424618,8192,8000.0
1768055717.7991803,23192768,30424618,8192,457.7575598384013
1768055717.7992005,23200960,30424618,8192,8000.0
1768055717.7992127,23209152,30424618,8192,8000.0
1768055717.7992256,23217344,30424618,8192,8000.0
1768055717.804398,23225536,30424618,8192,1549.0067062222397
1768055717.804419,23233728,30424618,8192,8000.0
1768055717.809922,23241920,30424618,8192,1456.6642320772073
1768055717.809957,23250112,30424618,8192,8000.0
1768055717.8212974,23258304,30424618,8192,706.2333930450403
1768055717.8213348,23266496,30424618,8192,8000.0
1768055717.827885,23274688,30424618,8192,1223.241595258742
1768055717.827913,23282880,30424618,8192,8000.0
1768055717.8331175,23291072,30424618,8192,1540.0311933990247
1768055717.8331459,23299264,30424618,8192,8000.0
1768055717.8505085,23307456,30424618,8192,461.0419549428022
1768055717.8505447,23315648,30424618,8192,8000.0
1768055717.8505633,23323840,30424618,8192,8000.0
1768055717.8508632,23332032,30424618,8192,8000.0
1768055717.8611646,23340224,30424618,8192,777.5067302703393
1768055717.861192,23348416,30424618,8192,8000.0
1768055717.8612084,23356608,30424618,8192,8000.0
1768055717.861225,23364800,30424618,8192,8000.0
1768055717.871713,23372992,30424618,8192,763.460764400469
1768055717.8717413,23381184,30424618,8192,8000.0
1768055717.877164,23389376,30424618,8192,1478.4151410139536
1768055717.8773563,23397568,30424618,8192,8000.0
1768055717.8827171,23405760,30424618,8192,1495.7744428099825
1768055717.8827555,23413952,30424618,8192,8000.0
1768055717.8892403,23422144,30424618,8192,1235.9984693790648
1768055717.889284,23430336,30424618,8192,8000.0
1768055717.89879,23438528,30424618,8192,842.5132161501156
1768055717.89882,23446720,30424618,8192,8000.0
1768055717.9140368,23454912,30424618,8192,526.101197147337
1768055717.914068,23463104,30424618,8192,8000.0
1768055717.919329,23471296,30424618,8192,1523.6354132637553
1768055717.9193602,23479488,30424618,8192,8000.0
1768055717.9241297,23487680,30424618,8192,1680.6722548466375
1768055717.9241595,23495872,30424618,8192,8000.0
1768055717.930268,23504064,30424618,8192,1311.8840078002713
1768055717.9302998,23512256,30424618,8192,8000.0
1768055717.9360228,23520448,30424618,8192,1400.609276522732
1768055717.9360528,23528640,30424618,8192,8000.0
1768055717.9467885,23536832,30424618,8192,746.0389960331745
1768055717.9468195,23545024,30424618,8192,8000.0
1768055717.9526234,23553216,30424618,8192,1380.9770437947689
1768055717.9526582,23561408,30424618,8192,8000.0
1768055717.9633908,23569600,30424618,8192,746.2616938588385
1768055717.96343,23577792,30424618,8192,8000.0
1768055717.9688768,23585984,30424618,8192,1471.6703597764586
1768055717.9692535,23594176,30424618,8192,8000.0
1768055717.9739728,23602368,30424618,8192,1700.1020152101903
1768055717.9740026,23610560,30424618,8192,8000.0
1768055717.9848497,23618752,30424618,8192,739.1392728186626
1768055717.9848819,23626944,30424618,8192,8000.0
1768055717.989938,23635136,30424618,8192,1584.754653366987
1768055717.9899569,23643328,30424618,8192,8000.0
1768055717.9960086,23651520,30424618,8192,1323.3202252511526
1768055717.996153,23659712,30424618,8192,8000.0
1768055718.001207,23667904,30424618,8192,1583.9075230671542
1768055718.0012617,23676096,30424618,8192,8000.0
1768055718.0066473,23684288,30424618,8192,1487.0164587056584
1768055718.0066757,23692480,30424618,8192,8000.0
1768055718.0175397,23700672,30424618,8192,736.994352802119
1768055718.0175736,23708864,30424618,8192,8000.0
1768055718.026669,23717056,30424618,8192,880.5045259648244
1768055718.0267012,23725248,30424618,8192,8000.0
1768055718.03791,23733440,30424618,8192,714.0625638077481
1768055718.0379338,23741632,30424618,8192,8000.0
1768055718.0498729,23749824,30424618,8192,670.7245492305319
1768055718.0499182,23758016,30424618,8192,8000.0
1768055718.0499496,23766208,30424618,8192,8000.0
1768055718.0499845,23774400,30424618,8192,8000.0
1768055718.0685978,23782592,30424618,8192,430.0543488200388
1768055718.0686293,23790784,30424618,8192,8000.0
1768055718.0771086,23798976,30424618,8192,944.6327158519717
1768055718.0771437,23807168,30424618,8192,8000.0
1768055718.088736,23815360,30424618,8192,690.8224209651967
1768055718.08878,23823552,30424618,8192,8000.0
1768055718.0933604,23831744,30424618,8192,1751.0834908033653
1768055718.0933948,23839936,30424618,8192,8000.0
1768055718.102321,23848128,30424618,8192,897.4847984546844
1768055718.1026835,23856320,30424618,8192,8000.0
1768055718.1096342,23864512,30424618,8192,1152.8041786986905
1768055718.1096585,23872704,30424618,8192,8000.0
1768055718.118699,23880896,30424618,8192,885.5729003247508
1768055718.1187165,23889088,30424618,8192,8000.0
1768055718.1356158,23897280,30424618,8192,473.68670471579037
1768055718.1356533,23905472,30424618,8192,8000.0
1768055718.140609,23913664,30424618,8192,1616.5208545127916
1768055718.1408763,23921856,30424618,8192,8000.0
1768055718.1522255,23930048,30424618,8192,706.7137778766873
1768055718.1523304,23938240,30424618,8192,8000.0
1768055718.1632118,23946432,30424618,8192,735.7674960434797
1768055718.1632323,23954624,30424618,8192,8000.0
1768055718.175228,23962816,30424618,8192,667.4509216696187
1768055718.175263,23971008,30424618,8192,8000.0
1768055718.1796706,23979200,30424618,8192,1818.8018307152656
1768055718.1797097,23987392,30424618,8192,8000.0
1768055718.18494,23995584,30424618,8192,1532.126765459571
1768055718.1849701,24003776,30424618,8192,8000.0
1768055718.2066805,24011968,30424618,8192,368.6720885839507
1768055718.2067122,24020160,30424618,8192,8000.0
1768055718.2105439,24028352,30424618,8192,2093.6927554388594
1768055718.210571,24036544,30424618,8192,8000.0
1768055718.2194684,24044736,30424618,8192,900.3229885626405
1768055718.2195027,24052928,30424618,8192,8000.0
1768055718.2312112,24061120,30424618,8192,683.918510449174
1768055718.2312446,24069312,30424618,8192,8000.0
1768055718.2432885,24077504,30424618,8192,664.8273106714951
1768055718.2433212,24085696,30424618,8192,8000.0
1768055718.2541924,24093888,30424618,8192,736.5939942629052
1768055718.2542233,24102080,30424618,8192,8000.0
1768055718.2600758,24110272,30424618,8192,1369.5112534644843
1768055718.2604694,24118464,30424618,8192,8000.0
1768055718.2659302,24126656,30424618,8192,1468.0246069458087
1768055718.2659569,24134848,30424618,8192,8000.0
1768055718.2783465,24143040,30424618,8192,646.2714137907997
1768055718.2783768,24151232,30424618,8192,8000.0
1768055718.2783926,24159424,30424618,8192,8000.0
1768055718.2784097,24167616,30424618,8192,8000.0
1768055718.2989166,24175808,30424618,8192,390.2819793210426
1768055718.299067,24184000,30424618,8192,8000.0
1768055718.3151367,24192192,30424618,8192,498.12580360093915
1768055718.3152099,24200384,30424618,8192,8000.0
1768055718.3152256,24208576,30424618,8192,8000.0
1768055718.3152397,24216768,30424618,8192,8000.0
1768055718.3311415,24224960,30424618,8192,503.4359526277813
1768055718.3311753,24233152,30424618,8192,8000.0
1768055718.3457644,24241344,30424618,8192,548.9227380011362
1768055718.345826,24249536,30424618,8192,8000.0
1768055718.351425,24257728,30424618,8192,1432.5877830685347
1768055718.35147,24265920,30424618,8192,8000.0
1768055718.3680773,24274112,30424618,8192,482.20657680747917
1768055718.3681417,24282304,30424618,8192,8000.0
1768055718.3737066,24290496,30424618,8192,1440.9481396886563
1768055718.37375,24298688,30424618,8192,8000.0
1768055718.384287,24306880,30424618,8192,760.1672422259835
1768055718.3843403,24315072,30424618,8192,8000.0
1768055718.389139,24323264,30424618,8192,1670.6344147815707
1768055718.389166,24331456,30424618,8192,8000.0
1768055718.394801,24339648,30424618,8192,1422.8039682950816
1768055718.394877,24347840,30424618,8192,8000.0
1768055718.4037647,24356032,30424618,8192,900.9617792504903
1768055718.4037862,24364224,30424618,8192,8000.0
1768055718.4193063,24372416,30424618,8192,515.7330838823283
1768055718.4195478,24380608,30424618,8192,8000.0
1768055718.4276185,24388800,30424618,8192,992.4203855443916
1768055718.4276428,24396992,30424618,8192,8000.0
1768055718.4422858,24405184,30424618,8192,546.6833398081435
1768055718.4423153,24413376,30424618,8192,8000.0
1768055718.4530678,24421568,30424618,8192,744.5808494297618
1768055718.4530892,24429760,30424618,8192,8000.0
1768055718.4582434,24437952,30424618,8192,1554.333653785149
1768055718.4583864,24446144,30424618,8192,8000.0
1768055718.4699397,24454336,30424618,8192,693.0126990602618
1768055718.470018,24462528,30424618,8192,8000.0
1768055718.4804301,24470720,30424618,8192,769.0754718689423
1768055718.480463,24478912,30424618,8192,8000.0
1768055718.4855385,24487104,30424618,8192,1579.6852387910571
1768055718.4855754,24495296,30424618,8192,8000.0
1768055718.4915912,24503488,30424618,8192,1332.4228258875207
1768055718.4916303,24511680,30424618,8192,8000.0
1768055718.5083442,24519872,30424618,8192,478.9988909404414
1768055718.508381,24528064,30424618,8192,8000.0
1768055718.5084038,24536256,30424618,8192,8000.0
1768055718.508428,24544448,30424618,8192,8000.0
1768055718.5172682,24552640,30424618,8192,906.464231858643
1768055718.5173247,24560832,30424618,8192,8000.0
1768055718.52249,24569024,30424618,8192,1553.4583924182878
1768055718.5225503,24577216,30424618,8192,8000.0
1768055718.538691,24585408,30424618,8192,496.05020077806415
1768055718.5387356,24593600,30424618,8192,8000.0
1768055718.5457513,24601792,30424618,8192,1142.8408191723186
1768055718.5458035,24609984,30424618,8192,8000.0
1768055718.5530133,24618176,30424618,8192,1111.5742717058567
1768055718.553054,24626368,30424618,8192,8000.0
1768055718.5702987,24634560,30424618,8192,464.2040665261371
1768055718.570559,24642752,30424618,8192,8000.0
1768055718.5933006,24650944,30424618,8192,351.97944506340383
1768055718.5933363,24659136,30424618,8192,8000.0
1768055718.6074138,24667328,30424618,8192,568.7594644691593
1768055718.6074507,24675520,30424618,8192,8000.0
1768055718.6239088,24683712,30424618,8192,486.3990668314717
1768055718.6239488,24691904,30424618,8192,8000.0
1768055718.637614,24700096,30424618,8192,585.8445356081484
1768055718.6378894,24708288,30424618,8192,8000.0
1768055718.6472635,24716480,30424618,8192,854.9383476894276
1768055718.6473858,24724672,30424618,8192,8000.0
1768055718.6645384,24732864,30424618,8192,466.7253958387175
1768055718.664577,24741056,30424618,8192,8000.0
1768055718.6646044,24749248,30424618,8192,8000.0
1768055718.6646373,24757440,30424618,8192,8000.0
1768055718.6703808,24765632,30424618,8192,1394.8460398746731
1768055718.6704018,24773824,30424618,8192,8000.0
1768055718.686304,24782016,30424618,8192,503.40110202021117
1768055718.6863337,24790208,30424618,8192,8000.0
1768055718.6975467,24798400,30424618,8192,714.2346929048059
1768055718.6975884,24806592,30424618,8192,8000.0
1768055718.702733,24814784,30424618,8192,1558.6642349021058
1768055718.7027712,24822976,30424618,8192,8000.0
1768055718.7081487,24831168,30424618,8192,1490.3684904727274
1768055718.7081819,24839360,30424618,8192,8000.0
1768055718.71884,24847552,30424618,8192,751.3430220584708
1768055718.718869,24855744,30424618,8192,8000.0
1768055718.7350402,24863936,30424618,8192,495.0158093348245
1768055718.735071,24872128,30424618,8192,8000.0
1768055718.7429721,24880320,30424618,8192,1013.8774460403808
1768055718.7430053,24888512,30424618,8192,8000.0
1768055718.7495215,24896704,30424618,8192,1229.7286798461466
1768055718.7498395,24904896,30424618,8192,8000.0
1768055718.7681718,24913088,30424618,8192,436.7145955857325
1768055718.7682061,24921280,30424618,8192,8000.0
1768055718.7940726,24929472,30424618,8192,309.3999571483199
1768055718.7940989,24937664,30424618,8192,8000.0
1768055718.8049042,24945856,30424618,8192,741.0083338624237
1768055718.8049235,24954048,30424618,8192,8000.0
1768055718.8108501,24962240,30424618,8192,1351.6253258200068
1768055718.8109927,24970432,30424618,8192,8000.0
1768055718.8163526,24978624,30424618,8192,1495.494825313471
1768055718.816449,24986816,30424618,8192,8000.0
1768055718.82715,24995008,30424618,8192,748.1599988921225
1768055718.8271718,25003200,30424618,8192,8000.0
1768055718.8382156,25011392,30424618,8192,724.9660112732018
1768055718.838236,25019584,30424618,8192,8000.0
1768055718.8382487,25027776,30424618,8192,8000.0
1768055718.8382623,25035968,30424618,8192,8000.0
1768055718.8435829,25044160,30424618,8192,1505.7406522527274
1768055718.8436034,25052352,30424618,8192,8000.0
1768055718.8576546,25060544,30424618,8192,569.8005729739955
1768055718.8576899,25068736,30424618,8192,8000.0
1768055718.8577094,25076928,30424618,8192,8000.0
1768055718.8577297,25085120,30424618,8192,8000.0
1768055718.8685162,25093312,30424618,8192,742.4662892780028
1768055718.8685493,25101504,30424618,8192,8000.0
1768055718.8859594,25109696,30424618,8192,459.78068438875994
1768055718.8859947,25117888,30424618,8192,8000.0
1768055718.8921268,25126080,30424618,8192,1307.275003427533
1768055718.8921602,25134272,30424618,8192,8000.0
1768055718.897064,25142464,30424618,8192,1635.4900992358785
1768055718.8970983,25150656,30424618,8192,8000.0
1768055718.9079719,25158848,30424618,8192,736.5804301415938
1768055718.9084728,25167040,30424618,8192,8000.0
1768055718.92252,25175232,30424618,8192,570.6948214689486
1768055718.9225657,25183424,30424618,8192,8000.0
1768055718.9327862,25191616,30424618,8192,783.683707956081
1768055718.9328294,25199808,30424618,8192,8000.0
1768055718.9425204,25208000,30424618,8192,826.6939479671595
1768055718.9425688,25216192,30424618,8192,8000.0
1768055718.956255,25224384,30424618,8192,585.1375060278904
1768055718.956518,25232576,30424618,8192,8000.0
1768055718.9609241,25240768,30424618,8192,1819.1741123834602
1768055718.961013,25248960,30424618,8192,8000.0
1768055718.9679925,25257152,30424618,8192,1148.3528378392627
1768055718.9680471,25265344,30424618,8192,8000.0
1768055718.9787204,25273536,30424618,8192,750.5042432644789
1768055718.9787724,25281728,30424618,8192,8000.0
1768055718.991064,25289920,30424618,8192,651.5453835155032
1768055718.9911137,25298112,30424618,8192,8000.0
1768055719.0029624,25306304,30424618,8192,675.7612851150122
1768055719.0029871,25314496,30424618,8192,8000.0
1768055719.0056806,25322688,30424618,8192,2976.9657572252945
1768055719.0057042,25330880,30424618,8192,8000.0
1768055719.0269725,25339072,30424618,8192,376.5556463233998
1768055719.0271132,25347264,30424618,8192,8000.0
1768055719.037798,25355456,30424618,8192,749.835974706679
1768055719.0378325,25363648,30424618,8192,8000.0
1768055719.0378532,25371840,30424618,8192,8000.0
1768055719.0378757,25380032,30424618,8192,8000.0
1768055719.0490985,25388224,30424618,8192,713.6803664049608
1768055719.0491538,25396416,30424618,8192,8000.0
1768055719.0573716,25404608,30424618,8192,975.0508902685377
1768055719.0575452,25412800,30424618,8192,8000.0
1768055719.0877764,25420992,30424618,8192,264.771784002404
1768055719.0882483,25429184,30424618,8192,8000.0
1768055719.097405,25437376,30424618,8192,875.3501313945964
1768055719.0974553,25445568,30424618,8192,8000.0
1768055719.1067116,25453760,30424618,8192,865.9226916428966
1768055719.1067681,25461952,30424618,8192,8000.0
1768055719.1235456,25470144,30424618,8192,477.2529307699211
1768055719.1235986,25478336,30424618,8192,8000.0
1768055719.1329103,25486528,30424618,8192,860.4093380515809
1768055719.1331675,25494720,30424618,8192,8000.0
1768055719.1467094,25502912,30424618,8192,591.3660564055814
1768055719.146835,25511104,30424618,8192,8000.0
1768055719.1468618,25519296,30424618,8192,8000.0
1768055719.1468854,25527488,30424618,8192,8000.0
1768055719.159354,25535680,30424618,8192,642.2401290949872
1768055719.159396,25543872,30424618,8192,8000.0
1768055719.1635745,25552064,30424618,8192,1920.261128887975
1768055719.1636107,25560256,30424618,8192,8000.0
1768055719.1738229,25568448,30424618,8192,784.3521729722464
1768055719.1738646,25576640,30424618,8192,8000.0
1768055719.1833384,25584832,30424618,8192,845.5497675040348
1768055719.1833808,25593024,30424618,8192,8000.0
1768055719.1873791,25601216,30424618,8192,2005.81687633966
1768055719.187408,25609408,30424618,8192,8000.0
1768055719.1960242,25617600,30424618,8192,929.8109026787174
1768055719.1960647,25625792,30424618,8192,8000.0
1768055719.2021677,25633984,30424618,8192,1314.0820517398124
1768055719.202247,25642176,30424618,8192,8000.0
1768055719.2139726,25650368,30424618,8192,683.1184357057194
1768055719.2140114,25658560,30424618,8192,8000.0
1768055719.2189894,25666752,30424618,8192,1616.4881906781836
1768055719.2191439,25674944,30424618,8192,8000.0
1768055719.229439,25683136,30424618,8192,778.4221364642393
1768055719.2298236,25691328,30424618,8192,8000.0
1768055719.2363935,25699520,30424618,8192,1220.5541161795911
1768055719.2364326,25707712,30424618,8192,8000.0
1768055719.249404,25715904,30424618,8192,617.3363445777801
1768055719.2495341,25724096,30424618,8192,8000.0
1768055719.2606614,25732288,30424618,8192,720.1886927187687
1768055719.260712,25740480,30424618,8192,8000.0
1768055719.264787,25748672,30424618,8192,1968.8430714403528
1768055719.265029,25756864,30424618,8192,8000.0
1768055719.2925436,25765056,30424618,8192,290.87841656910257
1768055719.292634,25773248,30424618,8192,8000.0
1768055719.3057206,25781440,30424618,8192,611.8640427388508
1768055719.305755,25789632,30424618,8192,8000.0
1768055719.3201523,25797824,30424618,8192,556.0304979548328
1768055719.3201783,25806016,30424618,8192,8000.0
1768055719.3334336,25814208,30424618,8192,604.1429093351032
1768055719.3334763,25822400,30424618,8192,8000.0
1768055719.3359165,25830592,30424618,8192,3285.0161745255573
1768055719.3359327,25838784,30424618,8192,8000.0
1768055719.3414128,25846976,30424618,8192,1462.2822619916942
1768055719.341453,25855168,30424618,8192,8000.0
1768055719.3509295,25863360,30424618,8192,844.9067929400467
1768055719.3509562,25871552,30424618,8192,8000.0
1768055719.3693256,25879744,30424618,8192,435.7749446751213
1768055719.3693655,25887936,30424618,8192,8000.0
1768055719.3749423,25896128,30424618,8192,1437.6336557287616
1768055719.374983,25904320,30424618,8192,8000.0
1768055719.3806863,25912512,30424618,8192,1405.2591721107754
1768055719.3807194,25920704,30424618,8192,8000.0
1768055719.387743,25928896,30424618,8192,1141.813194150695
1768055719.3878036,25937088,30424618,8192,8000.0
1768055719.3984125,25945280,30424618,8192,755.0660210495374
1768055719.398832,25953472,30424618,8192,8000.0
1768055719.4037657,25961664,30424618,8192,1626.5452294026136
1768055719.403803,25969856,30424618,8192,8000.0
1768055719.4070647,25978048,30424618,8192,2459.4952103900864
1768055719.4071033,25986240,30424618,8192,8000.0
1768055719.416018,25994432,30424618,8192,898.7148350098965
1768055719.4160576,26002624,30424618,8192,8000.0
1768055719.424114,26010816,30424618,8192,995.13625963546
1768055719.4244485,26019008,30424618,8192,8000.0
1768055719.4389045,26027200,30424618,8192,554.11255264704
1768055719.439102,26035392,30424618,8192,8000.0
1768055719.4459083,26043584,30424618,8192,1177.3362676504557
1768055719.4459305,26051776,30424618,8192,8000.0
1768055719.4586735,26059968,30424618,8192,628.1998934483692
1768055719.4587002,26068160,30424618,8192,8000.0
1768055719.4650385,26076352,30424618,8192,1263.6234379366035
1768055719.4650712,26084544,30424618,8192,8000.0
1768055719.4690428,26092736,30424618,8192,2017.9598838736292
1768055719.4690688,26100928,30424618,8192,8000.0
1768055719.479303,26109120,30424618,8192,782.3425305198448
1768055719.4793334,26117312,30424618,8192,8000.0
1768055719.4855099,26125504,30424618,8192,1296.9327671879248
1768055719.4855328,26133696,30424618,8192,8000.0
1768055719.5223117,26141888,30424618,8192,217.57517903720895
1768055719.5223477,26150080,30424618,8192,8000.0
1768055719.5315402,26158272,30424618,8192,873.5341003704171
1768055719.53159,26166464,30424618,8192,8000.0
1768055719.5465057,26174656,30424618,8192,536.8370912632504
1768055719.546554,26182848,30424618,8192,8000.0
1768055719.5490108,26191040,30424618,8192,3268.3743768722134
1768055719.5490391,26199232,30424618,8192,8000.0
1768055719.5582666,26207424,30424618,8192,867.8107308063828
1768055719.5586002,26215616,30424618,8192,8000.0
1768055719.5657892,26223808,30424618,8192,1114.1750990734895
1768055719.5658076,26232000,30424618,8192,8000.0
1768055719.5741248,26240192,30424618,8192,963.0780063948474
1768055719.5741527,26248384,30424618,8192,8000.0
1768055719.5844429,26256576,30424618,8192,778.2404040285301
1768055719.5844736,26264768,30424618,8192,8000.0
1768055719.5939157,26272960,30424618,8192,848.1404525359919
1768055719.594107,26281152,30424618,8192,8000.0
1768055719.602386,26289344,30424618,8192,967.5390668484899
1768055719.6024778,26297536,30424618,8192,8000.0
1768055719.615233,26305728,30424618,8192,627.6035756396885
1768055719.6152534,26313920,30424618,8192,8000.0
1768055719.6200392,26322112,30424618,8192,1674.6912102753129
1768055719.6200583,26330304,30424618,8192,8000.0
1768055719.6292129,26338496,30424618,8192,874.9097740642889
1768055719.6292534,26346688,30424618,8192,8000.0
1768055719.6477494,26354880,30424618,8192,432.7973858284619
1768055719.6477842,26363072,30424618,8192,8000.0
1768055719.6530478,26371264,30424618,8192,1522.7073858385097
1768055719.653086,26379456,30424618,8192,8000.0
1768055719.658421,26387648,30424618,8192,1502.093564004668
1768055719.6584418,26395840,30424618,8192,8000.0
1768055719.662038,26404032,30424618,8192,2229.219514071861
1768055719.6620584,26412224,30424618,8192,8000.0
1768055719.682783,26420416,30424618,8192,386.20849492847117
1768055719.6828127,26428608,30424618,8192,8000.0
1768055719.6880608,26436800,30424618,8192,1527.1838853849545
1768055719.6880896,26444992,30424618,8192,8000.0
1768055719.6965194,26453184,30424618,8192,950.0736207036665
1768055719.6966882,26461376,30424618,8192,8000.0
1768055719.705058,26469568,30424618,8192,961.9893948820851
1768055719.7053635,26477760,30424618,8192,8000.0
1768055719.7121375,26485952,30424618,8192,1183.186908866917
1768055719.7121933,26494144,30424618,8192,8000.0
1768055719.7192965,26502336,30424618,8192,1127.9520637732408
1768055719.7193215,26510528,30424618,8192,8000.0
1768055719.7291996,26518720,30424618,8192,811.0957891473872
1768055719.7292392,26526912,30424618,8192,8000.0
1768055719.738893,26535104,30424618,8192,829.6603608296687
1768055719.7390978,26543296,30424618,8192,8000.0
1768055719.748473,26551488,30424618,8192,854.5912885543986
1768055719.748588,26559680,30424618,8192,8000.0
1768055719.7564414,26567872,30424618,8192,1020.1739409220077
1768055719.7564762,26576064,30424618,8192,8000.0
1768055719.7610424,26584256,30424618,8192,1755.8106349943134
1768055719.7610729,26592448,30424618,8192,8000.0
1768055719.7721565,26600640,30424618,8192,722.5694632858892
1768055719.7721887,26608832,30424618,8192,8000.0
1768055719.7790554,26617024,30424618,8192,1166.8441352306581
1768055719.7790847,26625216,30424618,8192,8000.0
1768055719.7896292,26633408,30424618,8192,759.5609745696895
1768055719.7896674,26641600,30424618,8192,8000.0
1768055719.794915,26649792,30424618,8192,1527.5921145059046
1768055719.7949393,26657984,30424618,8192,8000.0
1768055719.805665,26666176,30424618,8192,746.5681205467258
1768055719.8056965,26674368,30424618,8192,8000.0
1768055719.8116953,26682560,30424618,8192,1336.0946049286713
1768055719.8117383,26690752,30424618,8192,8000.0
1768055719.8202825,26698944,30424618,8192,937.075395366806
1768055719.8203056,26707136,30424618,8192,8000.0
1768055719.8320117,26715328,30424618,8192,683.8892774430849
1768055719.8320343,26723520,30424618,8192,8000.0
1768055719.8394432,26731712,30424618,8192,1080.9204021740318
1768055719.8397176,26739904,30424618,8192,8000.0
1768055719.849034,26748096,30424618,8192,859.7343460193615
1768055719.8490634,26756288,30424618,8192,8000.0
1768055719.8580835,26764480,30424618,8192,888.0008850097163
1768055719.8581183,26772672,30424618,8192,8000.0
1768055719.8651788,26780864,30424618,8192,1135.0254668488446
1768055719.865216,26789056,30424618,8192,8000.0
1768055719.8745744,26797248,30424618,8192,855.981175844087
1768055719.875004,26805440,30424618,8192,8000.0
1768055719.891999,26813632,30424618,8192,471.27296615792
1768055719.89213,26821824,30424618,8192,8000.0
1768055719.900494,26830016,30424618,8192,957.6365474905015
1768055719.9005225,26838208,30424618,8192,8000.0
1768055719.9113467,26846400,30424618,8192,739.8091348520837
1768055719.9113798,26854592,30424618,8192,8000.0
1768055719.9241164,26862784,30424618,8192,629.0791807726526
1768055719.92418,26870976,30424618,8192,8000.0
1768055719.9325953,26879168,30424618,8192,952.1429092039197
1768055719.932648,26887360,30424618,8192,8000.0
1768055719.936185,26895552,30424618,8192,2268.7311640066096
1768055719.9366632,26903744,30424618,8192,8000.0
1768055719.9468403,26911936,30424618,8192,786.8671866854096
1768055719.9468927,26920128,30424618,8192,8000.0
1768055719.9515562,26928320,30424618,8192,1719.3948018486237
1768055719.9515922,26936512,30424618,8192,8000.0
1768055719.9616938,26944704,30424618,8192,792.840649065001
1768055719.961728,26952896,30424618,8192,8000.0
1768055719.9732797,26961088,30424618,8192,693.661664068242
1768055719.973344,26969280,30424618,8192,8000.0
1768055719.9892359,26977472,30424618,8192,503.76564561614475
1768055719.9892893,26985664,30424618,8192,8000.0
1768055719.9936454,26993856,30424618,8192,1842.0022528245077
1768055719.9940124,27002048,30424618,8192,8000.0
1768055720.0044816,27010240,30424618,8192,765.2573111666713
1768055720.0045323,27018432,30424618,8192,8000.0
1768055720.0254607,27026624,30424618,8192,382.4512251235414
1768055720.0254843,27034816,30424618,8192,8000.0
1768055720.0306432,27043008,30424618,8192,1553.2774196520338
1768055720.0306623,27051200,30424618,8192,8000.0
1768055720.0306737,27059392,30424618,8192,8000.0
1768055720.0308306,27067584,30424618,8192,8000.0
1768055720.0415456,27075776,30424618,8192,747.3771721453409
1768055720.0416343,27083968,30424618,8192,8000.0
1768055720.048426,27092160,30424618,8192,1179.6452302565033
1768055720.0484624,27100352,30424618,8192,8000.0
1768055720.0557392,27108544,30424618,8192,1101.5338853686574
1768055720.0557935,27116736,30424618,8192,8000.0
1768055720.0681784,27124928,30424618,8192,646.5795983276194
1768055720.0682178,27133120,30424618,8192,8000.0
1768055720.0846126,27141312,30424618,8192,488.30509443659366
1768055720.084645,27149504,30424618,8192,8000.0
1768055720.0895221,27157696,30424618,8192,1647.1411537372053
1768055720.0896354,27165888,30424618,8192,8000.0
1768055720.0979092,27174080,30424618,8192,968.2065259983748
1768055720.0979335,27182272,30424618,8192,8000.0
1768055720.108376,27190464,30424618,8192,766.7976578304094
1768055720.1084023,27198656,30424618,8192,8000.0
1768055720.1127837,27206848,30424618,8192,1830.7055166008186
1768055720.112836,27215040,30424618,8192,8000.0
1768055720.1190958,27223232,30424618,8192,1279.959021926543
1768055720.119118,27231424,30424618,8192,8000.0
1768055720.1283703,27239616,30424618,8192,865.5198575911752
1768055720.1283934,27247808,30424618,8192,8000.0
1768055720.1343267,27256000,30424618,8192,1350.6212745185962
1768055720.1353834,27264192,30424618,8192,7654.770425983644
1768055720.1425638,27272384,30424618,8192,1116.6945734535498
1768055720.1425858,27280576,30424618,8192,8000.0
1768055720.1513515,27288768,30424618,8192,913.3671291845761
1768055720.151373,27296960,30424618,8192,8000.0
1768055720.1614208,27305152,30424618,8192,796.7730715736079
1768055720.1614408,27313344,30424618,8192,8000.0
1768055720.16859,27321536,30424618,8192,1120.024637078776
1768055720.1687539,27329728,30424618,8192,8000.0
1768055720.1874115,27337920,30424618,8192,428.9912277867375
1768055720.1874955,27346112,30424618,8192,8000.0
1768055720.2047918,27354304,30424618,8192,462.75675846173203
1768055720.2048135,27362496,30424618,8192,8000.0
1768055720.2159247,27370688,30424618,8192,720.5259822682993
1768055720.2159448,27378880,30424618,8192,8000.0
1768055720.2211592,27387072,30424618,8192,1536.24577830432
1768055720.2211812,27395264,30424618,8192,8000.0
1768055720.229833,27403456,30424618,8192,925.4653304741731
1768055720.2298539,27411648,30424618,8192,8000.0
1768055720.2337122,27419840,30424618,8192,2075.496166086624
1768055720.2337308,27428032,30424618,8192,8000.0
1768055720.2448983,27436224,30424618,8192,716.820185810136
1768055720.2449198,27444416,30424618,8192,8000.0
1768055720.248062,27452608,30424618,8192,2549.313254444991
1768055720.2480783,27460800,30424618,8192,8000.0
1768055720.26498,27468992,30424618,8192,473.5717374645496
1768055720.2650025,27477184,30424618,8192,8000.0
1768055720.273063,27485376,30424618,8192,993.6777313158244
1768055720.2730973,27493568,30424618,8192,8000.0
1768055720.2777631,27501760,30424618,8192,1718.9144876303876
1768055720.2778015,27509952,30424618,8192,8000.0
1768055720.2844315,27518144,30424618,8192,1208.7696047010097
1768055720.284832,27526336,30424618,8192,8000.0
1768055720.2949138,27534528,30424618,8192,794.5572774652949
1768055720.2949336,27542720,30424618,8192,8000.0
1768055720.3028886,27550912,30424618,8192,1006.4665490122917
1768055720.3029122,27559104,30424618,8192,8000.0
1768055720.3065822,27567296,30424618,8192,2184.8968660417195
1768055720.3066084,27575488,30424618,8192,8000.0
1768055720.3157666,27583680,30424618,8192,874.5080852782188
1768055720.3159826,27591872,30424618,8192,8000.0
1768055720.32807,27600064,30424618,8192,662.4929620287802
1768055720.328183,27608256,30424618,8192,8000.0
1768055720.3363278,27616448,30424618,8192,983.3083388530376
1768055720.3363597,27624640,30424618,8192,8000.0
1768055720.3458946,27632832,30424618,8192,839.9391046356974
1768055720.3459296,27641024,30424618,8192,8000.0
1768055720.3559322,27649216,30424618,8192,800.6645465672353
1768055720.3559597,27657408,30424618,8192,8000.0
1768055720.3706436,27665600,30424618,8192,545.129945832614
1768055720.370666,27673792,30424618,8192,8000.0
1768055720.3819766,27681984,30424618,8192,707.9019542971022
1768055720.3820324,27690176,30424618,8192,8000.0
1768055720.3935456,27698368,30424618,8192,695.4284313587583
1768055720.3935666,27706560,30424618,8192,8000.0
1768055720.3982513,27714752,30424618,8192,1711.193352451267
1768055720.398368,27722944,30424618,8192,8000.0
1768055720.4290328,27731136,30424618,8192,261.01397429778257
1768055720.4290628,27739328,30424618,8192,8000.0
1768055720.4381294,27747520,30424618,8192,883.3824789623663
1768055720.4381573,27755712,30424618,8192,8000.0
1768055720.4526324,27763904,30424618,8192,553.0476374895788
1768055720.4526606,27772096,30424618,8192,8000.0
1768055720.472794,27780288,30424618,8192,397.56096306220354
1768055720.4731696,27788480,30424618,8192,8000.0
1768055720.4888935,27796672,30424618,8192,509.3108410506211
1768055720.4889345,27804864,30424618,8192,8000.0
1768055720.5041914,27813056,30424618,8192,524.7725433982256
1768055720.5042315,27821248,30424618,8192,8000.0
1768055720.520262,27829440,30424618,8192,499.39448492495194
1768055720.5202928,27837632,30424618,8192,8000.0
1768055720.5335417,27845824,30424618,8192,604.3437213499035
1768055720.5337749,27854016,30424618,8192,8000.0
1768055720.5500386,27862208,30424618,8192,493.8576471514035
1768055720.550242,27870400,30424618,8192,8000.0
1768055720.5739071,27878592,30424618,8192,338.21919287558484
1768055720.5739405,27886784,30424618,8192,8000.0
1768055720.595314,27894976,30424618,8192,374.449443483082
1768055720.5953376,27903168,30424618,8192,8000.0
1768055720.6425595,27911360,30424618,8192,169.4412673482722
1768055720.64258,27919552,30424618,8192,8000.0
1768055720.651269,27927744,30424618,8192,922.1370470869681
1768055720.651325,27935936,30424618,8192,8000.0
1768055720.6666205,27944128,30424618,8192,523.4951168968089
1768055720.6667488,27952320,30424618,8192,8000.0
1768055720.6820467,27960512,30424618,8192,523.3683998111717
1768055720.6820836,27968704,30424618,8192,8000.0
1768055720.68709,27976896,30424618,8192,1599.9040035388134
1768055720.6871157,27985088,30424618,8192,8000.0
1768055720.6999807,27993280,30424618,8192,622.43731075615
1768055720.700027,28001472,30424618,8192,8000.0
1768055720.7090006,28009664,30424618,8192,892.6578982970954
1768055720.7090456,28017856,30424618,8192,8000.0
1768055720.7230487,28026048,30424618,8192,571.8411137020016
1768055720.723088,28034240,30424618,8192,8000.0
1768055720.7318985,28042432,30424618,8192,908.9463078206087
1768055720.732253,28050624,30424618,8192,8000.0
1768055720.7402864,28058816,30424618,8192,997.0959610892817
1768055720.7403057,28067008,30424618,8192,8000.0
1768055720.7515662,28075200,30424618,8192,710.8709940350725
1768055720.7515917,28083392,30424618,8192,8000.0
1768055720.7603397,28091584,30424618,8192,915.6985131365427
1768055720.7603788,28099776,30424618,8192,8000.0
1768055720.7711842,28107968,30424618,8192,742.921349814046
1768055720.7714095,28116160,30424618,8192,8000.0
1768055720.7773845,28124352,30424618,8192,1341.201712925922
1768055720.7775354,28132544,30424618,8192,8000.0
1768055720.785427,28140736,30424618,8192,1015.0223376922316
1768055720.785464,28148928,30424618,8192,8000.0
1768055720.7940938,28157120,30424618,8192,928.3003894865776
1768055720.7941318,28165312,30424618,8192,8000.0
1768055720.8049126,28173504,30424618,8192,742.9558474367904
1768055720.8049526,28181696,30424618,8192,8000.0
1768055720.8220708,28189888,30424618,8192,467.62295565231403
1768055720.8220994,28198080,30424618,8192,8000.0
1768055720.833303,28206272,30424618,8192,714.7196502889228
1768055720.8333342,28214464,30424618,8192,8000.0
1768055720.850803,28222656,30424618,8192,458.2478895630181
1768055720.8508346,28230848,30424618,8192,8000.0
1768055720.850852,28239040,30424618,8192,8000.0
1768055720.8508718,28247232,30424618,8192,8000.0
1768055720.8536913,28255424,30424618,8192,2846.266073314524
1768055720.8537192,28263616,30424618,8192,8000.0
1768055720.8631005,28271808,30424618,8192,853.9345056821685
1768055720.8631382,28280000,30424618,8192,8000.0
1768055720.8718235,28288192,30424618,8192,922.328426393316
1768055720.8718526,28296384,30424618,8192,8000.0
1768055720.8820283,28304576,30424618,8192,786.9910391134547
1768055720.882436,28312768,30424618,8192,8000.0
1768055720.8865838,28320960,30424618,8192,1935.7804654995914
1768055720.8866193,28329152,30424618,8192,8000.0
1768055720.893769,28337344,30424618,8192,1120.6522209059785
1768055720.8937967,28345536,30424618,8192,8000.0
1768055720.8999946,28353728,30424618,8192,1293.0337639803283
1768055720.900027,28361920,30424618,8192,8000.0
1768055720.9094605,28370112,30424618,8192,849.0225594869493
1768055720.9096766,28378304,30424618,8192,8000.0
1768055720.9236126,28386496,30424618,8192,574.5557978568554
1768055720.923743,28394688,30424618,8192,8000.0
1768055720.9237642,28402880,30424618,8192,8000.0
1768055720.9237814,28411072,30424618,8192,8000.0
1768055720.9316897,28419264,30424618,8192,1012.7607758891303
1768055720.9317195,28427456,30424618,8192,8000.0
1768055720.9354372,28435648,30424618,8192,2153.3740681776208
1768055720.9354532,28443840,30424618,8192,8000.0
1768055720.945212,28452032,30424618,8192,820.6390763049327
1768055720.9452534,28460224,30424618,8192,8000.0
1768055720.952132,28468416,30424618,8192,1164.2629598727583
1768055720.9521513,28476608,30424618,8192,8000.0
1768055720.9621015,28484800,30424618,8192,804.6670757244907
1768055720.9621239,28492992,30424618,8192,8000.0
1768055720.984872,28501184,30424618,8192,351.82465007835964
1768055720.9849033,28509376,30424618,8192,8000.0
1768055720.9849238,28517568,30424618,8192,8000.0
1768055720.9849637,28525760,30424618,8192,8000.0
1768055720.996465,28533952,30424618,8192,696.5546649458365
1768055720.9965343,28542144,30424618,8192,8000.0
1768055721.0092626,28550336,30424618,8192,629.2870205816517
1768055721.0093288,28558528,30424618,8192,8000.0
1768055721.0146706,28566720,30424618,8192,1500.7410016657652
1768055721.0149612,28574912,30424618,8192,8000.0
1768055721.033605,28583104,30424618,8192,429.391872104832
1768055721.0336394,28591296,30424618,8192,8000.0
1768055721.0336628,28599488,30424618,8192,8000.0
1768055721.033686,28607680,30424618,8192,8000.0
1768055721.055829,28615872,30424618,8192,361.4642925631785
1768055721.0558574,28624064,30424618,8192,8000.0
1768055721.0558722,28632256,30424618,8192,8000.0
1768055721.0560625,28640448,30424618,8192,8000.0
1768055721.0669966,28648640,30424618,8192,732.4263420546591
1768055721.06716,28656832,30424618,8192,8000.0
1768055721.077187,28665024,30424618,8192,798.5227302527381
1768055721.0772061,28673216,30424618,8192,8000.0
1768055721.0868979,28681408,30424618,8192,826.3096983512555
1768055721.086934,28689600,30424618,8192,8000.0
1768055721.0869591,28697792,30424618,8192,8000.0
1768055721.086987,28705984,30424618,8192,8000.0
1768055721.0961208,28714176,30424618,8192,877.116036034325
1768055721.0961716,28722368,30424618,8192,8000.0
1768055721.1049278,28730560,30424618,8192,914.8816950043179
1768055721.1049597,28738752,30424618,8192,8000.0
1768055721.121219,28746944,30424618,8192,492.3319307951705
1768055721.1212492,28755136,30424618,8192,8000.0
1768055721.1274288,28763328,30424618,8192,1296.9958225545215
1768055721.1274738,28771520,30424618,8192,8000.0
1768055721.1326752,28779712,30424618,8192,1541.2773162981719
1768055721.1327078,28787904,30424618,8192,8000.0
1768055721.1484818,28796096,30424618,8192,507.6142138351056
1768055721.1485145,28804288,30424618,8192,8000.0
1768055721.1597707,28812480,30424618,8192,711.3577181756273
1768055721.1597962,28820672,30424618,8192,8000.0
1768055721.1598108,28828864,30424618,8192,8000.0
1768055721.1600838,28837056,30424618,8192,8000.0
1768055721.170804,28845248,30424618,8192,747.0561284001844
1768055721.170833,28853440,30424618,8192,8000.0
1768055721.1813364,28861632,30424618,8192,762.325852765358
1768055721.181355,28869824,30424618,8192,8000.0
1768055721.1872933,28878016,30424618,8192,1348.6631380042625
1768055721.187313,28886208,30424618,8192,8000.0
1768055721.1983893,28894400,30424618,8192,723.1573003595788
1768055721.1986668,28902592,30424618,8192,8000.0
1768055721.2011118,28910784,30424618,8192,3287.040811610613
1768055721.2012682,28918976,30424618,8192,8000.0
1768055721.2155263,28927168,30424618,8192,561.4941362921859
1768055721.2155564,28935360,30424618,8192,8000.0
1768055721.2335434,28943552,30424618,8192,445.04030463214906
1768055721.233574,28951744,30424618,8192,8000.0
1768055721.255929,28959936,30424618,8192,358.07641291074765
1768055721.2559826,28968128,30424618,8192,8000.0
1768055721.2663429,28976320,30424618,8192,773.1560247151241
1768055721.2663627,28984512,30424618,8192,8000.0
1768055721.2887812,28992704,30424618,8192,357.0328790247587
1768055721.2888224,29000896,30424618,8192,8000.0
1768055721.3030274,29009088,30424618,8192,563.6541730247757
1768055721.3030639,29017280,30424618,8192,8000.0
1768055721.3099618,29025472,30424618,8192,1161.9125011679237
1768055721.309996,29033664,30424618,8192,8000.0
1768055721.3363864,29041856,30424618,8192,303.2232637271501
1768055721.3364077,29050048,30424618,8192,8000.0
1768055721.3525212,29058240,30424618,8192,496.73397265188316
1768055721.3525417,29066432,30424618,8192,8000.0
1768055721.3626373,29074624,30424618,8192,793.1078945755381
1768055721.3626647,29082816,30424618,8192,8000.0
1768055721.3924325,29091008,30424618,8192,268.842499296425
1768055721.3927453,29099200,30424618,8192,8000.0
1768055721.4036272,29107392,30424618,8192,735.9773320682823
1768055721.4036627,29115584,30424618,8192,8000.0
1768055721.422392,29123776,30424618,8192,427.38923853938667
1768055721.422423,29131968,30424618,8192,8000.0
1768055721.433598,29140160,30424618,8192,716.5312700662477
1768055721.4336298,29148352,30424618,8192,8000.0
1768055721.4493613,29156544,30424618,8192,508.86700650632
1768055721.4495735,29164736,30424618,8192,8000.0
1768055721.460129,29172928,30424618,8192,758.8476851678645
1768055721.4602966,29181120,30424618,8192,8000.0
1768055721.4764285,29189312,30424618,8192,496.22558598463417
1768055721.4764495,29197504,30424618,8192,8000.0
1768055721.4873157,29205696,30424618,8192,736.8246528823938
1768055721.4873369,29213888,30424618,8192,8000.0
1768055721.5080128,29222080,30424618,8192,387.0867852927712
1768055721.5080347,29230272,30424618,8192,8000.0
1768055721.518576,29238464,30424618,8192,759.4744438384984
1768055721.5185962,29246656,30424618,8192,8000.0
1768055721.5221937,29254848,30424618,8192,2227.605609667104
1768055721.522215,29263040,30424618,8192,8000.0
1768055721.5369217,29271232,30424618,8192,544.2399032829542
1768055721.536949,29279424,30424618,8192,8000.0
1768055721.5480976,29287616,30424618,8192,718.1715307238356
1768055721.548166,29295808,30424618,8192,8000.0
1768055721.5481834,29304000,30424618,8192,8000.0
1768055721.5482004,29312192,30424618,8192,8000.0
1768055721.5629268,29320384,30424618,8192,543.566883115825
1768055721.5629542,29328576,30424618,8192,8000.0
1768055721.562971,29336768,30424618,8192,8000.0
1768055721.5629818,29338688,30424618,8192,1875.0
1768055721.5770538,29346880,30424618,8192,568.9455272402546
1768055721.5770938,29355072,30424618,8192,8000.0
1768055721.5878344,29363264,30424618,8192,745.6704449868922
1768055721.5878801,29371456,30424618,8192,8000.0
1768055721.5976493,29379648,30424618,8192,819.7561194568401
1768055721.5976758,29387840,30424618,8192,8000.0
1768055721.616249,29396032,30424618,8192,430.9532140973119
1768055721.6162763,29404224,30424618,8192,8000.0
1768055721.639662,29412416,30424618,8192,342.22695636684637
1768055721.6396852,29420608,30424618,8192,8000.0
1768055721.6444864,29428800,30424618,8192,1668.5785553680685
1768055721.6445982,29436992,30424618,8192,8000.0
1768055721.7252676,29445184,30424618,8192,99.18470180137706
1768055721.7253146,29453376,30424618,8192,8000.0
1768055721.736651,29461568,30424618,8192,706.3955303160914
1768055721.7366836,29469760,30424618,8192,8000.0
1768055721.7582338,29477952,30424618,8192,371.4037672000113
1768055721.7582715,29486144,30424618,8192,8000.0
1768055721.769563,29494336,30424618,8192,709.905848081967
1768055721.7695973,29502528,30424618,8192,8000.0
1768055721.7914882,29510720,30424618,8192,365.6791806348539
1768055721.7915118,29518912,30424618,8192,8000.0
1768055721.8022232,29527104,30424618,8192,747.3911368285322
1768055721.802246,29535296,30424618,8192,8000.0
1768055721.812811,29543488,30424618,8192,758.0926452969475
1768055721.812848,29551680,30424618,8192,8000.0
1768055721.8330526,29559872,30424618,8192,396.25734815747666
1768055721.833121,29568064,30424618,8192,8000.0
1768055721.844112,29576256,30424618,8192,728.597448519671
1768055721.8441339,29584448,30424618,8192,8000.0
1768055721.865435,29592640,30424618,8192,375.8409436015961
1768055721.8654902,29600832,30424618,8192,8000.0
1768055721.8763206,29609024,30424618,8192,739.4603817364163
1768055721.876383,29617216,30424618,8192,8000.0
1768055721.8885357,29625408,30424618,8192,658.8374798545868
1768055721.8885837,29633600,30424618,8192,8000.0
1768055721.9092627,29641792,30424618,8192,387.03622180293354
1768055721.909284,29649984,30424618,8192,8000.0
1768055721.9297242,29658176,30424618,8192,391.5771743003847
1768055721.92975,29666368,30424618,8192,8000.0
1768055721.952249,29674560,30424618,8192,355.7073239179048
1768055721.9522688,29682752,30424618,8192,8000.0
1768055721.9524195,29690944,30424618,8192,8000.0
1768055721.9525092,29699136,30424618,8192,8000.0
1768055721.9629157,29707328,30424618,8192,769.4749293092713
1768055721.9629502,29715520,30424618,8192,8000.0
1768055721.9686766,29723712,30424618,8192,1399.3108410050477
1768055721.9687064,29731904,30424618,8192,8000.0
1768055721.974188,29740096,30424618,8192,1461.374054998738
1768055721.9742146,29748288,30424618,8192,8000.0
1768055721.9881566,29756480,30424618,8192,574.1393273980086
1768055721.988184,29764672,30424618,8192,8000.0
1768055721.9939225,29772864,30424618,8192,1396.355519617776
1768055721.993952,29781056,30424618,8192,8000.0
1768055722.0046823,29789248,30424618,8192,746.512379777812
1768055722.0047283,29797440,30424618,8192,8000.0
1768055722.0205684,29805632,30424618,8192,505.5579779363166
1768055722.0206292,29813824,30424618,8192,8000.0
1768055722.0259302,29822016,30424618,8192,1513.1740449216175
1768055722.0259762,29830208,30424618,8192,8000.0
1768055722.032757,29838400,30424618,8192,1181.5791835937512
1768055722.0327888,29846592,30424618,8192,8000.0
1768055722.0421627,29854784,30424618,8192,856.9898170078357
1768055722.0422053,29862976,30424618,8192,8000.0
1768055722.0524535,29871168,30424618,8192,781.1279498006438
1768055722.0524805,29879360,30424618,8192,8000.0
1768055722.0579886,29887552,30424618,8192,1454.9951608338745
1768055722.058026,29895744,30424618,8192,8000.0
1768055722.0747736,29903936,30424618,8192,478.0228984867865
1768055722.0748074,29912128,30424618,8192,8000.0
1768055722.0881183,29920320,30424618,8192,601.5354197860285
1768055722.0881603,29928512,30424618,8192,8000.0
1768055722.0935948,29936704,30424618,8192,1474.8446553310944
1768055722.093624,29944896,30424618,8192,8000.0
1768055722.093837,29953088,30424618,8192,8000.0
1768055722.0939858,29961280,30424618,8192,8000.0
1768055722.1107013,29969472,30424618,8192,478.9272011451298
1768055722.110742,29977664,30424618,8192,8000.0
1768055722.1159549,29985856,30424618,8192,1537.45626675481
1768055722.1159837,29994048,30424618,8192,8000.0
1768055722.136459,30002240,30424618,8192,390.89603225731383
1768055722.1364834,30010432,30424618,8192,8000.0
1768055722.1542554,30018624,30424618,8192,450.40733785207453
1768055722.1542938,30026816,30424618,8192,8000.0
1768055722.1543205,30035008,30424618,8192,8000.0
1768055722.1543484,30043200,30424618,8192,8000.0
1768055722.164751,30051392,30424618,8192,769.8896113741973
1768055722.1647925,30059584,30424618,8192,8000.0
1768055722.1754768,30067776,30424618,8192,749.4285589463094
1768055722.1755,30075968,30424618,8192,8000.0
1768055722.1755126,30084160,30424618,8192,8000.0
1768055722.1755264,30092352,30424618,8192,8000.0
1768055722.1849782,30100544,30424618,8192,847.0179697487793
1768055722.1850054,30108736,30424618,8192,8000.0
1768055722.194953,30116928,30424618,8192,804.8856548970023
1768055722.1949737,30125120,30424618,8192,8000.0
1768055722.2227318,30133312,30424618,8192,288.32153634324203
1768055722.2227628,30141504,30424618,8192,8000.0
1768055722.2355072,30149696,30424618,8192,628.2837594990814
1768055722.235558,30157888,30424618,8192,8000.0
1768055722.2383316,30166080,30424618,8192,2893.518538007468
1768055722.2383575,30174272,30424618,8192,8000.0
1768055722.2722313,30182464,30424618,8192,236.24535186567095
1768055722.2722576,30190656,30424618,8192,8000.0
1768055722.2902246,30198848,30424618,8192,445.49878997406415
1768055722.2902474,30207040,30424618,8192,8000.0
1768055722.29043,30215232,30424618,8192,8000.0
1768055722.2905784,30223424,30424618,8192,8000.0
1768055722.3000262,30231616,30424618,8192,847.8797691410131
1768055722.3000605,30239808,30424618,8192,8000.0
1768055722.3210545,30248000,30424618,8192,381.25375406181615
1768055722.3210921,30256192,30424618,8192,8000.0
1768055722.3263214,30264384,30424618,8192,1533.0075578829646
1768055722.326355,30272576,30424618,8192,8000.0
1768055722.3334286,30280768,30424618,8192,1132.4226753679532
1768055722.3334613,30288960,30424618,8192,8000.0
1768055722.3445385,30297152,30424618,8192,722.87632593248
1768055722.3445673,30305344,30424618,8192,8000.0
1768055722.350114,30313536,30424618,8192,1444.643076494286
1768055722.3501425,30321728,30424618,8192,8000.0
1768055722.356085,30329920,30424618,8192,1348.5267338433807
1768055722.3561153,30338112,30424618,8192,8000.0
1768055722.3669062,30346304,30424618,8192,742.1012588247629
1768055722.366939,30354496,30424618,8192,8000.0
1768055722.372593,30362688,30424618,8192,1417.25866132713
1768055722.3726156,30370880,30424618,8192,8000.0
1768055722.3822625,30379072,30424618,8192,830.2113897872276
1768055722.382292,30387264,30424618,8192,8000.0
1768055722.3946846,30395456,30424618,8192,646.0052649453967
1768055722.3947072,30403648,30424618,8192,8000.0
1768055722.402989,30411840,30424618,8192,966.9192720663366
1768055722.4030228,30420032,30424618,8192,8000.0
1768055722.404895,30424618,30424618,8192,2400.4478834431607
