time,downloaded,total,chunk_size,speed_kbps
1768152613.340138,1369,30424618,8192,1336.9140625
1768152613.3423517,9561,30424618,8192,2518.8525141826644
1768152613.3424442,17753,30424618,8192,4345.901676121776
1768152613.343271,25945,30424618,8192,5259.426257091332
1768152613.3434157,34137,30424618,8192,5807.541005673066
1768152613.3434856,42329,30424618,8192,6172.950838060889
1768152613.3436677,50521,30424618,8192,6433.957861195047
1768152613.3437145,54694,30424618,8192,6139.112542608166
1768152613.3444283,58923,30424618,8192,5915.86479481837
1768152613.518715,63152,30424618,8192,5326.648614028075
1768152613.5215032,67381,30424618,8192,5343.820506515823
1768152613.522086,71610,30424618,8192,5386.729691179289
1768152613.5237665,75839,30424618,8192,4838.459729895936
1768152613.524113,80068,30424618,8192,4451.448011145936
1768152613.5272613,88260,30424618,8192,3909.38771906678
1768152613.527311,92755,30424618,8192,3548.35256281678
1768152613.527826,96984,30424618,8192,3161.34084406678
1768152613.529247,105176,30424618,8192,3339.1300931115525
1768152613.5293067,105442,30424618,8192,2952.1183743615525
1768152613.5336282,113634,30424618,8192,3136.9000919678288
1768152613.5337086,121826,30424618,8192,3786.036793230082
1768152613.5337439,122358,30424618,8192,3425.001636980082
1768152613.5341504,126587,30424618,8192,3586.259879513435
1768152613.7041063,131072,30424618,8192,3175.849387374264
1768152613.7045653,135301,30424618,8192,3330.8979607034207
1768152613.7056148,139530,30424618,8192,3304.9213982034207
1768152613.7062383,143759,30424618,8192,3304.9213982034207
1768152613.707524,147988,30424618,8192,3053.9619769362935
1768152613.7078943,152217,30424618,8192,3440.9736956862935
1768152613.708795,156446,30424618,8192,3666.809960638475
1768152613.7093732,160675,30424618,8192,3279.798241888475
1768152613.714152,168867,30424618,8192,3396.9461401051003
1768152613.714289,177059,30424618,8192,3783.9578588551003
1768152613.7143238,177591,30424618,8192,3833.3331947442703
1768152613.7173743,185783,30424618,8192,3687.2963281843863
1768152613.7175262,193975,30424618,8192,4074.3080469343863
1768152613.717581,194507,30424618,8192,3713.2728906843863
1768152613.7183478,202699,30424618,8192,4178.923531656741
1768152613.718386,202965,30424618,8192,3791.9118129067406
1768152613.7188861,207194,30424618,8192,3791.9118129067406
1768152613.7200336,211423,30424618,8192,3751.4548856846836
1768152613.7208827,215652,30424618,8192,3995.3421437180587
1768152613.722004,219881,30424618,8192,3581.9991350688165
1768152613.7259011,228073,30424618,8192,3738.0705535677093
1768152613.726052,236265,30424618,8192,4271.119138877593
1768152613.7297647,244457,30424618,8192,3689.5253157259044
1768152613.7298596,252649,30424618,8192,4437.572190725905
1768152613.89963,260841,30424618,8192,3642.285814515652
1768152613.899924,269033,30424618,8192,4416.3092520156515
1768152613.9000454,277225,30424618,8192,4803.3209707656515
1768152613.9000854,278528,30424618,8192,4558.035710487709
1768152613.9020169,286720,30424618,8192,4570.104596125999
1768152613.9020867,294912,30424618,8192,4983.447604775241
1768152613.9021444,303104,30424618,8192,5575.423061276348
1768152613.9022017,311296,30424618,8192,5575.423061276348
1768152613.9027998,319488,30424618,8192,6157.016884428036
1768152613.9028635,327680,30424618,8192,6157.016884428036
1768152613.9073284,335872,30424618,8192,6333.2455165430365
1768152613.9074104,344064,30424618,8192,6333.2455165430365
1768152613.9090214,352256,30424618,8192,6043.417002402077
1768152613.909102,360448,30424618,8192,6716.170908652077
1768152613.9123588,368640,30424618,8192,6540.055736518722
1768152613.9124355,376832,30424618,8192,6540.055736518722
1768152613.9153373,385024,30424618,8192,6019.385353081437
1768152613.9154103,393216,30424618,8192,6019.385353081437
1768152613.918146,401408,30424618,8192,5516.661572446656
1768152613.918231,409600,30424618,8192,5516.661572446656
1768152613.9205725,417792,30424618,8192,5683.077231747718
1768152613.9206579,425984,30424618,8192,5683.077231747718
1768152613.924243,434176,30424618,8192,5399.02858409412
1768152613.9245276,442368,30424618,8192,5399.02858409412
1768152613.9273117,450560,30424618,8192,5443.341715884942
1768152613.9274886,458752,30424618,8192,5443.341715884942
1768152613.9316037,466944,30424618,8192,5361.586869912941
1768152613.931763,475136,30424618,8192,5361.586869912941
1768152613.9336123,483328,30424618,8192,5508.113991058687
1768152613.9338164,491520,30424618,8192,5508.113991058687
1768152613.937671,499712,30424618,8192,5372.940785209794
1768152613.9378414,507904,30424618,8192,5372.940785209794
1768152614.095631,516096,30424618,8192,5151.8895420835115
1768152614.0957003,524288,30424618,8192,5151.8895420835115
1768152614.096929,532480,30424618,8192,5525.968389563194
1768152614.096986,540672,30424618,8192,5525.968389563194
1768152614.100557,548864,30424618,8192,5554.529255765344
1768152614.1006296,557056,30424618,8192,5554.529255765344
1768152614.1024795,565248,30424618,8192,5550.673151504259
1768152614.102548,573440,30424618,8192,5550.673151504259
1768152614.1062264,581632,30424618,8192,5558.353225351081
1768152614.1063,589824,30424618,8192,5558.353225351081
1768152614.1091251,598016,30424618,8192,5840.091947775698
1768152614.109201,606208,30424618,8192,5840.091947775698
1768152614.1116426,614400,30424618,8192,5504.694429731633
1768152614.111714,622592,30424618,8192,5504.694429731633
1768152614.1152706,630784,30424618,8192,5505.760509845654
1768152614.115336,638976,30424618,8192,5505.760509845654
1768152614.117937,647168,30424618,8192,5377.582566627206
1768152614.1180048,655360,30424618,8192,5377.582566627206
1768152614.1263933,663552,30424618,8192,5253.567491187032
1768152614.126469,671744,30424618,8192,5253.567491187032
1768152614.1265357,679936,30424618,8192,5766.757173683256
1768152614.1265948,688128,30424618,8192,5766.757173683256
1768152614.1270154,696320,30424618,8192,6234.820717701882
1768152614.127077,704512,30424618,8192,6234.820717701882
1768152614.1318882,712704,30424618,8192,6175.372567015927
1768152614.1319625,720896,30424618,8192,6175.372567015927
1768152614.1338484,729088,30424618,8192,6296.292983207493
1768152614.133927,737280,30424618,8192,6296.292983207493
1768152614.1362636,745472,30424618,8192,6547.816256050138
1768152614.1363308,753664,30424618,8192,6547.816256050138
1768152614.1403642,761856,30424618,8192,5948.146794440227
1768152614.1404293,770048,30424618,8192,5948.146794440227
1768152614.1424978,778240,30424618,8192,5541.712004293636
1768152614.1425786,786432,30424618,8192,5541.712004293636
1768152614.1497815,794624,30424618,8192,5485.69028469779
1768152614.1499636,802816,30424618,8192,5485.69028469779
1768152614.150549,811008,30424618,8192,5853.000575474793
1768152614.1507785,819200,30424618,8192,5853.000575474793
1768152614.1513138,827392,30424618,8192,6305.627594868583
1768152614.1533642,835584,30424618,8192,5906.007963403108
1768152614.1542475,843776,30424618,8192,6505.677425013018
1768152614.1543176,851968,30424618,8192,6505.677425013018
1768152614.1623478,860160,30424618,8192,6212.239877058909
1768152614.1624172,868352,30424618,8192,6212.239877058909
1768152614.162471,876544,30424618,8192,6900.5080304338235
1768152614.162543,884736,30424618,8192,6900.5080304338235
1768152614.1647813,892928,30424618,8192,6470.844124509392
1768152614.1648588,901120,30424618,8192,6470.844124509392
1768152614.166368,909312,30424618,8192,6213.290538068256
1768152614.1664364,917504,30424618,8192,6612.910169533732
1768152614.1698954,925696,30424618,8192,6046.999427766263
1768152614.1699636,933888,30424618,8192,6046.999427766263
1768152614.172912,942080,30424618,8192,6221.51214184259
1768152614.1729834,950272,30424618,8192,6221.51214184259
1768152614.1752565,958464,30424618,8192,5778.511569641711
1768152614.175327,966656,30424618,8192,5778.511569641711
1768152614.1780677,974848,30424618,8192,5703.411132881202
1768152614.1781313,983040,30424618,8192,5703.411132881202
1768152614.1817136,991232,30424618,8192,5386.494714698807
1768152614.1817873,999424,30424618,8192,5386.494714698807
1768152614.1849227,1007616,30424618,8192,5410.2287834720355
1768152614.1849864,1015808,30424618,8192,5410.2287834720355
1768152614.1880786,1024000,30424618,8192,5397.3770698124445
1768152614.1881478,1032192,30424618,8192,5397.3770698124445
1768152614.2825556,1040384,30424618,8192,5048.85515488712
1768152614.282622,1048576,30424618,8192,5048.85515488712
1768152614.287654,1056768,30424618,8192,4914.162128169998
1768152614.2877374,1064960,30424618,8192,4914.162128169998
1768152614.2902555,1073152,30424618,8192,5009.904372771882
1768152614.2903152,1081344,30424618,8192,5009.904372771882
1768152614.2933493,1089536,30424618,8192,5018.499051418322
1768152614.2934055,1097728,30424618,8192,5018.499051418322
1768152614.2992988,1105920,30424618,8192,4893.066278652064
1768152614.2993512,1114112,30424618,8192,4893.066278652064
1768152614.3002605,1122304,30424618,8192,5684.588765778268
1768152614.3003318,1130496,30424618,8192,5684.588765778268
1768152614.3018916,1138688,30424618,8192,6046.273387047921
1768152614.3019466,1146880,30424618,8192,6046.273387047921
1768152614.304833,1155072,30424618,8192,6005.221122795613
1768152614.3048973,1163264,30424618,8192,6005.221122795613
1768152614.312934,1171456,30424618,8192,5838.75813811202
1768152614.312993,1179648,30424618,8192,5838.75813811202
1768152614.3173084,1187840,30424618,8192,5889.209024828489
1768152614.3187237,1196032,30424618,8192,5671.662667929167
1768152614.3199635,1204224,30424618,8192,5534.408093783958
1768152614.3200192,1212416,30424618,8192,5534.408093783958
1768152614.3231435,1220608,30424618,8192,5270.603820737704
1768152614.323201,1228800,30424618,8192,5270.603820737704
1768152614.3255312,1236992,30424618,8192,5337.72666101086
1768152614.3255863,1245184,30424618,8192,5337.72666101086
1768152614.3291209,1253376,30424618,8192,5465.899837698917
1768152614.3291757,1261568,30424618,8192,5465.899837698917
1768152614.3323996,1269760,30424618,8192,5529.429450734074
1768152614.3324573,1277952,30424618,8192,5746.9758076333965
1768152614.3352637,1286144,30424618,8192,5372.622601944744
1768152614.335318,1294336,30424618,8192,5372.622601944744
1768152614.3380847,1302528,30424618,8192,5406.607972007007
1768152614.3381732,1310720,30424618,8192,5406.607972007007
1768152614.341731,1318912,30424618,8192,5286.202630413575
1768152614.3417926,1327104,30424618,8192,5286.202630413575
1768152614.3444123,1335296,30424618,8192,5367.074055659392
1768152614.3444707,1343488,30424618,8192,5367.074055659392
1768152614.3489585,1351680,30424618,8192,5296.363593916538
1768152614.3490217,1359872,30424618,8192,5296.363593916538
1768152614.3545399,1368064,30424618,8192,5153.935471270791
1768152614.3546183,1376256,30424618,8192,5153.935471270791
1768152614.3548675,1384448,30424618,8192,5661.527122387189
1768152614.354931,1392640,30424618,8192,5661.527122387189
1768152614.356644,1400832,30424618,8192,5910.92192759947
1768152614.3567045,1409024,30424618,8192,5910.92192759947
1768152614.3592849,1417216,30424618,8192,5916.288849620413
1768152614.3593605,1425408,30424618,8192,5916.288849620413
1768152614.362088,1433600,30424618,8192,6033.663216713294
1768152614.3621504,1441792,30424618,8192,6033.663216713294
1768152614.3658412,1449984,30424618,8192,6106.895219462995
1768152614.3660994,1458176,30424618,8192,6106.895219462995
1768152614.367576,1466368,30424618,8192,5860.069027932672
1768152614.3676353,1474560,30424618,8192,5860.069027932672
1768152614.3702786,1482752,30424618,8192,5690.449938572959
1768152614.370351,1490944,30424618,8192,5690.449938572959
1768152614.3736658,1499136,30424618,8192,5619.829778343849
1768152614.3737292,1507328,30424618,8192,5619.829778343849
1768152614.3780649,1515520,30424618,8192,5509.144631484132
1768152614.3782318,1523712,30424618,8192,5509.144631484132
1768152614.3789914,1531904,30424618,8192,6089.948531214039
1768152614.3791466,1540096,30424618,8192,6089.948531214039
1768152614.381085,1548288,30424618,8192,5956.127876173497
1768152614.3812218,1556480,30424618,8192,5956.127876173497
1768152614.384536,1564672,30424618,8192,5893.958306594655
1768152614.3846502,1572864,30424618,8192,5893.958306594655
1768152614.3870802,1581056,30424618,8192,5984.283001489008
1768152614.3871505,1589248,30424618,8192,5984.283001489008
1768152614.388203,1597440,30424618,8192,6582.4355124932745
1768152614.3882706,1605632,30424618,8192,6582.4355124932745
1768152614.391011,1613824,30424618,8192,6077.845576922563
1768152614.3910735,1622016,30424618,8192,6077.845576922563
1768152614.3932881,1630208,30424618,8192,6024.725736013692
1768152614.3933473,1638400,30424618,8192,6024.725736013692
1768152614.3969824,1646592,30424618,8192,6001.936190309331
1768152614.3970368,1654784,30424618,8192,6001.936190309331
1768152614.403193,1662976,30424618,8192,5798.547765702783
1768152614.4032516,1671168,30424618,8192,5798.547765702783
1768152614.403302,1679360,30424618,8192,5814.080106906805
1768152614.4033508,1687552,30424618,8192,5814.080106906805
1768152614.4071424,1695744,30424618,8192,5731.447318384988
1768152614.4072003,1703936,30424618,8192,5731.447318384988
1768152614.4124424,1712128,30424618,8192,5518.956674420166
1768152614.4125168,1720320,30424618,8192,5518.956674420166
1768152614.41257,1728512,30424618,8192,6097.202599445032
1768152614.4126227,1736704,30424618,8192,6097.202599445032
1768152614.414285,1744896,30424618,8192,6456.5359124308
1768152614.4143434,1753088,30424618,8192,6456.5359124308
1768152614.4157584,1761280,30424618,8192,6234.3618638748885
1768152614.4158208,1769472,30424618,8192,6234.3618638748885
1768152614.4218946,1777664,30424618,8192,6154.762549839159
1768152614.4219556,1785856,30424618,8192,6154.762549839159
1768152614.4220033,1794048,30424618,8192,6801.019881283717
1768152614.4220505,1802240,30424618,8192,6801.019881283717
1768152614.426676,1810432,30424618,8192,6175.118379464991
1768152614.426731,1818624,30424618,8192,6175.118379464991
1768152614.4267771,1826816,30424618,8192,6485.102411497106
1768152614.4268239,1835008,30424618,8192,6485.102411497106
1768152614.4282413,1843200,30424618,8192,6483.562259196096
1768152614.4283073,1851392,30424618,8192,6483.562259196096
1768152614.429156,1859584,30424618,8192,7150.384297324354
1768152614.4292085,1867776,30424618,8192,7150.384297324354
1768152614.4325309,1875968,30424618,8192,6593.2427544220845
1768152614.4325871,1884160,30424618,8192,6593.2427544220845
1768152614.4350865,1892352,30424618,8192,6742.873624041345
1768152614.4351401,1900544,30424618,8192,6742.873624041345
1768152614.4374368,1908736,30424618,8192,6295.7473522895325
1768152614.437633,1916928,30424618,8192,6295.7473522895325
1768152614.4394932,1925120,30424618,8192,6156.452902890234
1768152614.4395566,1933312,30424618,8192,6156.452902890234
1768152614.441706,1941504,30424618,8192,5733.526834833358
1768152614.4417613,1949696,30424618,8192,5733.526834833358
1768152614.4447634,1957888,30424618,8192,5760.619440232133
1768152614.4448254,1966080,30424618,8192,5760.619440232133
1768152614.449441,1974272,30424618,8192,5611.330224270822
1768152614.4495065,1982464,30424618,8192,5611.330224270822
1768152614.471562,1990656,30424618,8192,5294.795190642389
1768152614.4716227,1998848,30424618,8192,5294.795190642389
1768152614.4733155,2007040,30424618,8192,5338.024743748732
1768152614.4733682,2015232,30424618,8192,5338.024743748732
1768152614.4749339,2023424,30424618,8192,5480.464998355259
1768152614.4749866,2031616,30424618,8192,5480.464998355259
1768152614.4778945,2039808,30424618,8192,5488.359230550059
1768152614.4779515,2048000,30424618,8192,5488.359230550059
1768152614.4797611,2056192,30424618,8192,5772.214215396797
1768152614.4798243,2064384,30424618,8192,5772.214215396797
1768152614.4830909,2072576,30424618,8192,5983.469216486254
1768152614.483151,2080768,30424618,8192,5983.469216486254
1768152614.4843702,2088960,30424618,8192,6173.995422832677
1768152614.4844224,2097152,30424618,8192,6173.995422832677
1768152614.4872518,2105344,30424618,8192,5941.06549101066
1768152614.4873362,2113536,30424618,8192,5941.06549101066
1768152614.4882317,2121728,30424618,8192,6463.220196319357
1768152614.488291,2129920,30424618,8192,6463.220196319357
1768152614.4906468,2138112,30424618,8192,6349.15913866597
1768152614.4907067,2146304,30424618,8192,6349.15913866597
1768152614.492493,2154496,30424618,8192,6557.016627629307
1768152614.4925508,2162688,30424618,8192,6557.016627629307
1768152614.4942026,2170880,30424618,8192,6381.410990305309
1768152614.4942608,2179072,30424618,8192,6381.410990305309
1768152614.4987144,2187264,30424618,8192,6275.736257056238
1768152614.4987705,2195456,30424618,8192,6275.736257056238
1768152614.4988177,2203648,30424618,8192,6275.736257056238
1768152614.4988694,2211840,30424618,8192,6275.736257056238
1768152614.5038629,2220032,30424618,8192,6092.932445903161
1768152614.5039308,2228224,30424618,8192,6092.932445903161
1768152614.5062873,2236416,30424618,8192,5982.0860280253855
1768152614.5064538,2244608,30424618,8192,5982.0860280253855
1768152614.510082,2252800,30424618,8192,5709.941059883707
1768152614.5102675,2260992,30424618,8192,5709.941059883707
1768152614.5127587,2269184,30424618,8192,5854.4861612267905
1768152614.5129566,2277376,30424618,8192,5854.4861612267905
1768152614.5154657,2285568,30424618,8192,5377.522689809959
1768152614.5169456,2293760,30424618,8192,5134.6645105295665
1768152614.517571,2301952,30424618,8192,5773.2342426500645
1768152614.5176272,2310144,30424618,8192,5773.2342426500645
1768152614.5202892,2318336,30424618,8192,5733.542376839666
1768152614.5203898,2326528,30424618,8192,5733.542376839666
1768152614.5227952,2334720,30424618,8192,5847.473108313448
1768152614.5228965,2342912,30424618,8192,5847.473108313448
1768152614.5259495,2351104,30424618,8192,5789.353502841089
1768152614.5260131,2359296,30424618,8192,5789.353502841089
1768152614.5292614,2367488,30424618,8192,5715.173776849528
1768152614.5293274,2375680,30424618,8192,5958.03195612992
1768152614.5321674,2383872,30424618,8192,5442.719347920339
1768152614.532224,2392064,30424618,8192,5442.719347920339
1768152614.5382571,2400256,30424618,8192,5271.277700454617
1768152614.5383132,2408448,30424618,8192,5271.277700454617
1768152614.5422685,2416640,30424618,8192,5138.203279359818
1768152614.542327,2424832,30424618,8192,5138.203279359818
1768152614.544392,2433024,30424618,8192,5264.2012668159605
1768152614.5444636,2441216,30424618,8192,5264.2012668159605
1768152614.5475075,2449408,30424618,8192,5280.4206797557945
1768152614.547562,2457600,30424618,8192,5280.4206797557945
1768152614.5491605,2465792,30424618,8192,5505.092740865278
1768152614.5492134,2473984,30424618,8192,5505.092740865278
1768152614.5522368,2482176,30424618,8192,5638.5105505829615
1768152614.552291,2490368,30424618,8192,5638.5105505829615
1768152614.5570276,2498560,30424618,8192,5604.8777483459935
1768152614.5570853,2506752,30424618,8192,5604.8777483459935
1768152614.5597584,2514944,30424618,8192,5514.116591851229
1768152614.5598137,2523136,30424618,8192,5514.116591851229
1768152614.5611165,2531328,30424618,8192,5875.655840453714
1768152614.5611699,2539520,30424618,8192,5875.655840453714
1768152614.5634573,2547712,30424618,8192,5720.153431597402
1768152614.5635102,2555904,30424618,8192,5720.153431597402
1768152614.565652,2564096,30424618,8192,5831.9446637427645
1768152614.565719,2572288,30424618,8192,5831.9446637427645
1768152614.5681484,2580480,30424618,8192,5994.669563001689
1768152614.5682101,2588672,30424618,8192,5994.669563001689
1768152614.570724,2596864,30424618,8192,6013.925718867326
1768152614.570779,2605056,30424618,8192,6013.925718867326
1768152614.573109,2613248,30424618,8192,5734.668169939211
1768152614.5731642,2621440,30424618,8192,5734.668169939211
1768152614.5761514,2629632,30424618,8192,5651.319010425978
1768152614.5763125,2637824,30424618,8192,5651.319010425978
1768152614.5789123,2646016,30424618,8192,5583.838011344496
1768152614.5803993,2654208,30424618,8192,5336.629668567299
1768152614.5809822,2662400,30424618,8192,5803.684757435488
1768152614.581034,2670592,30424618,8192,5803.684757435488
1768152614.5831883,2678784,30424618,8192,5857.920305068572
1768152614.5832436,2686976,30424618,8192,5857.920305068572
1768152614.5860543,2695168,30424618,8192,5797.990969197711
1768152614.586108,2703360,30424618,8192,5797.990969197711
1768152614.5901024,2711552,30424618,8192,5729.314705109175
1768152614.590158,2719744,30424618,8192,5729.314705109175
1768152614.596123,2727936,30424618,8192,5552.999914123926
1768152614.596181,2736128,30424618,8192,5800.208256901124
1768152614.6032908,2744320,30424618,8192,5113.36403103297
1768152614.603358,2752512,30424618,8192,5113.36403103297
1768152614.6051795,2760704,30424618,8192,5185.705846608838
1768152614.6052444,2768896,30424618,8192,5185.705846608838
1768152614.6078515,2777088,30424618,8192,5211.978141972808
1768152614.6079128,2785280,30424618,8192,5211.978141972808
1768152614.60841,2793472,30424618,8192,5810.146521530986
1768152614.6084657,2801664,30424618,8192,5810.146521530986
1768152614.6110992,2809856,30424618,8192,5982.222362622874
1768152614.6111538,2818048,30424618,8192,5982.222362622874
1768152614.612952,2826240,30424618,8192,6321.632050528847
1768152614.6130161,2834432,30424618,8192,6321.632050528847
1768152614.6142628,2842624,30424618,8192,6528.266464683491
1768152614.614315,2850816,30424618,8192,6528.266464683491
1768152614.619833,2859008,30424618,8192,6360.590957742019
1768152614.6199555,2867200,30424618,8192,6360.590957742019
1768152614.6203957,2875392,30424618,8192,6360.590957742019
1768152614.6204543,2883584,30424618,8192,6360.590957742019
1768152614.622277,2891776,30424618,8192,6500.034323529902
1768152614.6223645,2899968,30424618,8192,6500.034323529902
1768152614.6251457,2908160,30424618,8192,6338.251066230379
1768152614.6252043,2916352,30424618,8192,6338.251066230379
1768152614.6263742,2924544,30424618,8192,6403.218509292952
1768152614.6264367,2932736,30424618,8192,6403.218509292952
1768152614.6272197,2940928,30424618,8192,7057.193141535505
1768152614.6272767,2949120,30424618,8192,7057.193141535505
1768152614.6292174,2957312,30424618,8192,6675.99743116745
1768152614.6292837,2965504,30424618,8192,6675.99743116745
1768152614.6334627,2973696,30424618,8192,6422.471697955365
1768152614.63352,2981888,30424618,8192,6422.471697955365
1768152614.633569,2990080,30424618,8192,6931.689493217069
1768152614.6336198,2998272,30424618,8192,6931.689493217069
1768152614.637539,3006464,30424618,8192,6417.5071102687325
1768152614.637597,3014656,30424618,8192,6417.5071102687325
1768152614.6446576,3022848,30424618,8192,5731.556579596096
1768152614.6447694,3031040,30424618,8192,5731.556579596096
1768152614.6448247,3039232,30424618,8192,6112.752289964153
1768152614.6448822,3047424,30424618,8192,6112.752289964153
1768152614.6454568,3055616,30424618,8192,6719.874310981501
1768152614.6455085,3063808,30424618,8192,6719.874310981501
1768152614.645557,3072000,30424618,8192,6719.874310981501
1768152614.6456075,3080192,30424618,8192,6719.874310981501
1768152614.6470947,3088384,30424618,8192,7077.985708070504
1768152614.6471593,3096576,30424618,8192,7077.985708070504
1768152614.647207,3104768,30424618,8192,7763.936238743141
1768152614.6472576,3112960,30424618,8192,7763.936238743141
1768152614.6490111,3121152,30424618,8192,7427.838825586812
1768152614.6490688,3129344,30424618,8192,7427.838825586812
1768152614.6491559,3137536,30424618,8192,7427.838825586812
1768152614.6492102,3145728,30424618,8192,7427.838825586812
1768152614.651136,3153920,30424618,8192,7060.434944152793
1768152614.6512132,3162112,30424618,8192,7060.434944152793
1768152614.65277,3170304,30424618,8192,7020.676408618159
1768152614.6528282,3178496,30424618,8192,7020.676408618159
1768152614.6556554,3186688,30424618,8192,6506.830146367422
1768152614.655715,3194880,30424618,8192,6506.830146367422
1768152614.6557667,3203072,30424618,8192,6842.9275595237505
1768152614.6558177,3211264,30424618,8192,6842.9275595237505
1768152614.6571317,3219456,30424618,8192,6665.738047108683
1768152614.6571903,3227648,30424618,8192,6665.738047108683
1768152614.6624045,3235840,30424618,8192,6387.588043375252
1768152614.662473,3244032,30424618,8192,6387.588043375252
1768152614.662528,3252224,30424618,8192,6663.4103401667435
1768152614.662581,3260416,30424618,8192,6663.4103401667435
1768152614.6640918,3268608,30424618,8192,6917.87016521858
1768152614.6641505,3276800,30424618,8192,6917.87016521858
1768152614.6644413,3284992,30424618,8192,6917.87016521858
1768152614.664505,3293184,30424618,8192,6917.87016521858
1768152614.6666315,3301376,30424618,8192,6676.484315810327
1768152614.666687,3309568,30424618,8192,6676.484315810327
1768152614.6667511,3317760,30424618,8192,7322.038200977777
1768152614.666808,3325952,30424618,8192,7322.038200977777
1768152614.6697521,3334144,30424618,8192,6796.499585324891
1768152614.669808,3342336,30424618,8192,6796.499585324891
1768152614.671629,3350528,30424618,8192,6702.563880939354
1768152614.6717827,3358720,30424618,8192,6702.563880939354
1768152614.6719303,3366912,30424618,8192,6702.563880939354
1768152614.6721025,3375104,30424618,8192,6702.563880939354
1768152614.6733375,3383296,30424618,8192,6986.143354903815
1768152614.6741068,3391488,30424618,8192,6986.143354903815
1768152614.6748745,3399680,30424618,8192,6986.143354903815
1768152614.674937,3407872,30424618,8192,6986.143354903815
1768152614.6767838,3416064,30424618,8192,7151.629150475084
1768152614.6768434,3424256,30424618,8192,7151.629150475084
1768152614.6783013,3432448,30424618,8192,7264.861731258507
1768152614.6783588,3440640,30424618,8192,7264.861731258507
1768152614.6786692,3448832,30424618,8192,7264.861731258507
1768152614.6787207,3457024,30424618,8192,7264.861731258507
1768152614.6811485,3465216,30424618,8192,6933.274291417033
1768152614.6812096,3473408,30424618,8192,6933.274291417033
1768152614.682519,3481600,30424618,8192,6757.591455091309
1768152614.6825762,3489792,30424618,8192,6757.591455091309
1768152614.6845665,3497984,30424618,8192,6725.349903392635
1768152614.684622,3506176,30424618,8192,6725.349903392635
1768152614.6861951,3514368,30424618,8192,6683.037843176467
1768152614.6862519,3522560,30424618,8192,6683.037843176467
1768152614.68737,3530752,30424618,8192,6633.506908872497
1768152614.6874297,3538944,30424618,8192,6633.506908872497
1768152614.6886811,3547136,30424618,8192,6954.166008058793
1768152614.6887457,3555328,30424618,8192,6954.166008058793
1768152614.6899264,3563520,30424618,8192,7023.991984577852
1768152614.689985,3571712,30424618,8192,7023.991984577852
1768152614.691327,3579904,30424618,8192,7225.624523669207
1768152614.691416,3588096,30424618,8192,7225.624523669207
1768152614.6938705,3596288,30424618,8192,7037.773449111209
1768152614.6939282,3604480,30424618,8192,7037.773449111209
1768152614.6952963,3612672,30424618,8192,6889.17011777842
1768152614.6953528,3620864,30424618,8192,6889.17011777842
1768152614.6958354,3629056,30424618,8192,7035.094346292457
1768152614.695891,3637248,30424618,8192,7035.094346292457
1768152614.6976526,3645440,30424618,8192,6802.445281281322
1768152614.6977093,3653632,30424618,8192,6802.445281281322
1768152614.6998,3661824,30424618,8192,6581.061144093606
1768152614.6998603,3670016,30424618,8192,6581.061144093606
1768152614.7032175,3678208,30424618,8192,6491.886406513602
1768152614.7032878,3686400,30424618,8192,6491.886406513602
1768152614.703339,3694592,30424618,8192,6690.020672150364
1768152614.703391,3702784,30424618,8192,6690.020672150364
1768152614.7055516,3710976,30424618,8192,6265.184817191062
1768152614.7056077,3719168,30424618,8192,6265.184817191062
1768152614.706859,3727360,30424618,8192,6457.659451918236
1768152614.7069168,3735552,30424618,8192,6457.659451918236
1768152614.7087257,3743744,30424618,8192,6519.06784630934
1768152614.708942,3751936,30424618,8192,6519.06784630934
1768152614.716499,3760128,30424618,8192,6384.940540681202
1768152614.7165942,3768320,30424618,8192,6384.940540681202
1768152614.7166433,3776512,30424618,8192,6384.940540681202
1768152614.7166872,3784704,30424618,8192,6384.940540681202
1768152614.7167308,3792896,30424618,8192,6809.776395640503
1768152614.7167835,3801088,30424618,8192,6809.776395640503
1768152614.7172878,3809280,30424618,8192,6955.807685731127
1768152614.7173355,3817472,30424618,8192,6955.807685731127
1768152614.7173793,3825664,30424618,8192,7306.445261216677
1768152614.7174258,3833856,30424618,8192,7306.445261216677
1768152614.7193782,3842048,30424618,8192,7615.411777859883
1768152614.7194314,3850240,30424618,8192,7615.411777859883
1768152614.720675,3858432,30424618,8192,7472.711879306012
1768152614.7207286,3866624,30424618,8192,7472.711879306012
1768152614.7221835,3874816,30424618,8192,7233.3678316622945
1768152614.7222369,3883008,30424618,8192,7233.3678316622945
1768152614.723455,3891200,30424618,8192,7105.241461516549
1768152614.7235074,3899392,30424618,8192,7105.241461516549
1768152614.7244637,3907584,30424618,8192,7105.241461516549
1768152614.7245479,3915776,30424618,8192,7105.241461516549
1768152614.7279086,3923968,30424618,8192,6929.868089870552
1768152614.7279642,3932160,30424618,8192,6929.868089870552
1768152614.7281716,3940352,30424618,8192,7072.567988424422
1768152614.728227,3948544,30424618,8192,7072.567988424422
1768152614.7305481,3956736,30424618,8192,6860.222760470756
1768152614.7306,3964928,30424618,8192,6860.222760470756
1768152614.731997,3973120,30424618,8192,6772.248085555167
1768152614.7320526,3981312,30424618,8192,6772.248085555167
1768152614.7350056,3989504,30424618,8192,6245.546785157281
1768152614.7350562,3997696,30424618,8192,6245.546785157281
1768152614.7351017,4005888,30424618,8192,6805.508378943397
1768152614.7351618,4014080,30424618,8192,6805.508378943397
1768152614.736233,4022272,30424618,8192,6771.131768871496
1768152614.7362857,4030464,30424618,8192,6771.131768871496
1768152614.7374737,4038656,30424618,8192,7112.654563003979
1768152614.737535,4046848,30424618,8192,7112.654563003979
1768152614.7396607,4055040,30424618,8192,6909.8350089143205
1768152614.7397125,4063232,30424618,8192,6909.8350089143205
1768152614.7407942,4071424,30424618,8192,7394.542666113103
1768152614.7409234,4079616,30424618,8192,7394.542666113103
1768152614.742237,4087808,30424618,8192,7217.013873303387
1768152614.7422948,4096000,30424618,8192,7217.013873303387
1768152614.7443225,4104192,30424618,8192,6851.510501289997
1768152614.7443738,4112384,30424618,8192,6851.510501289997
1768152614.7529058,4120576,30424618,8192,6255.821209377886
1768152614.753196,4128768,30424618,8192,6255.821209377886
1768152614.753282,4136960,30424618,8192,6674.741808528879
1768152614.7533343,4145152,30424618,8192,6674.741808528879
1768152614.7545757,4153344,30424618,8192,6575.1716991110325
1768152614.7546263,4161536,30424618,8192,6575.1716991110325
1768152614.7568154,4169728,30424618,8192,6321.755234863462
1768152614.7568612,4177920,30424618,8192,6321.755234863462
1768152614.7569067,4186112,30424618,8192,6721.635216948755
1768152614.7569513,4194304,30424618,8192,6721.635216948755
1768152614.7593036,4202496,30424618,8192,6972.110619210926
1768152614.759466,4210688,30424618,8192,6972.110619210926
1768152614.7596207,4218880,30424618,8192,6972.110619210926
1768152614.759798,4227072,30424618,8192,6972.110619210926
1768152614.7644563,4235264,30424618,8192,6486.718427125039
1768152614.7645333,4243456,30424618,8192,6486.718427125039
1768152614.7645757,4251648,30424618,8192,6917.663684182325
1768152614.7646208,4259840,30424618,8192,6917.663684182325
1768152614.7660072,4268032,30424618,8192,6704.561189302343
1768152614.7660882,4276224,30424618,8192,6704.561189302343
1768152614.7661312,4284416,30424618,8192,7159.941560417183
1768152614.7661743,4292608,30424618,8192,7159.941560417183
1768152614.7684286,4300800,30424618,8192,6719.7023110789905
1768152614.7684913,4308992,30424618,8192,6719.7023110789905
1768152614.771625,4317184,30424618,8192,6804.40683159383
1768152614.7716832,4325376,30424618,8192,6804.40683159383
1768152614.771731,4333568,30424618,8192,6804.40683159383
1768152614.7717793,4341760,30424618,8192,6804.40683159383
1768152614.7738898,4349952,30424618,8192,6601.404921808125
1768152614.77395,4358144,30424618,8192,6601.404921808125
1768152614.7739937,4366336,30424618,8192,6601.404921808125
1768152614.7740388,4374528,30424618,8192,6601.404921808125
1768152614.776129,4382720,30424618,8192,6628.9783634903215
1768152614.7761784,4390912,30424618,8192,6628.9783634903215
1768152614.7764072,4399104,30424618,8192,7171.229787678318
1768152614.7764745,4407296,30424618,8192,7171.229787678318
1768152614.7785408,4415488,30424618,8192,6763.021778390178
1768152614.7786007,4423680,30424618,8192,6763.021778390178
1768152614.778645,4431872,30424618,8192,7179.126183055863
1768152614.7786899,4440064,30424618,8192,7179.126183055863
1768152614.7808633,4448256,30424618,8192,6751.496308427207
1768152614.7809193,4456448,30424618,8192,6751.496308427207
1768152614.7832983,4464640,30424618,8192,6705.008257875881
1768152614.7835002,4472832,30424618,8192,6705.008257875881
1768152614.7835774,4481024,30424618,8192,6705.008257875881
1768152614.783637,4489216,30424618,8192,6705.008257875881
1768152614.7852077,4497408,30424618,8192,6832.225006818131
1768152614.7852645,4505600,30424618,8192,6832.225006818131
1768152614.7853112,4513792,30424618,8192,6832.225006818131
1768152614.7853603,4521984,30424618,8192,6832.225006818131
1768152614.787723,4530176,30424618,8192,6802.702218008591
1768152614.787799,4538368,30424618,8192,6802.702218008591
1768152614.787852,4546560,30424618,8192,7261.856076215915
1768152614.7878983,4554752,30424618,8192,7261.856076215915
1768152614.7896843,4562944,30424618,8192,6916.195037982655
1768152614.7897358,4571136,30424618,8192,6916.195037982655
1768152614.7897894,4579328,30424618,8192,7197.186298328545
1768152614.7898488,4587520,30424618,8192,7197.186298328545
1768152614.7921085,4595712,30424618,8192,6755.577123453561
1768152614.7928176,4603904,30424618,8192,6755.577123453561
1768152614.7940347,4612096,30424618,8192,7086.754515470171
1768152614.7940896,4620288,30424618,8192,7086.754515470171
1768152614.7941327,4628480,30424618,8192,7086.754515470171
1768152614.7941797,4636672,30424618,8192,7086.754515470171
1768152614.813537,4644864,30424618,8192,6673.820420901911
1768152614.8135912,4653056,30424618,8192,6673.820420901911
1768152614.813635,4661248,30424618,8192,6673.820420901911
1768152614.8136816,4669440,30424618,8192,6673.820420901911
1768152614.8205402,4677632,30424618,8192,6432.625106213276
1768152614.8205934,4685824,30424618,8192,6432.625106213276
1768152614.8206387,4694016,30424618,8192,6558.600377634862
1768152614.8206856,4702208,30424618,8192,6558.600377634862
1768152614.8225374,4710400,30424618,8192,6196.404774009365
1768152614.8225853,4718592,30424618,8192,6196.404774009365
1768152614.8226473,4726784,30424618,8192,6954.999906810884
1768152614.822692,4734976,30424618,8192,6954.999906810884
1768152614.8244767,4743168,30424618,8192,6609.49368033105
1768152614.824527,4751360,30424618,8192,6609.49368033105
1768152614.8266268,4759552,30424618,8192,6877.673214315201
1768152614.8266728,4767744,30424618,8192,6877.673214315201
1768152614.8267145,4775936,30424618,8192,6877.673214315201
1768152614.8267577,4784128,30424618,8192,6877.673214315201
1768152614.8292563,4792320,30424618,8192,6764.175622139917
1768152614.8293269,4800512,30424618,8192,6764.175622139917
1768152614.8293748,4808704,30424618,8192,6764.175622139917
1768152614.829422,4816896,30424618,8192,6764.175622139917
1768152614.8309915,4825088,30424618,8192,6828.993769715176
1768152614.8310485,4833280,30424618,8192,6828.993769715176
1768152614.8310966,4841472,30424618,8192,7243.618725294645
1768152614.8311453,4849664,30424618,8192,7243.618725294645
1768152614.842721,4857856,30424618,8192,6512.929001438287
1768152614.8427744,4866048,30424618,8192,6512.929001438287
1768152614.842818,4874240,30424618,8192,6988.622197239068
1768152614.842874,4882432,30424618,8192,6988.622197239068
1768152614.8444839,4890624,30424618,8192,6693.481480865325
1768152614.844532,4898816,30424618,8192,6693.481480865325
1768152614.8478248,4907008,30424618,8192,6419.215041641674
1768152614.8478782,4915200,30424618,8192,6419.215041641674
1768152614.8480854,4923392,30424618,8192,6419.215041641674
1768152614.8482273,4931584,30424618,8192,6419.215041641674
1768152614.8510108,4939776,30424618,8192,6640.24373348386
1768152614.8511536,4947968,30424618,8192,6640.24373348386
1768152614.8513086,4956160,30424618,8192,6640.24373348386
1768152614.851494,4964352,30424618,8192,6640.24373348386
1768152614.8537588,4972544,30424618,8192,6494.305876157029
1768152614.8538518,4980736,30424618,8192,6494.305876157029
1768152614.8539205,4988928,30424618,8192,7049.260394285256
1768152614.8539855,4997120,30424618,8192,7049.260394285256
1768152614.8563387,5005312,30424618,8192,6593.642659586102
1768152614.856393,5013504,30424618,8192,6593.642659586102
1768152614.8564422,5021696,30424618,8192,7103.303691600273
1768152614.8564909,5029888,30424618,8192,7103.303691600273
1768152614.8581724,5038080,30424618,8192,6786.687368892223
1768152614.8582232,5046272,30424618,8192,6786.687368892223
1768152614.8582685,5054464,30424618,8192,7227.765942592798
1768152614.8583336,5062656,30424618,8192,7227.765942592798
1768152614.8621864,5070848,30424618,8192,6637.349129745421
1768152614.8622515,5079040,30424618,8192,6637.349129745421
1768152614.8671753,5087232,30424618,8192,6456.639683646038
1768152614.867233,5095424,30424618,8192,6456.639683646038
1768152614.8672798,5103616,30424618,8192,6456.639683646038
1768152614.8673325,5111808,30424618,8192,6456.639683646038
1768152614.8695576,5120000,30424618,8192,6338.419391835544
1768152614.869626,5128192,30424618,8192,6338.419391835544
1768152614.8696797,5136384,30424618,8192,6338.419391835544
1768152614.8697424,5144576,30424618,8192,6338.419391835544
1768152614.8718345,5152768,30424618,8192,6516.5270219258155
1768152614.8718894,5160960,30424618,8192,6516.5270219258155
1768152614.8719363,5169152,30424618,8192,7152.854202724351
1768152614.8719692,5173440,30424618,8192,6771.604202724351
1768152614.8742244,5181632,30424618,8192,6330.880286936546
1768152614.8742805,5189824,30424618,8192,6330.880286936546
1768152614.8743305,5198016,30424618,8192,6765.716901455089
1768152614.8743827,5206208,30424618,8192,6765.716901455089
1768152614.876056,5214400,30424618,8192,6450.918265338832
1768152614.8761065,5222592,30424618,8192,6450.918265338832
1768152614.8761532,5230784,30424618,8192,6863.227448095937
1768152614.8762002,5238976,30424618,8192,6863.227448095937
1768152614.8786602,5247168,30424618,8192,6392.147781548643
1768152614.878731,5255360,30424618,8192,6773.397781548643
1768152614.8805273,5263552,30424618,8192,6866.099105239431
1768152614.8805926,5271744,30424618,8192,6866.099105239431
1768152614.880643,5279936,30424618,8192,6866.099105239431
1768152614.8806963,5288128,30424618,8192,6866.099105239431
1768152614.882375,5296320,30424618,8192,6865.24716417763
1768152614.8824298,5304512,30424618,8192,6865.24716417763
1768152614.882629,5312704,30424618,8192,6865.24716417763
1768152614.882803,5320896,30424618,8192,6865.24716417763
1768152614.8848617,5329088,30424618,8192,6930.823608915469
1768152614.8856287,5337280,30424618,8192,6930.823608915469
1768152614.8857236,5345472,30424618,8192,7278.846201012486
1768152614.8857815,5353664,30424618,8192,7278.846201012486
1768152614.8869753,5361856,30424618,8192,7165.600346912477
1768152614.8870342,5370048,30424618,8192,7165.600346912477
1768152614.8870938,5378240,30424618,8192,7481.2509240905365
1768152614.8871472,5386432,30424618,8192,7481.2509240905365
1768152614.8892026,5394624,30424618,8192,7075.592134759407
1768152614.8892603,5402816,30424618,8192,7075.592134759407
1768152614.8915293,5411008,30424618,8192,7037.935543477275
1768152614.8915806,5419200,30424618,8192,7037.935543477275
1768152614.8916273,5427392,30424618,8192,7037.935543477275
1768152614.8916767,5435584,30424618,8192,7037.935543477275
1768152614.8939333,5443776,30424618,8192,6710.296203859709
1768152614.8939943,5451968,30424618,8192,6710.296203859709
1768152614.8940423,5460160,30424618,8192,6710.296203859709
1768152614.894093,5468352,30424618,8192,6710.296203859709
1768152614.896331,5476544,30424618,8192,6677.913214382284
1768152614.8963883,5484736,30424618,8192,6677.913214382284
1768152614.8964362,5492928,30424618,8192,7121.07302747387
1768152614.896485,5501120,30424618,8192,7121.07302747387
1768152614.8988981,5509312,30424618,8192,6656.601259157293
1768152614.898964,5517504,30424618,8192,6656.601259157293
1768152614.8990126,5525696,30424618,8192,7097.486452874868
1768152614.8990643,5533888,30424618,8192,7097.486452874868
1768152614.9008915,5542080,30424618,8192,6741.3883540452225
1768152614.9009452,5550272,30424618,8192,6741.3883540452225
1768152614.9035275,5558464,30424618,8192,6692.382443859335
1768152614.9035826,5566656,30424618,8192,6692.382443859335
1768152614.903628,5574848,30424618,8192,6692.382443859335
1768152614.9036748,5583040,30424618,8192,6692.382443859335
1768152614.9054542,5591232,30424618,8192,6812.487007113205
1768152614.905533,5599424,30424618,8192,6812.487007113205
1768152614.9055789,5607616,30424618,8192,6812.487007113205
1768152614.9056253,5615808,30424618,8192,6812.487007113205
1768152614.9076169,5624000,30424618,8192,6775.52336571427
1768152614.9076698,5632192,30424618,8192,6775.52336571427
1768152614.9078517,5640384,30424618,8192,7262.571054708712
1768152614.9079075,5648576,30424618,8192,7262.571054708712
1768152614.9158692,5656768,30424618,8192,6563.458866484446
1768152614.9159257,5664960,30424618,8192,6563.458866484446
1768152614.9159753,5673152,30424618,8192,6907.826071547153
1768152614.9160237,5681344,30424618,8192,6907.826071547153
1768152614.9181044,5689536,30424618,8192,6497.196256714711
1768152614.9181561,5697728,30424618,8192,6497.196256714711
1768152614.9189029,5705920,30424618,8192,6890.257996943292
1768152614.918985,5714112,30424618,8192,6890.257996943292
1768152614.9201565,5722304,30424618,8192,6789.986867617913
1768152614.920219,5730496,30424618,8192,6789.986867617913
1768152614.9221756,5738688,30424618,8192,7103.9292562902365
1768152614.9222481,5746880,30424618,8192,7103.9292562902365
1768152614.9222977,5755072,30424618,8192,7103.9292562902365
1768152614.9223523,5763264,30424618,8192,7103.9292562902365
1768152614.9241571,5771456,30424618,8192,7164.325774048462
1768152614.924213,5779648,30424618,8192,7164.325774048462
1768152614.9242618,5787840,30424618,8192,7164.325774048462
1768152614.9243119,5796032,30424618,8192,7164.325774048462
1768152614.9261727,5804224,30424618,8192,6900.516693115795
1768152614.9262562,5812416,30424618,8192,6900.516693115795
1768152614.9263089,5820608,30424618,8192,7285.686492667735
1768152614.9263563,5828800,30424618,8192,7285.686492667735
1768152614.9283824,5836992,30424618,8192,6885.7865227220445
1768152614.9284425,5845184,30424618,8192,6885.7865227220445
1768152614.9284902,5853376,30424618,8192,7236.019819796262
1768152614.9285376,5861568,30424618,8192,7236.019819796262
1768152614.930245,5869760,30424618,8192,6912.068584519283
1768152614.9303021,5877952,30424618,8192,6912.068584519283
1768152614.9322648,5886144,30424618,8192,6889.3719196218135
1768152614.9323215,5894336,30424618,8192,6889.3719196218135
1768152614.9323695,5902528,30424618,8192,6889.3719196218135
1768152614.9324162,5910720,30424618,8192,6889.3719196218135
1768152614.9355538,5918912,30424618,8192,6746.357824996694
1768152614.935608,5927104,30424618,8192,6746.357824996694
1768152614.9356549,5935296,30424618,8192,6746.357824996694
1768152614.9357045,5943488,30424618,8192,6746.357824996694
1768152614.9374144,5951680,30424618,8192,6745.537760543708
1768152614.9374702,5959872,30424618,8192,6745.537760543708
1768152614.93772,5968064,30424618,8192,7132.314635699225
1768152614.9377804,5976256,30424618,8192,7132.314635699225
1768152614.940901,5984448,30424618,8192,6591.071961260741
1768152614.9409583,5992640,30424618,8192,6591.071961260741
1768152614.9410079,6000832,30424618,8192,7133.986025831553
1768152614.9410572,6009024,30424618,8192,7133.986025831553
1768152614.9429536,6017216,30424618,8192,6761.793504127568
1768152614.943012,6025408,30424618,8192,6761.793504127568
1768152614.9451652,6033600,30424618,8192,6663.265846415206
1768152614.9453466,6041792,30424618,8192,6663.265846415206
1768152614.9454973,6049984,30424618,8192,6663.265846415206
1768152614.9456599,6058176,30424618,8192,6663.265846415206
1768152614.9473712,6066368,30424618,8192,6880.076228840711
1768152614.9480193,6074560,30424618,8192,6880.076228840711
1768152614.9481115,6082752,30424618,8192,6880.076228840711
1768152614.9481697,6090944,30424618,8192,6880.076228840711
1768152614.9508502,6099136,30424618,8192,6754.897842018121
1768152614.9509053,6107328,30424618,8192,6754.897842018121
1768152614.950955,6115520,30424618,8192,7178.1967994604465
1768152614.9510038,6123712,30424618,8192,7178.1967994604465
1768152614.9529088,6131904,30424618,8192,6804.227238897576
1768152614.9529657,6140096,30424618,8192,6804.227238897576
1768152614.9530177,6148288,30424618,8192,7128.659530910551
1768152614.9530685,6156480,30424618,8192,7128.659530910551
1768152614.954958,6164672,30424618,8192,6758.166676058821
1768152614.9550157,6172864,30424618,8192,6758.166676058821
1768152614.957267,6181056,30424618,8192,6815.5411968866365
1768152614.9573245,6189248,30424618,8192,6815.5411968866365
1768152614.9573724,6197440,30424618,8192,6815.5411968866365
1768152614.9574234,6205632,30424618,8192,6815.5411968866365
1768152614.959126,6213824,30424618,8192,6867.379446422909
1768152614.9591885,6222016,30424618,8192,6867.379446422909
1768152614.9593847,6230208,30424618,8192,6867.379446422909
1768152614.9594471,6238400,30424618,8192,6867.379446422909
1768152614.9612293,6246592,30424618,8192,6893.582930355061
1768152614.9612865,6254784,30424618,8192,6893.582930355061
1768152614.9613342,6262976,30424618,8192,7333.579318053824
1768152614.9613848,6271168,30424618,8192,7333.579318053824
1768152614.963752,6279360,30424618,8192,6875.488899277074
1768152614.9638078,6287552,30424618,8192,6875.488899277074
1768152614.9639525,6295744,30424618,8192,7197.620210303672
1768152614.964004,6303936,30424618,8192,7197.620210303672
1768152614.9689636,6312128,30424618,8192,6559.895309250438
1768152614.9690244,6320320,30424618,8192,6559.895309250438
1768152614.970953,6328512,30424618,8192,6525.30382345322
1768152614.9710102,6336704,30424618,8192,6525.30382345322
1768152614.9710584,6344896,30424618,8192,6525.30382345322
1768152614.9711072,6353088,30424618,8192,6525.30382345322
1768152614.9781048,6361280,30424618,8192,6298.264149124126
1768152614.9781709,6369472,30424618,8192,6298.264149124126
1768152614.978218,6377664,30424618,8192,6298.264149124126
1768152614.9782643,6385856,30424618,8192,6298.264149124126
1768152614.97831,6394048,30424618,8192,6935.989050177358
1768152614.978354,6402240,30424618,8192,6935.989050177358
1768152614.9783983,6410432,30424618,8192,7314.869906894155
1768152614.9784458,6418624,30424618,8192,7314.869906894155
1768152614.978595,6426816,30424618,8192,7314.869906894155
1768152614.9788241,6435008,30424618,8192,7314.869906894155
1768152614.9804504,6443200,30424618,8192,7701.850527560508
1768152614.980529,6451392,30424618,8192,7701.850527560508
1768152614.980577,6459584,30424618,8192,7701.850527560508
1768152614.980628,6467776,30424618,8192,7701.850527560508
1768152614.9818053,6475968,30424618,8192,7595.031327032429
1768152614.9818585,6484160,30424618,8192,7595.031327032429
1768152614.9839132,6492352,30424618,8192,7188.906570432217
1768152614.9839625,6500544,30424618,8192,7188.906570432217
1768152614.9840064,6508736,30424618,8192,7188.906570432217
1768152614.9840527,6516928,30424618,8192,7188.906570432217
1768152614.9860787,6525120,30424618,8192,7086.676358439248
1768152614.9861288,6533312,30424618,8192,7086.676358439248
1768152614.9861743,6541504,30424618,8192,7086.676358439248
1768152614.9862204,6549696,30424618,8192,7086.676358439248
1768152614.9940085,6557888,30424618,8192,6496.672106699397
1768152614.9940703,6566080,30424618,8192,6496.672106699397
1768152614.9941192,6574272,30424618,8192,6902.796863299608
1768152614.9941645,6582464,30424618,8192,6902.796863299608
1768152614.99421,6590656,30424618,8192,6902.796863299608
1768152614.994258,6598848,30424618,8192,6902.796863299608
1768152615.0294056,6607040,30424618,8192,6525.96668750169
1768152615.0294852,6615232,30424618,8192,6525.96668750169
1768152615.0297232,6623424,30424618,8192,6525.96668750169
1768152615.02979,6631616,30424618,8192,6525.96668750169
1768152615.3218107,6639808,30424618,8192,6425.530044078581
1768152615.3219223,6648000,30424618,8192,6425.530044078581
1768152615.321981,6656192,30424618,8192,6425.530044078581
1768152615.3220315,6664384,30424618,8192,6425.530044078581
1768152615.3220809,6672576,30424618,8192,6425.530044078581
1768152615.322129,6680768,30424618,8192,6425.530044078581
1768152615.3221753,6688960,30424618,8192,7202.739904308958
1768152615.3222265,6697152,30424618,8192,7202.739904308958
1768152615.3222902,6705344,30424618,8192,7202.739904308958
1768152615.3223376,6713536,30424618,8192,7202.739904308958
1768152615.3223882,6721728,30424618,8192,8000.0
1768152615.3224318,6729920,30424618,8192,8000.0
1768152615.322475,6738112,30424618,8192,8000.0
1768152615.3225174,6746304,30424618,8192,8000.0
1768152615.3227282,6754496,30424618,8192,8000.0
1768152615.3228476,6762688,30424618,8192,8000.0
1768152615.3235817,6770880,30424618,8192,8000.0
1768152615.3236256,6779072,30424618,8192,8000.0
1768152615.3236732,6787264,30424618,8192,8000.0
1768152615.323712,6795456,30424618,8192,8000.0
1768152615.3237498,6803648,30424618,8192,8000.0
1768152615.3239608,6811840,30424618,8192,8000.0
1768152615.3240197,6820032,30424618,8192,8000.0
1768152615.324073,6828224,30424618,8192,8000.0
1768152615.3241115,6836416,30424618,8192,8000.0
1768152615.3241484,6844608,30424618,8192,8000.0
1768152615.3241858,6852800,30424618,8192,8000.0
1768152615.324223,6860992,30424618,8192,8000.0
1768152615.3242595,6869184,30424618,8192,8000.0
1768152615.3242965,6877376,30424618,8192,8000.0
1768152615.3244138,6885568,30424618,8192,8000.0
1768152615.3244398,6892480,30424618,8192,7875.0
1768152615.3252475,6900672,30424618,8192,7875.0
1768152615.3253672,6908864,30424618,8192,7875.0
1768152615.325504,6917056,30424618,8192,7875.0
1768152615.325608,6925248,30424618,8192,7875.0
1768152615.3256488,6933440,30424618,8192,7875.0
1768152615.3256867,6941632,30424618,8192,7875.0
1768152615.3257208,6949824,30424618,8192,7875.0
1768152615.3257658,6958016,30424618,8192,7875.0
1768152615.3258007,6966208,30424618,8192,7875.0
1768152615.3258345,6974400,30424618,8192,8000.0
1768152615.3258674,6982592,30424618,8192,8000.0
1768152615.3258991,6990784,30424618,8192,8000.0
1768152615.3271444,6998976,30424618,8192,7853.381242643225
1768152615.3271952,7007168,30424618,8192,7853.381242643225
1768152615.3272338,7015360,30424618,8192,7853.381242643225
1768152615.3272734,7023552,30424618,8192,7853.381242643225
1768152615.3277462,7031744,30424618,8192,7853.381242643225
1768152615.3277833,7039936,30424618,8192,7853.381242643225
1768152615.327817,7048128,30424618,8192,7853.381242643225
1768152615.3278491,7056320,30424618,8192,7853.381242643225
1768152615.327883,7064512,30424618,8192,7853.381242643225
1768152615.3279147,7072704,30424618,8192,7853.381242643225
1768152615.3281229,7080896,30424618,8192,8000.0
1768152615.3281643,7089088,30424618,8192,8000.0
1768152615.3337548,7097280,30424618,8192,7343.796959022702
1768152615.3338034,7105472,30424618,8192,7343.796959022702
1768152615.3374796,7113664,30424618,8192,6763.317859111246
1768152615.3375309,7121856,30424618,8192,6763.317859111246
1768152615.3375692,7130048,30424618,8192,6763.317859111246
1768152615.3376083,7138240,30424618,8192,6763.317859111246
1768152615.3403356,7146432,30424618,8192,6260.24100302933
1768152615.3404028,7154624,30424618,8192,6260.24100302933
1768152615.3410945,7162816,30424618,8192,6260.24100302933
1768152615.3411424,7171008,30424618,8192,6260.24100302933
1768152615.3434923,7179200,30424618,8192,6460.160456680337
1768152615.3435354,7187392,30424618,8192,6460.160456680337
1768152615.3435745,7195584,30424618,8192,7040.639556591794
1768152615.343613,7203776,30424618,8192,7040.639556591794
1768152615.3460312,7211968,30424618,8192,6574.40400595834
1768152615.3460817,7220160,30424618,8192,6574.40400595834
1768152615.3481882,7228352,30424618,8192,6661.3027401656045
1768152615.3482304,7236544,30424618,8192,6661.3027401656045
1768152615.3482666,7244736,30424618,8192,6661.3027401656045
1768152615.3483315,7252928,30424618,8192,6661.3027401656045
1768152615.348369,7261120,30424618,8192,7117.586327491896
1768152615.348405,7269312,30424618,8192,7117.586327491896
1768152615.3511684,7277504,30424618,8192,6609.333524141703
1768152615.3513076,7285696,30424618,8192,6609.333524141703
1768152615.3514054,7293888,30424618,8192,7075.569074775155
1768152615.3514466,7302080,30424618,8192,7075.569074775155
1768152615.3553848,7310272,30424618,8192,6895.927798786314
1768152615.3554294,7318464,30424618,8192,6895.927798786314
1768152615.355467,7326656,30424618,8192,6895.927798786314
1768152615.3555036,7334848,30424618,8192,6895.927798786314
1768152615.358602,7343040,30424618,8192,6355.879055042858
1768152615.3586466,7351232,30424618,8192,6355.879055042858
1768152615.3586802,7359424,30424618,8192,6864.131858393052
1768152615.3587132,7367616,30424618,8192,6864.131858393052
1768152615.3595436,7375808,30424618,8192,6864.131858393052
1768152615.3595815,7384000,30424618,8192,6864.131858393052
1768152615.3663363,7392192,30424618,8192,6778.733738873583
1768152615.3663735,7400384,30424618,8192,6778.733738873583
1768152615.3664124,7408576,30424618,8192,6778.733738873583
1768152615.3664496,7416768,30424618,8192,6778.733738873583
1768152615.3675199,7424960,30424618,8192,7277.7958542105935
1768152615.3675573,7433152,30424618,8192,7277.7958542105935
1768152615.3675895,7441344,30424618,8192,7277.7958542105935
1768152615.367621,7449536,30424618,8192,7277.7958542105935
1768152615.367651,7457728,30424618,8192,7277.7958542105935
1768152615.3676841,7465920,30424618,8192,7277.7958542105935
1768152615.370811,7474112,30424618,8192,7416.479889024417
1768152615.3708565,7482304,30424618,8192,7416.479889024417
1768152615.3717074,7490496,30424618,8192,7416.479889024417
1768152615.3717465,7498688,30424618,8192,7416.479889024417
1768152615.3775723,7506880,30424618,8192,6795.29536666473
1768152615.3776155,7515072,30424618,8192,6795.29536666473
1768152615.3776507,7523264,30424618,8192,6795.29536666473
1768152615.3776867,7531456,30424618,8192,6795.29536666473
1768152615.3803542,7539648,30424618,8192,6297.467224682274
1768152615.3803978,7547840,30424618,8192,6297.467224682274
1768152615.3804324,7556032,30424618,8192,6840.000707251411
1768152615.380466,7564224,30424618,8192,6840.000707251411
1768152615.3811884,7572416,30424618,8192,6840.000707251411
1768152615.3812275,7580608,30424618,8192,6840.000707251411
1768152615.382137,7588800,30424618,8192,7502.171858017544
1768152615.3821774,7596992,30424618,8192,7502.171858017544
1768152615.3846288,7605184,30424618,8192,7031.362887589489
1768152615.3860536,7613376,30424618,8192,6802.995587957344
1768152615.3871663,7621568,30424618,8192,7234.701332234914
1768152615.387274,7629760,30424618,8192,7234.701332234914
1768152615.3873723,7637952,30424618,8192,7234.701332234914
1768152615.3874805,7646144,30424618,8192,7234.701332234914
1768152615.3893952,7654336,30424618,8192,6856.931792290209
1768152615.389503,7662528,30424618,8192,6856.931792290209
1768152615.3895478,7670720,30424618,8192,6856.931792290209
1768152615.389587,7678912,30424618,8192,6856.931792290209
1768152615.3907745,7687104,30424618,8192,7212.144804158884
1768152615.3911307,7695296,30424618,8192,7440.51210379103
1768152615.3931835,7703488,30424618,8192,7099.967506301345
1768152615.3932223,7711680,30424618,8192,7099.967506301345
1768152615.3932574,7719872,30424618,8192,7099.967506301345
1768152615.3932931,7728064,30424618,8192,7099.967506301345
1768152615.394124,7736256,30424618,8192,7477.737046246051
1768152615.3941624,7744448,30424618,8192,7477.737046246051
1768152615.3973064,7752640,30424618,8192,6933.71247813897
1768152615.3973455,7760832,30424618,8192,6933.71247813897
1768152615.39738,7769024,30424618,8192,7049.30843669835
1768152615.3974152,7777216,30424618,8192,7049.30843669835
1768152615.4019494,7785408,30424618,8192,6833.084134877764
1768152615.4019856,7793600,30424618,8192,6833.084134877764
1768152615.4021032,7801792,30424618,8192,6833.084134877764
1768152615.4021413,7809984,30424618,8192,6833.084134877764
1768152615.4087658,7818176,30424618,8192,6154.26687888792
1768152615.4088075,7826368,30424618,8192,6154.26687888792
1768152615.4088485,7834560,30424618,8192,6698.291446995
1768152615.4088943,7842752,30424618,8192,6698.291446995
1768152615.4089296,7850944,30424618,8192,6698.291446995
1768152615.408963,7859136,30424618,8192,6698.291446995
1768152615.4091728,7867328,30424618,8192,7321.182744010155
1768152615.4092155,7875520,30424618,8192,7321.182744010155
1768152615.4092474,7883712,30424618,8192,7321.182744010155
1768152615.4092789,7891904,30424618,8192,7321.182744010155
1768152615.4098408,7900096,30424618,8192,8000.0
1768152615.4098766,7908288,30424618,8192,8000.0
1768152615.4099078,7916480,30424618,8192,8000.0
1768152615.4099393,7924672,30424618,8192,8000.0
1768152615.415639,7932864,30424618,8192,7340.850031361506
1768152615.415684,7941056,30424618,8192,7340.850031361506
1768152615.4157178,7949248,30424618,8192,7340.850031361506
1768152615.4157522,7957440,30424618,8192,7340.850031361506
1768152615.415784,7965632,30424618,8192,7340.850031361506
1768152615.4158168,7973824,30424618,8192,7340.850031361506
1768152615.4184299,7982016,30424618,8192,6849.004587366243
1768152615.4184682,7990208,30424618,8192,6849.004587366243
1768152615.4186049,7998400,30424618,8192,6849.004587366243
1768152615.4187074,8006592,30424618,8192,6849.004587366243
1768152615.42213,8014784,30424618,8192,7083.0198267858605
1768152615.4223187,8022976,30424618,8192,7083.0198267858605
1768152615.4224179,8031168,30424618,8192,7083.0198267858605
1768152615.4224577,8039360,30424618,8192,7083.0198267858605
1768152615.42273,8047552,30424618,8192,7083.0198267858605
1768152615.4227643,8055744,30424618,8192,7083.0198267858605
1768152615.5133622,8063936,30424618,8192,6783.699271089473
1768152615.5137918,8072128,30424618,8192,6783.699271089473
1768152615.5272405,8080320,30424618,8192,6043.364252736622
1768152615.527309,8088512,30424618,8192,6043.364252736622
1768152615.5273938,8096704,30424618,8192,6468.498981955497
1768152615.527444,8104896,30424618,8192,6468.498981955497
1768152615.527489,8113088,30424618,8192,6468.498981955497
1768152615.5275369,8121280,30424618,8192,6468.498981955497
1768152615.5280237,8129472,30424618,8192,6468.498981955497
1768152615.528087,8137664,30424618,8192,6468.498981955497
1768152615.5298505,8145856,30424618,8192,6921.959110426644
1768152615.5299153,8154048,30424618,8192,6921.959110426644
1768152615.5299647,8162240,30424618,8192,7662.294128779495
1768152615.530014,8170432,30424618,8192,7662.294128779495
1768152615.5300698,8178624,30424618,8192,7662.294128779495
1768152615.530114,8186816,30424618,8192,7662.294128779495
1768152615.5303092,8195008,30424618,8192,7662.294128779495
1768152615.5303686,8203200,30424618,8192,7662.294128779495
1768152615.530413,8211392,30424618,8192,7662.294128779495
1768152615.5304587,8219584,30424618,8192,7662.294128779495
1768152615.5305014,8227776,30424618,8192,8000.0
1768152615.5305488,8235968,30424618,8192,8000.0
1768152615.5451016,8244160,30424618,8192,7255.130970454789
1768152615.5452132,8252352,30424618,8192,7255.130970454789
1768152615.5454206,8260544,30424618,8192,7255.130970454789
1768152615.545485,8268736,30424618,8192,7255.130970454789
1768152615.546358,8276928,30424618,8192,7255.130970454789
1768152615.5464325,8285120,30424618,8192,7255.130970454789
1768152615.5464852,8293312,30424618,8192,7255.130970454789
1768152615.5465403,8301504,30424618,8192,7255.130970454789
1768152615.5491388,8309696,30424618,8192,6767.119118882738
1768152615.5492387,8317888,30424618,8192,6767.119118882738
1768152615.5495732,8326080,30424618,8192,7511.9881484279485
1768152615.5496416,8334272,30424618,8192,7511.9881484279485
1768152615.550876,8342464,30424618,8192,7378.54368999875
1768152615.5509686,8350656,30424618,8192,7378.54368999875
1768152615.5510242,8358848,30424618,8192,7378.54368999875
1768152615.5545337,8367040,30424618,8192,6866.665858485088
1768152615.5549643,8375232,30424618,8192,6866.665858485088
1768152615.5558257,8383424,30424618,8192,6866.665858485088
1768152615.5565102,8391616,30424618,8192,7354.67771005714
1768152615.5588648,8399808,30424618,8192,6901.945155002299
1768152615.5590055,8408000,30424618,8192,6901.945155002299
1768152615.5590684,8416192,30424618,8192,6901.945155002299
1768152615.5591228,8424384,30424618,8192,7035.389613431497
1768152615.559184,8432576,30424618,8192,7035.389613431497
1768152615.5620208,8440768,30424618,8192,6531.488501285603
1768152615.5621572,8448960,30424618,8192,7043.366332799264
1768152615.5634637,8457152,30424618,8192,6874.729294627055
1768152615.5635438,8465344,30424618,8192,6874.729294627055
1768152615.563602,8473536,30424618,8192,6874.729294627055
1768152615.5637126,8481728,30424618,8192,7327.461849681897
1768152615.5638168,8489920,30424618,8192,7327.461849681897
1768152615.5638807,8498112,30424618,8192,7327.461849681897
1768152615.5639591,8506304,30424618,8192,7327.461849681897
1768152615.5640137,8514496,30424618,8192,7327.461849681897
1768152615.56412,8522688,30424618,8192,7831.362961827792
1768152615.564707,8530880,30424618,8192,7831.362961827792
1768152615.564817,8539072,30424618,8192,8000.0
1768152615.5648775,8547264,30424618,8192,8000.0
1768152615.56493,8555456,30424618,8192,8000.0
1768152615.56499,8563648,30424618,8192,8000.0
1768152615.566683,8571840,30424618,8192,7681.14513368963
1768152615.5667489,8580032,30424618,8192,7681.14513368963
1768152615.5669575,8588224,30424618,8192,7681.14513368963
1768152615.5670238,8596416,30424618,8192,7681.14513368963
1768152615.5670807,8604608,30424618,8192,7681.14513368963
1768152615.5671308,8612800,30424618,8192,7681.14513368963
1768152615.5671794,8620992,30424618,8192,7681.14513368963
1768152615.5672348,8629184,30424618,8192,7681.14513368963
1768152615.5672889,8637376,30424618,8192,7681.14513368963
1768152615.567339,8645568,30424618,8192,7681.14513368963
1768152615.567705,8653760,30424618,8192,8000.0
1768152615.567776,8661952,30424618,8192,8000.0
1768152615.567825,8670144,30424618,8192,8000.0
1768152615.5678704,8678336,30424618,8192,8000.0
1768152615.5679178,8686528,30424618,8192,8000.0
1768152615.5679672,8694720,30424618,8192,8000.0
1768152615.5706983,8702912,30424618,8192,7497.364619468184
1768152615.5707736,8711104,30424618,8192,7497.364619468184
1768152615.5729485,8719296,30424618,8192,7072.880967865201
1768152615.5732503,8727488,30424618,8192,7072.880967865201
1768152615.5736763,8735680,30424618,8192,7072.880967865201
1768152615.5739152,8743872,30424618,8192,7072.880967865201
1768152615.5741208,8752064,30424618,8192,7072.880967865201
1768152615.5743902,8760256,30424618,8192,7072.880967865201
1768152615.5750282,8768448,30424618,8192,7072.880967865201
1768152615.575126,8776640,30424618,8192,7072.880967865201
1768152615.5752041,8784832,30424618,8192,7575.5163483970155
1768152615.5752623,8793024,30424618,8192,7575.5163483970155
1768152615.5753155,8801216,30424618,8192,8000.0
1768152615.575377,8809408,30424618,8192,8000.0
1768152615.5754297,8817600,30424618,8192,8000.0
1768152615.5754883,8825792,30424618,8192,8000.0
1768152615.5771189,8833984,30424618,8192,7700.156312672858
1768152615.5771873,8842176,30424618,8192,7700.156312672858
1768152615.5772414,8850368,30424618,8192,7700.156312672858
1768152615.5772936,8858560,30424618,8192,7700.156312672858
1768152615.5773468,8866752,30424618,8192,7700.156312672858
1768152615.5774267,8874944,30424618,8192,7700.156312672858
1768152615.577513,8883136,30424618,8192,7700.156312672858
1768152615.5775843,8891328,30424618,8192,7700.156312672858
1768152615.5776377,8899520,30424618,8192,7700.156312672858
1768152615.5776877,8907712,30424618,8192,7700.156312672858
1768152615.5780003,8915904,30424618,8192,8000.0
1768152615.5780697,8924096,30424618,8192,8000.0
1768152615.578118,8932288,30424618,8192,8000.0
1768152615.5781639,8940480,30424618,8192,8000.0
1768152615.5784087,8948672,30424618,8192,8000.0
1768152615.5784585,8956608,30424618,8192,7975.0
1768152615.5796766,8964800,30424618,8192,7850.961104949072
1768152615.5797377,8972992,30424618,8192,7850.961104949072
1768152615.5799546,8981184,30424618,8192,7850.961104949072
1768152615.5800245,8989376,30424618,8192,7850.961104949072
1768152615.5800836,8997568,30424618,8192,7850.961104949072
1768152615.5801408,9005760,30424618,8192,7850.961104949072
1768152615.581359,9013952,30424618,8192,7725.0426935337
1768152615.5814528,9022144,30424618,8192,7725.0426935337
1768152615.5835912,9030336,30424618,8192,7305.379300281029
1768152615.5836582,9038528,30424618,8192,7330.379300281029
1768152615.5841234,9046720,30424618,8192,7454.418195331957
1768152615.5842805,9054912,30424618,8192,7454.418195331957
1768152615.5869355,9063104,30424618,8192,6960.100054496776
1768152615.58701,9071296,30424618,8192,6960.100054496776
1768152615.5870647,9079488,30424618,8192,6960.100054496776
1768152615.5871232,9087680,30424618,8192,6960.100054496776
1768152615.5890899,9095872,30424618,8192,6699.647556344964
1768152615.5891578,9104064,30424618,8192,6699.647556344964
1768152615.5918171,9112256,30424618,8192,6624.258732820711
1768152615.5920372,9120448,30424618,8192,6624.258732820711
1768152615.592398,9128640,30424618,8192,6624.258732820711
1768152615.5930104,9136832,30424618,8192,6624.258732820711
1768152615.5953302,9145024,30424618,8192,6669.330973845337
1768152615.5954032,9153216,30424618,8192,6669.330973845337
1768152615.5958426,9161408,30424618,8192,6669.330973845337
1768152615.5958998,9169600,30424618,8192,6669.330973845337
1768152615.5960681,9177792,30424618,8192,7055.701883412521
1768152615.5961292,9185984,30424618,8192,7055.701883412521
1768152615.5995011,9194176,30424618,8192,6990.770892886843
1768152615.599583,9202368,30424618,8192,6990.770892886843
1768152615.605057,9210560,30424618,8192,6338.073411556166
1768152615.6051357,9218752,30424618,8192,6338.073411556166
1768152615.6051981,9226944,30424618,8192,6787.31931136672
1768152615.6052814,9235136,30424618,8192,6787.31931136672
1768152615.6053581,9243328,30424618,8192,6787.31931136672
1768152615.6054347,9251520,30424618,8192,6787.31931136672
1768152615.6085858,9259712,30424618,8192,6244.818977821175
1768152615.608905,9267904,30424618,8192,6244.818977821175
1768152615.6090462,9276096,30424618,8192,6804.802185123776
1768152615.6095343,9284288,30424618,8192,6804.802185123776
1768152615.6107616,9292480,30424618,8192,7457.499666454455
1768152615.610911,9300672,30424618,8192,7457.499666454455
1768152615.6126676,9308864,30424618,8192,7122.940658463602
1768152615.6127512,9317056,30424618,8192,7122.940658463602
1768152615.6128194,9325248,30424618,8192,7122.940658463602
1768152615.6128914,9333440,30424618,8192,7122.940658463602
1768152615.6165938,9341632,30424618,8192,7083.888908810119
1768152615.6166737,9349824,30424618,8192,7083.888908810119
1768152615.6167312,9358016,30424618,8192,7083.888908810119
1768152615.6167908,9366208,30424618,8192,7083.888908810119
1768152615.6195004,9374400,30424618,8192,6584.110331379445
1768152615.6196327,9382592,30424618,8192,6584.110331379445
1768152615.6214113,9390784,30424618,8192,6577.332334142088
1768152615.6214876,9398976,30424618,8192,6577.332334142088
1768152615.621548,9407168,30424618,8192,6577.332334142088
1768152615.6216083,9415360,30424618,8192,6577.332334142088
1768152615.6245797,9423552,30424618,8192,6631.614779954611
1768152615.6246583,9431744,30424618,8192,6631.614779954611
1768152615.6251523,9439936,30424618,8192,6631.614779954611
1768152615.625239,9448128,30424618,8192,6631.614779954611
1768152615.6318378,9456320,30424618,8192,6453.353872573707
1768152615.6319072,9464512,30424618,8192,6453.353872573707
1768152615.6319609,9472704,30424618,8192,6794.690877801918
1768152615.6320167,9480896,30424618,8192,6794.690877801918
1768152615.6355405,9489088,30424618,8192,6232.828642712273
1768152615.6361837,9497280,30424618,8192,6232.828642712273
1768152615.6365626,9505472,30424618,8192,6760.098280098779
1768152615.6366653,9513664,30424618,8192,6760.098280098779
1768152615.6421173,9521856,30424618,8192,6107.967120849882
1768152615.6421986,9530048,30424618,8192,6107.967120849882
1768152615.642258,9538240,30424618,8192,6786.006605661458
1768152615.6423168,9546432,30424618,8192,6786.006605661458
1768152615.6458764,9554624,30424618,8192,6212.87329575887
1768152615.6459436,9562816,30424618,8192,6212.87329575887
1768152615.6461823,9571008,30424618,8192,6774.735530848515
1768152615.6463954,9579200,30424618,8192,6774.735530848515
1768152615.6477711,9587392,30424618,8192,6568.075231085352
1768152615.6479776,9595584,30424618,8192,6568.075231085352
1768152615.6481633,9603776,30424618,8192,7220.206390334248
1768152615.6483638,9611968,30424618,8192,7220.206390334248
1768152615.6504436,9620160,30424618,8192,6811.844894391431
1768152615.6505346,9628352,30424618,8192,6811.844894391431
1768152615.654441,9636544,30424618,8192,6791.509762676656
1768152615.6545007,9644736,30424618,8192,6791.509762676656
1768152615.6545525,9652928,30424618,8192,6791.509762676656
1768152615.6546052,9661120,30424618,8192,6791.509762676656
1768152615.656662,9669312,30424618,8192,6592.122890563403
1768152615.6567187,9677504,30424618,8192,6592.122890563403
1768152615.6595426,9685696,30424618,8192,6078.830418937943
1768152615.659605,9693888,30424618,8192,6078.830418937943
1768152615.6627154,9702080,30424618,8192,5946.704673458948
1768152615.6627781,9710272,30424618,8192,5946.704673458948
1768152615.6628299,9718464,30424618,8192,6540.173115076311
1768152615.6628766,9726656,30424618,8192,6540.173115076311
1768152615.6629214,9734848,30424618,8192,6540.173115076311
1768152615.6629722,9743040,30424618,8192,6540.173115076311
1768152615.6638732,9751232,30424618,8192,6946.220286952726
1768152615.6639268,9759424,30424618,8192,6946.220286952726
1768152615.6660938,9767616,30424618,8192,7032.995482892356
1768152615.6661575,9775808,30424618,8192,7032.995482892356
1768152615.6677487,9784000,30424618,8192,7286.106071412054
1768152615.6678236,9792192,30424618,8192,7286.106071412054
1768152615.672798,9800384,30424618,8192,6648.483272685467
1768152615.6728804,9808576,30424618,8192,6648.483272685467
1768152615.6729453,9816768,30424618,8192,6648.483272685467
1768152615.6730359,9824960,30424618,8192,6648.483272685467
1768152615.676119,9833152,30424618,8192,6111.840421023967
1768152615.6762006,9841344,30424618,8192,6111.840421023967
1768152615.6762598,9849536,30424618,8192,6538.357696709796
1768152615.6763206,9857728,30424618,8192,6538.357696709796
1768152615.6806629,9865920,30424618,8192,6211.547516446151
1768152615.6807432,9874112,30424618,8192,6211.547516446151
1768152615.6808028,9882304,30424618,8192,6849.170315172739
1768152615.6808562,9890496,30424618,8192,6849.170315172739
1768152615.681142,9898688,30424618,8192,6849.170315172739
1768152615.6812131,9906880,30424618,8192,6849.170315172739
1768152615.6865902,9915072,30424618,8192,6735.856308356304
1768152615.686681,9923264,30424618,8192,6735.856308356304
1768152615.6885707,9931456,30424618,8192,6367.705156689859
1768152615.6886442,9939648,30424618,8192,6367.705156689859
1768152615.6887023,9947840,30424618,8192,6981.891989855621
1768152615.6887622,9956032,30424618,8192,6981.891989855621
1768152615.6903327,9964224,30424618,8192,6703.336456173785
1768152615.6905868,9972416,30424618,8192,6703.336456173785
1768152615.6908011,9980608,30424618,8192,6703.336456173785
1768152615.6909804,9988800,30424618,8192,6703.336456173785
1768152615.6919153,9996992,30424618,8192,7353.293314651719
1768152615.691978,10005184,30424618,8192,7353.293314651719
1768152615.6920314,10013376,30424618,8192,7721.444466318164
1768152615.692085,10021568,30424618,8192,7721.444466318164
1768152615.6943386,10029760,30424618,8192,7282.227345591166
1768152615.6944094,10037952,30424618,8192,7282.227345591166
1768152615.694466,10046144,30424618,8192,7560.782879273002
1768152615.694523,10054336,30424618,8192,7560.782879273002
1768152615.6965086,10062528,30424618,8192,7174.775831555613
1768152615.6965847,10070720,30424618,8192,7174.775831555613
1768152615.69853,10078912,30424618,8192,6793.887344585311
1768152615.698598,10087104,30424618,8192,6793.887344585311
1768152615.6986566,10095296,30424618,8192,6793.887344585311
1768152615.6987147,10103488,30424618,8192,6793.887344585311
1768152615.7008858,10111680,30424618,8192,6808.356578748087
1768152615.700963,10119872,30424618,8192,6808.356578748087
1768152615.7010233,10128064,30424618,8192,6808.356578748087
1768152615.7010868,10136256,30424618,8192,6808.356578748087
1768152615.7033553,10144448,30424618,8192,6753.526782149673
1768152615.7034295,10152640,30424618,8192,6753.526782149673
1768152615.7036812,10160832,30424618,8192,7134.415269119975
1768152615.7037988,10169024,30424618,8192,7134.415269119975
1768152615.705151,10177216,30424618,8192,6942.133282418772
1768152615.7052188,10185408,30424618,8192,6942.133282418772
1768152615.7052782,10193600,30424618,8192,7366.881168982994
1768152615.7053378,10201792,30424618,8192,7366.881168982994
1768152615.707634,10209984,30424618,8192,6923.753192703739
1768152615.7078078,10218176,30424618,8192,6923.753192703739
1768152615.7101772,10226368,30424618,8192,6908.779702275514
1768152615.7102766,10234560,30424618,8192,6908.779702275514
1768152615.7103345,10242752,30424618,8192,6908.779702275514
1768152615.7103972,10250944,30424618,8192,6908.779702275514
1768152615.7137206,10259136,30424618,8192,6544.363291139881
1768152615.7137892,10267328,30424618,8192,6544.363291139881
1768152615.7138584,10275520,30424618,8192,6544.363291139881
1768152615.713916,10283712,30424618,8192,6544.363291139881
1768152615.7198544,10291904,30424618,8192,6323.714812625041
1768152615.720004,10300096,30424618,8192,6323.714812625041
1768152615.723256,10308288,30424618,8192,6239.206383715105
1768152615.7235413,10316480,30424618,8192,6239.206383715105
1768152615.7268288,10324672,30424618,8192,5687.314568719148
1768152615.7269828,10332864,30424618,8192,5687.314568719148
1768152615.7279289,10341056,30424618,8192,6244.012966555984
1768152615.728011,10349248,30424618,8192,6244.012966555984
1768152615.7301788,10357440,30424618,8192,5819.159498291155
1768152615.7302673,10365632,30424618,8192,5819.159498291155
1768152615.734514,10373824,30424618,8192,5873.059051358392
1768152615.73464,10382016,30424618,8192,5873.059051358392
1768152615.7347693,10390208,30424618,8192,6413.377815012355
1768152615.7348464,10398400,30424618,8192,6413.377815012355
1768152615.7357235,10406592,30424618,8192,6965.2696300083135
1768152615.7358043,10414784,30424618,8192,6965.2696300083135
1768152615.738661,10422976,30424618,8192,6449.421080973911
1768152615.7389002,10431168,30424618,8192,6449.421080973911
1768152615.739096,10439360,30424618,8192,6874.2745492387385
1768152615.7392929,10447552,30424618,8192,6874.2745492387385
1768152615.7412083,10455744,30424618,8192,7111.776040114304
1768152615.7415438,10463936,30424618,8192,7111.776040114304
1768152615.7423928,10472128,30424618,8192,7111.776040114304
1768152615.7426846,10480320,30424618,8192,7111.776040114304
1768152615.746292,10488512,30424618,8192,6536.956893094861
1768152615.7464101,10496704,30424618,8192,6536.956893094861
1768152615.7464745,10504896,30424618,8192,7052.805442129264
1768152615.7465382,10513088,30424618,8192,7052.805442129264
1768152615.7472632,10521280,30424618,8192,7052.805442129264
1768152615.7473295,10529472,30424618,8192,7052.805442129264
1768152615.7531817,10537664,30424618,8192,6762.976465592592
1768152615.7532694,10545856,30424618,8192,6762.976465592592
1768152615.7533412,10554048,30424618,8192,6762.976465592592
1768152615.7535431,10562240,30424618,8192,6762.976465592592
1768152615.7562604,10570432,30424618,8192,6837.051216189752
1768152615.7564077,10578624,30424618,8192,6837.051216189752
1768152615.756474,10586816,30424618,8192,6837.051216189752
1768152615.7565377,10595008,30424618,8192,6837.051216189752
1768152615.758065,10603200,30424618,8192,6573.100548829774
1768152615.7581365,10611392,30424618,8192,6573.100548829774
1768152615.7581747,10616832,30424618,8192,6966.554936217738
1768152615.7599745,10625024,30424618,8192,6620.404135985422
1768152615.7600493,10633216,30424618,8192,6620.404135985422
1768152615.760106,10641408,30424618,8192,6620.404135985422
1768152615.7601619,10649600,30424618,8192,7121.148532407706
1768152615.762357,10657792,30424618,8192,6691.673283649555
1768152615.7624292,10665984,30424618,8192,6691.673283649555
1768152615.7624867,10674176,30424618,8192,6691.673283649555
1768152615.7625422,10682368,30424618,8192,6955.623951009535
1768152615.7636144,10690560,30424618,8192,6923.8205994019545
1768152615.7636805,10698752,30424618,8192,7192.5705994019545
1768152615.7650595,10706944,30424618,8192,7332.281369479259
1768152615.7651246,10715136,30424618,8192,7332.281369479259
1768152615.7651787,10723328,30424618,8192,7332.281369479259
1768152615.765235,10731520,30424618,8192,7332.281369479259
1768152615.7683885,10739712,30424618,8192,7218.224405667885
1768152615.7684586,10747904,30424618,8192,7218.224405667885
1768152615.770438,10756096,30424618,8192,6831.383532279394
1768152615.7705238,10764288,30424618,8192,6831.383532279394
1768152615.7706194,10772480,30424618,8192,6863.186883886975
1768152615.7707,10780672,30424618,8192,6863.186883886975
1768152615.7722538,10788864,30424618,8192,6796.289217900552
1768152615.7723265,10797056,30424618,8192,6796.289217900552
1768152615.7744157,10805248,30424618,8192,6413.673254078645
1768152615.7745473,10813440,30424618,8192,6413.673254078645
1768152615.7748294,10821632,30424618,8192,6957.205466648171
1768152615.7750776,10829824,30424618,8192,6957.205466648171
1768152615.775255,10838016,30424618,8192,7344.04634003666
1768152615.775972,10846208,30424618,8192,7344.04634003666
1768152615.7761116,10854400,30424618,8192,7344.04634003666
1768152615.7762067,10862592,30424618,8192,7344.04634003666
1768152615.7770765,10870784,30424618,8192,7617.384036178094
1768152615.7771535,10878976,30424618,8192,7617.384036178094
1768152615.7772207,10887168,30424618,8192,8000.0
1768152615.777287,10895360,30424618,8192,8000.0
1768152615.7778218,10903552,30424618,8192,8000.0
1768152615.7778902,10911744,30424618,8192,8000.0
1768152615.778677,10919936,30424618,8192,8000.0
1768152615.7788048,10928128,30424618,8192,8000.0
1768152615.78221,10936320,30424618,8192,7437.628466225899
1768152615.7822835,10944512,30424618,8192,7437.628466225899
1768152615.782343,10952704,30424618,8192,7437.628466225899
1768152615.7824013,10960896,30424618,8192,7437.628466225899
1768152615.7871897,10969088,30424618,8192,6806.106266865814
1768152615.7872624,10977280,30424618,8192,6806.106266865814
1768152615.7873216,10985472,30424618,8192,6806.106266865814
1768152615.787385,10993664,30424618,8192,6806.106266865814
1768152615.7888591,11001856,30424618,8192,6561.661813999225
1768152615.788928,11010048,30424618,8192,6561.661813999225
1768152615.7914798,11018240,30424618,8192,6642.12479168711
1768152615.7915606,11026432,30424618,8192,6642.12479168711
1768152615.7916212,11034624,30424618,8192,6642.12479168711
1768152615.7916844,11042816,30424618,8192,6642.12479168711
1768152615.793402,11051008,30424618,8192,6949.582470659036
1768152615.793479,11059200,30424618,8192,6949.582470659036
1768152615.7935407,11067392,30424618,8192,6949.582470659036
1768152615.7936013,11075584,30424618,8192,6949.582470659036
1768152615.794382,11083776,30424618,8192,7194.026923525625
1768152615.7944503,11091968,30424618,8192,7194.026923525625
1768152615.7958574,11100160,30424618,8192,7457.880684683881
1768152615.7959325,11108352,30424618,8192,7457.880684683881
1768152615.8002346,11116544,30424618,8192,6845.458353774481
1768152615.8003027,11124736,30424618,8192,6845.458353774481
1768152615.8003583,11132928,30424618,8192,7169.52287416264
1768152615.800441,11141120,30424618,8192,7169.52287416264
1768152615.8008504,11149312,30424618,8192,7169.52287416264
1768152615.801267,11157504,30424618,8192,7169.52287416264
1768152615.8017635,11165696,30424618,8192,7169.52287416264
1768152615.8018262,11173888,30424618,8192,7169.52287416264
1768152615.804561,11182080,30424618,8192,6884.379624128563
1768152615.8046334,11190272,30424618,8192,6884.379624128563
1768152615.8056471,11198464,30424618,8192,7496.801955037963
1768152615.8059175,11206656,30424618,8192,7496.801955037963
1768152615.8068411,11214848,30424618,8192,7496.801955037963
1768152615.8069687,11223040,30424618,8192,7496.801955037963
1768152615.808001,11231232,30424618,8192,7496.801955037963
1768152615.8080695,11239424,30424618,8192,7496.801955037963
1768152615.8115895,11247616,30424618,8192,6926.462632599602
1768152615.8116567,11255808,30424618,8192,6926.462632599602
1768152615.8117132,11264000,30424618,8192,7429.66067756164
1768152615.8117728,11272192,30424618,8192,7429.66067756164
1768152615.8141725,11280384,30424618,8192,6982.254456245379
1768152615.8144767,11288576,30424618,8192,6982.254456245379
1768152615.8145492,11296768,30424618,8192,6982.254456245379
1768152615.8146122,11304960,30424618,8192,6982.254456245379
1768152615.8152132,11313152,30424618,8192,6982.254456245379
1768152615.8152912,11321344,30424618,8192,6982.254456245379
1768152615.8175778,11329536,30424618,8192,7107.0465989932545
1768152615.8176389,11337728,30424618,8192,7107.0465989932545
1768152615.8186173,11345920,30424618,8192,7107.0465989932545
1768152615.8186934,11354112,30424618,8192,7107.0465989932545
1768152615.822416,11362304,30424618,8192,6971.714234306381
1768152615.8225,11370496,30424618,8192,6971.714234306381
1768152615.8225563,11378688,30424618,8192,6971.714234306381
1768152615.8226125,11386880,30424618,8192,6971.714234306381
1768152615.8250108,11395072,30424618,8192,6509.766213322599
1768152615.825071,11403264,30424618,8192,6509.766213322599
1768152615.8251245,11411456,30424618,8192,6955.313393013082
1768152615.825179,11419648,30424618,8192,6955.313393013082
1768152615.827974,11427840,30424618,8192,6444.885192348072
1768152615.8280456,11436032,30424618,8192,6444.885192348072
1768152615.8322828,11444224,30424618,8192,6417.796597101905
1768152615.832341,11452416,30424618,8192,6417.796597101905
1768152615.8323898,11460608,30424618,8192,6417.796597101905
1768152615.832438,11468800,30424618,8192,6417.796597101905
1768152615.8326871,11476992,30424618,8192,6879.744618085688
1768152615.8327453,11485184,30424618,8192,6879.744618085688
1768152615.8381827,11493376,30424618,8192,6227.933929595749
1768152615.8382547,11501568,30424618,8192,6227.933929595749
1768152615.838312,11509760,30424618,8192,6738.362130260759
1768152615.8383715,11517952,30424618,8192,6738.362130260759
1768152615.8389747,11526144,30424618,8192,7348.189311510063
1768152615.8390367,11534336,30424618,8192,7348.189311510063
1768152615.84097,11542528,30424618,8192,6969.774468654796
1768152615.8411624,11550720,30424618,8192,6969.774468654796
1768152615.841332,11558912,30424618,8192,6969.774468654796
1768152615.8415098,11567104,30424618,8192,6969.774468654796
1768152615.8450265,11575296,30424618,8192,7051.232649356309
1768152615.845186,11583488,30424618,8192,7051.232649356309
1768152615.845242,11591680,30424618,8192,7051.232649356309
1768152615.8452904,11599872,30424618,8192,7051.232649356309
1768152615.8465354,11608064,30424618,8192,6912.88180448591
1768152615.846603,11616256,30424618,8192,6912.88180448591
1768152615.8466582,11624448,30424618,8192,7291.296647341177
1768152615.8467126,11632640,30424618,8192,7291.296647341177
1768152615.8505838,11640832,30424618,8192,6699.657110096552
1768152615.8506446,11649024,30424618,8192,6699.657110096552
1768152615.850696,11657216,30424618,8192,7270.009617884975
1768152615.8507571,11665408,30424618,8192,7270.009617884975
1768152615.8508034,11673600,30424618,8192,7270.009617884975
1768152615.850851,11681792,30424618,8192,7270.009617884975
1768152615.8539374,11689984,30424618,8192,6870.312004156765
1768152615.8539913,11698176,30424618,8192,6870.312004156765
1768152615.854037,11706368,30424618,8192,6870.312004156765
1768152615.8540852,11714560,30424618,8192,6870.312004156765
1768152615.858256,11722752,30424618,8192,6855.267639134337
1768152615.858323,11730944,30424618,8192,6855.267639134337
1768152615.8585203,11739136,30424618,8192,6855.267639134337
1768152615.8585775,11747328,30424618,8192,6855.267639134337
1768152615.8586245,11755520,30424618,8192,6855.267639134337
1768152615.8586748,11763712,30424618,8192,6855.267639134337
1768152615.8626745,11771904,30424618,8192,6794.97473722518
1768152615.8627381,11780096,30424618,8192,6794.97473722518
1768152615.8627863,11788288,30424618,8192,6794.97473722518
1768152615.8628354,11796480,30424618,8192,6794.97473722518
1768152615.8664155,11804672,30424618,8192,6826.991700937343
1768152615.8664758,11812864,30424618,8192,6826.991700937343
1768152615.8665247,11821056,30424618,8192,6826.991700937343
1768152615.866571,11829248,30424618,8192,6826.991700937343
1768152615.8666189,11837440,30424618,8192,6826.991700937343
1768152615.8666706,11845632,30424618,8192,6826.991700937343
1768152615.8726668,11853824,30424618,8192,6759.74166015595
1768152615.8727455,11862016,30424618,8192,6759.74166015595
1768152615.8732128,11870208,30424618,8192,6759.74166015595
1768152615.8733091,11878400,30424618,8192,6759.74166015595
1768152615.8752954,11886592,30424618,8192,6943.532054177665
1768152615.875356,11894784,30424618,8192,6943.532054177665
1768152615.875408,11902976,30424618,8192,6943.532054177665
1768152615.8754613,11911168,30424618,8192,6943.532054177665
1768152615.8757694,11919360,30424618,8192,6943.532054177665
1768152615.8758261,11927552,30424618,8192,6943.532054177665
1768152615.8794246,11935744,30424618,8192,7033.194257997251
1768152615.8795881,11943936,30424618,8192,7033.194257997251
1768152615.8797266,11952128,30424618,8192,7033.194257997251
1768152615.879783,11960320,30424618,8192,7033.194257997251
1768152615.8834522,11968512,30424618,8192,6843.844990942816
1768152615.8835106,11976704,30424618,8192,6843.844990942816
1768152615.8835602,11984896,30424618,8192,6843.844990942816
1768152615.8836126,11993088,30424618,8192,6843.844990942816
1768152615.889285,12001280,30424618,8192,6185.774526803264
1768152615.8893495,12009472,30424618,8192,6185.774526803264
1768152615.8894157,12017664,30424618,8192,6761.703724272836
1768152615.8894684,12025856,30424618,8192,6761.703724272836
1768152615.8898308,12034048,30424618,8192,6761.703724272836
1768152615.8898897,12042240,30424618,8192,6761.703724272836
1768152615.8920782,12050432,30424618,8192,6912.780657191748
1768152615.8921416,12058624,30424618,8192,6912.780657191748
1768152615.8922043,12066816,30424618,8192,6912.780657191748
1768152615.892259,12075008,30424618,8192,6912.780657191748
1768152615.8941495,12083200,30424618,8192,7200.95860355606
1768152615.8942113,12091392,30424618,8192,7200.95860355606
1768152615.8942628,12099584,30424618,8192,7200.95860355606
1768152615.8943155,12107776,30424618,8192,7200.95860355606
1768152615.8961856,12115968,30424618,8192,6835.221970722845
1768152615.8962445,12124160,30424618,8192,6835.221970722845
1768152615.8986373,12132352,30424618,8192,6802.737390870172
1768152615.8987021,12140544,30424618,8192,6802.737390870172
1768152615.8987522,12148736,30424618,8192,6802.737390870172
1768152615.8988132,12156928,30424618,8192,6802.737390870172
1768152615.90091,12165120,30424618,8192,6759.103351756336
1768152615.9009652,12173312,30424618,8192,6759.103351756336
1768152615.9010136,12181504,30424618,8192,6759.103351756336
1768152615.9010632,12189696,30424618,8192,6759.103351756336
1768152615.9031663,12197888,30424618,8192,6711.033553428572
1768152615.9032302,12206080,30424618,8192,6711.033553428572
1768152615.9032817,12214272,30424618,8192,7172.667011949945
1768152615.9033337,12222464,30424618,8192,7172.667011949945
1768152615.9053543,12230656,30424618,8192,6774.919624627485
1768152615.9054108,12238848,30424618,8192,6774.919624627485
1768152615.9054585,12247040,30424618,8192,7188.446181516561
1768152615.905507,12255232,30424618,8192,7188.446181516561
1768152615.9091985,12263424,30424618,8192,6607.306465983593
1768152615.90939,12271616,30424618,8192,6607.306465983593
1768152615.9095542,12279808,30424618,8192,7021.1128971445705
1768152615.9097137,12288000,30424618,8192,7021.1128971445705
1768152615.9108126,12296192,30424618,8192,6970.316880777087
1768152615.9110186,12304384,30424618,8192,6970.316880777087
1768152615.912486,12312576,30424618,8192,7125.0510176469925
1768152615.912656,12320768,30424618,8192,7125.0510176469925
1768152615.9127634,12328960,30424618,8192,7125.0510176469925
1768152615.9128234,12337152,30424618,8192,7125.0510176469925
1768152615.9170368,12345344,30424618,8192,7097.633256153099
1768152615.9170973,12353536,30424618,8192,7097.633256153099
1768152615.9171598,12361728,30424618,8192,7097.633256153099
1768152615.9172108,12369920,30424618,8192,7097.633256153099
1768152615.9198518,12378112,30424618,8192,6655.613526257424
1768152615.9199154,12386304,30424618,8192,6655.613526257424
1768152615.9199684,12394496,30424618,8192,6898.62677670998
1768152615.9202263,12402688,30424618,8192,6898.62677670998
1768152615.9208035,12410880,30424618,8192,6898.62677670998
1768152615.920858,12419072,30424618,8192,6898.62677670998
1768152615.9209065,12427264,30424618,8192,7507.184253736841
1768152615.9209566,12435456,30424618,8192,7507.184253736841
1768152615.923039,12443648,30424618,8192,7097.371031164704
1768152615.9230988,12451840,30424618,8192,7097.371031164704
1768152615.923311,12460032,30424618,8192,7590.1867774278635
1768152615.9233747,12468224,30424618,8192,7590.1867774278635
1768152615.9262493,12476416,30424618,8192,7072.41355352751
1768152615.9263303,12484608,30424618,8192,7072.41355352751
1768152615.9282012,12492800,30424618,8192,6708.262066956908
1768152615.928273,12500992,30424618,8192,6708.262066956908
1768152615.928333,12509184,30424618,8192,6708.262066956908
1768152615.92839,12517376,30424618,8192,6708.262066956908
1768152615.9284272,12524928,30424618,8192,7055.575289529045
1768152615.9304907,12533120,30424618,8192,6649.431118949198
1768152615.9305525,12541312,30424618,8192,6649.431118949198
1768152615.9306061,12549504,30424618,8192,6649.431118949198
1768152615.9306629,12557696,30424618,8192,7167.204342849553
1768152615.9326582,12565888,30424618,8192,6775.055494183187
1768152615.9327369,12574080,30424618,8192,7139.206980753787
1768152615.934617,12582272,30424618,8192,6772.318349560002
1768152615.9349842,12590464,30424618,8192,6772.318349560002
1768152615.935065,12598656,30424618,8192,6772.318349560002
1768152615.9351273,12606848,30424618,8192,6834.818349560002
1768152615.939745,12615040,30424618,8192,6615.871789683957
1768152615.9398243,12623232,30424618,8192,6615.871789683957
1768152615.9398847,12631424,30424618,8192,6615.871789683957
1768152615.939948,12639616,30424618,8192,6615.871789683957
1768152615.9410849,12647808,30424618,8192,6932.527051271939
1768152615.9413276,12656000,30424618,8192,6932.527051271939
1768152615.9416385,12664192,30424618,8192,7299.415682465724
1768152615.941934,12672384,30424618,8192,7299.415682465724
1768152615.9434786,12680576,30424618,8192,7030.588849297572
1768152615.9441435,12688768,30424618,8192,7030.588849297572
1768152615.9455888,12696960,30424618,8192,7424.144059932912
1768152615.9456708,12705152,30424618,8192,7424.144059932912
1768152615.9457302,12713344,30424618,8192,7424.144059932912
1768152615.9457908,12721536,30424618,8192,7424.144059932912
1768152615.9478488,12729728,30424618,8192,7094.134425201842
1768152615.947914,12737920,30424618,8192,7094.134425201842
1768152615.9479668,12746112,30424618,8192,7094.134425201842
1768152615.9480197,12754304,30424618,8192,7094.134425201842
1768152615.9508603,12762496,30424618,8192,6848.115413896878
1768152615.9509323,12770688,30424618,8192,6848.115413896878
1768152615.95099,12778880,30424618,8192,7079.650933717428
1768152615.9510486,12787072,30424618,8192,7079.650933717428
1768152615.952979,12795264,30424618,8192,6701.080603892234
1768152615.953044,12803456,30424618,8192,6701.080603892234
1768152615.9530985,12811648,30424618,8192,7106.583825701688
1768152615.9531536,12819840,30424618,8192,7106.583825701688
1768152615.9540489,12828032,30424618,8192,7106.583825701688
1768152615.9541166,12836224,30424618,8192,7106.583825701688
1768152615.956082,12844416,30424618,8192,7237.792746971111
1768152615.956354,12852608,30424618,8192,7237.792746971111
1768152615.9605877,12860800,30424618,8192,6628.532337972576
1768152615.960666,12868992,30424618,8192,6628.532337972576
1768152615.9607277,12877184,30424618,8192,7007.10266779777
1768152615.9607859,12885376,30424618,8192,7007.10266779777
1768152615.9608395,12893568,30424618,8192,7007.10266779777
1768152615.9608958,12901760,30424618,8192,7007.10266779777
1768152615.9662237,12909952,30424618,8192,6358.331401229438
1768152615.9662976,12918144,30424618,8192,6358.331401229438
1768152615.966356,12926336,30424618,8192,6741.968324433132
1768152615.966412,12934528,30424618,8192,6741.968324433132
1768152615.9664814,12942720,30424618,8192,7351.228733431669
1768152615.9665368,12950912,30424618,8192,7351.228733431669
1768152615.966591,12959104,30424618,8192,7351.228733431669
1768152615.9666476,12967296,30424618,8192,7351.228733431669
1768152615.9681358,12975488,30424618,8192,7099.888018818265
1768152615.9685178,12983680,30424618,8192,7099.888018818265
1768152615.9704902,12991872,30424618,8192,7362.416733384441
1768152615.9705637,13000064,30424618,8192,7362.416733384441
1768152615.9706237,13008256,30424618,8192,7362.416733384441
1768152615.970685,13016448,30424618,8192,7362.416733384441
1768152615.9726305,13024640,30424618,8192,6982.29812659475
1768152615.9727166,13032832,30424618,8192,6982.29812659475
1768152615.972782,13041024,30424618,8192,6982.29812659475
1768152615.9730356,13049216,30424618,8192,6982.29812659475
1768152615.9768295,13057408,30424618,8192,6646.949426007051
1768152615.976917,13065600,30424618,8192,6646.949426007051
1768152615.9769797,13073792,30424618,8192,7033.1919780092085
1768152615.9770384,13081984,30424618,8192,7033.1919780092085
1768152615.9770942,13090176,30424618,8192,7033.1919780092085
1768152615.977153,13098368,30424618,8192,7033.1919780092085
1768152615.9784646,13106560,30424618,8192,7239.092834375726
1768152615.978546,13114752,30424618,8192,7239.092834375726
1768152615.9786062,13122944,30424618,8192,7239.092834375726
1768152615.9786649,13131136,30424618,8192,7239.092834375726
1768152615.9795175,13139328,30424618,8192,7825.782249576829
1768152615.9795904,13147520,30424618,8192,7825.782249576829
1768152615.9811652,13155712,30424618,8192,7544.286368411151
1768152615.9812338,13163904,30424618,8192,7544.286368411151
1768152615.9827626,13172096,30424618,8192,7280.048503929131
1768152615.9828334,13180288,30424618,8192,7280.048503929131
1768152615.9828918,13188480,30424618,8192,7454.266254352301
1768152615.98296,13196672,30424618,8192,7454.266254352301
1768152615.9862382,13204864,30424618,8192,6901.294209833153
1768152615.986314,13213056,30424618,8192,6901.294209833153
1768152615.9863727,13221248,30424618,8192,6901.294209833153
1768152615.9864337,13229440,30424618,8192,6901.294209833153
1768152615.987229,13237632,30424618,8192,7182.790090998831
1768152615.9875193,13245824,30424618,8192,7182.790090998831
1768152615.9921596,13254016,30424618,8192,6820.922097820163
1768152615.9922295,13262208,30424618,8192,6820.922097820163
1768152615.9925573,13270400,30424618,8192,6820.922097820163
1768152615.9926915,13278592,30424618,8192,6820.922097820163
1768152615.9944775,13286784,30424618,8192,7029.994462448243
1768152615.994542,13294976,30424618,8192,7029.994462448243
1768152615.994598,13303168,30424618,8192,7029.994462448243
1768152615.9946892,13311360,30424618,8192,7029.994462448243
1768152615.9962573,13319552,30424618,8192,6750.184347857231
1768152615.9963264,13327744,30424618,8192,6750.184347857231
1768152615.9978716,13335936,30424618,8192,7104.377864556356
1768152615.9979365,13344128,30424618,8192,7104.377864556356
1768152615.9979892,13352320,30424618,8192,7104.377864556356
1768152615.9980412,13360512,30424618,8192,7104.377864556356
1768152616.0005586,13368704,30424618,8192,6969.627215561862
1768152616.0008166,13376896,30424618,8192,6969.627215561862
1768152616.0045166,13385088,30424618,8192,6388.08707686804
1768152616.0047102,13393280,30424618,8192,6388.08707686804
1768152616.004884,13401472,30424618,8192,6667.897191459054
1768152616.005083,13409664,30424618,8192,6667.897191459054
1768152616.0071716,13417856,30424618,8192,6529.122894083246
1768152616.0078218,13426048,30424618,8192,6529.122894083246
1768152616.0079277,13434240,30424618,8192,6529.122894083246
1768152616.0079923,13442432,30424618,8192,6529.122894083246
1768152616.0096056,13450624,30424618,8192,6712.31410148748
1768152616.0096645,13458816,30424618,8192,6712.31410148748
1768152616.0097146,13467008,30424618,8192,7293.854240181301
1768152616.0097651,13475200,30424618,8192,7293.854240181301
1768152616.0131702,13483392,30424618,8192,6730.638715381315
1768152616.01323,13491584,30424618,8192,6730.638715381315
1768152616.019126,13499776,30424618,8192,6480.3011066253575
1768152616.0192397,13507968,30424618,8192,6480.3011066253575
1768152616.0193007,13516160,30424618,8192,6480.3011066253575
1768152616.019358,13524352,30424618,8192,6480.3011066253575
1768152616.0195665,13532544,30424618,8192,6775.760228106687
1768152616.0196695,13540736,30424618,8192,6775.760228106687
1768152616.2220373,13548928,30424618,8192,5979.714268318776
1768152616.222126,13557120,30424618,8192,5979.714268318776
1768152616.2221935,13565312,30424618,8192,6542.929793118762
1768152616.222444,13573504,30424618,8192,6542.929793118762
1768152616.2230315,13581696,30424618,8192,7203.954040212089
1768152616.2230995,13589888,30424618,8192,7203.954040212089
1768152616.223948,13598080,30424618,8192,7203.954040212089
1768152616.2240117,13606272,30424618,8192,7203.954040212089
1768152616.2263455,13614464,30424618,8192,6751.477922475848
1768152616.2264097,13622656,30424618,8192,6751.477922475848
1768152616.2264733,13630848,30424618,8192,7547.5238822637575
1768152616.226638,13639040,30424618,8192,7547.5238822637575
1768152616.2279608,13647232,30424618,8192,7368.30444149446
1768152616.2280378,13655424,30424618,8192,7368.30444149446
1768152616.2280977,13663616,30424618,8192,7368.30444149446
1768152616.22816,13671808,30424618,8192,7368.30444149446
1768152616.2294805,13680000,30424618,8192,7187.547444824269
1768152616.229548,13688192,30424618,8192,7187.547444824269
1768152616.2313519,13696384,30424618,8192,7290.651651461873
1768152616.2316737,13704576,30424618,8192,7290.651651461873
1768152616.23174,13712768,30424618,8192,7290.651651461873
1768152616.231813,13720960,30424618,8192,7290.651651461873
1768152616.2341127,13729152,30424618,8192,7022.573669289212
1768152616.2341797,13737344,30424618,8192,7022.573669289212
1768152616.2342377,13745536,30424618,8192,7022.573669289212
1768152616.2343147,13753728,30424618,8192,7022.573669289212
1768152616.2343702,13761920,30424618,8192,7203.3306659594045
1768152616.2346103,13770112,30424618,8192,7203.3306659594045
1768152616.2350261,13778304,30424618,8192,7552.702577058042
1768152616.2355418,13786496,30424618,8192,7552.702577058042
1768152616.2358303,13794688,30424618,8192,7552.702577058042
1768152616.2359128,13802880,30424618,8192,7552.702577058042
1768152616.2359803,13811072,30424618,8192,8000.0
1768152616.2360444,13819264,30424618,8192,8000.0
1768152616.236106,13827456,30424618,8192,8000.0
1768152616.236161,13835648,30424618,8192,8000.0
1768152616.2362125,13843840,30424618,8192,8000.0
1768152616.236272,13852032,30424618,8192,8000.0
1768152616.2393165,13860224,30424618,8192,7466.693323534841
1768152616.2394054,13868416,30424618,8192,7466.693323534841
1768152616.2394726,13876608,30424618,8192,7466.693323534841
1768152616.2395468,13884800,30424618,8192,7466.693323534841
1768152616.2396085,13892992,30424618,8192,7466.693323534841
1768152616.2396805,13901184,30424618,8192,7466.693323534841
1768152616.2397437,13909376,30424618,8192,7466.693323534841
1768152616.2398167,13917568,30424618,8192,7466.693323534841
1768152616.2398777,13925760,30424618,8192,7466.693323534841
1768152616.2399437,13933952,30424618,8192,7466.693323534841
1768152616.240001,13942144,30424618,8192,8000.0
1768152616.2400565,13950336,30424618,8192,8000.0
1768152616.2401123,13958528,30424618,8192,8000.0
1768152616.2403562,13966720,30424618,8192,8000.0
1768152616.2404256,13974912,30424618,8192,8000.0
1768152616.2405038,13983104,30424618,8192,8000.0
1768152616.241749,13991296,30424618,8192,7859.195693938251
1768152616.2418203,13999488,30424618,8192,7859.195693938251
1768152616.241882,14007680,30424618,8192,7859.195693938251
1768152616.2419431,14015872,30424618,8192,7859.195693938251
1768152616.2420046,14024064,30424618,8192,7859.195693938251
1768152616.242076,14032256,30424618,8192,7859.195693938251
1768152616.2421362,14040448,30424618,8192,7859.195693938251
1768152616.2421987,14048640,30424618,8192,7859.195693938251
1768152616.2422616,14056832,30424618,8192,7859.195693938251
1768152616.2423198,14065024,30424618,8192,7859.195693938251
1768152616.242376,14073216,30424618,8192,8000.0
1768152616.2424295,14081408,30424618,8192,8000.0
1768152616.242483,14089600,30424618,8192,8000.0
1768152616.2427428,14097792,30424618,8192,8000.0
1768152616.2430773,14105984,30424618,8192,8000.0
1768152616.2432003,14114176,30424618,8192,8000.0
1768152616.2442663,14122368,30424618,8192,7970.861447996632
1768152616.2443323,14130560,30424618,8192,7970.861447996632
1768152616.2446594,14138752,30424618,8192,7970.861447996632
1768152616.244754,14146944,30424618,8192,7970.861447996632
1768152616.244974,14155136,30424618,8192,7970.861447996632
1768152616.2469409,14163328,30424618,8192,7587.680066198423
1768152616.2470703,14171520,30424618,8192,7587.680066198423
1768152616.247149,14179712,30424618,8192,7587.680066198423
1768152616.2472155,14187904,30424618,8192,7587.680066198423
1768152616.247277,14196096,30424618,8192,7587.680066198423
1768152616.247335,14204288,30424618,8192,7616.818618201792
1768152616.2473927,14212480,30424618,8192,7616.818618201792
1768152616.2474513,14220672,30424618,8192,7616.818618201792
1768152616.2475097,14228864,30424618,8192,7616.818618201792
1768152616.24758,14237056,30424618,8192,7616.818618201792
1768152616.247643,14245248,30424618,8192,8000.0
1768152616.2493346,14253440,30424618,8192,7806.290298593187
1768152616.2495701,14261632,30424618,8192,7806.290298593187
1768152616.2496848,14269824,30424618,8192,7806.290298593187
1768152616.249754,14278016,30424618,8192,7806.290298593187
1768152616.2498233,14286208,30424618,8192,7806.290298593187
1768152616.250053,14294400,30424618,8192,7806.290298593187
1768152616.250121,14302592,30424618,8192,7806.290298593187
1768152616.2501853,14310784,30424618,8192,7806.290298593187
1768152616.2502453,14318976,30424618,8192,7806.290298593187
1768152616.250314,14327168,30424618,8192,7806.290298593187
1768152616.2503703,14335360,30424618,8192,8000.0
1768152616.2504256,14343552,30424618,8192,8000.0
1768152616.2504818,14351744,30424618,8192,8000.0
1768152616.2505374,14359936,30424618,8192,8000.0
1768152616.250594,14368128,30424618,8192,8000.0
1768152616.250655,14376320,30424618,8192,8000.0
1768152616.256328,14384512,30424618,8192,7342.4121037615205
1768152616.2566125,14392704,30424618,8192,7342.4121037615205
1768152616.2567422,14400896,30424618,8192,7342.4121037615205
1768152616.2568204,14409088,30424618,8192,7342.4121037615205
1768152616.2569287,14417280,30424618,8192,7342.4121037615205
1768152616.2572713,14425472,30424618,8192,7342.4121037615205
1768152616.2575102,14433664,30424618,8192,7342.4121037615205
1768152616.2576456,14441856,30424618,8192,7342.4121037615205
1768152616.2577372,14450048,30424618,8192,7342.4121037615205
1768152616.2578034,14458240,30424618,8192,7342.4121037615205
1768152616.2578642,14466432,30424618,8192,8000.0
1768152616.2579234,14474624,30424618,8192,8000.0
1768152616.257983,14482816,30424618,8192,8000.0
1768152616.258224,14491008,30424618,8192,8000.0
1768152616.2586076,14499200,30424618,8192,8000.0
1768152616.2589295,14507392,30424618,8192,8000.0
1768152616.2604065,14515584,30424618,8192,7759.597021409798
1768152616.2606332,14523776,30424618,8192,7759.597021409798
1768152616.2613149,14531968,30424618,8192,7759.597021409798
1768152616.261421,14540160,30424618,8192,7759.597021409798
1768152616.2614892,14548352,30424618,8192,7759.597021409798
1768152616.2615492,14556544,30424618,8192,7759.597021409798
1768152616.2616081,14564736,30424618,8192,7759.597021409798
1768152616.2616773,14572928,30424618,8192,7759.597021409798
1768152616.261736,14581120,30424618,8192,7759.597021409798
1768152616.2617927,14589312,30424618,8192,7759.597021409798
1768152616.2618482,14597504,30424618,8192,8000.0
1768152616.2619023,14605696,30424618,8192,8000.0
1768152616.2619567,14613888,30424618,8192,8000.0
1768152616.2620108,14622080,30424618,8192,8000.0
1768152616.262074,14630272,30424618,8192,8000.0
1768152616.2621357,14638464,30424618,8192,8000.0
1768152616.263536,14646656,30424618,8192,7785.180387451634
1768152616.2636077,14654848,30424618,8192,7785.180387451634
1768152616.2636747,14663040,30424618,8192,7785.180387451634
1768152616.2637308,14671232,30424618,8192,7785.180387451634
1768152616.263791,14679424,30424618,8192,7785.180387451634
1768152616.264122,14687616,30424618,8192,7785.180387451634
1768152616.2641928,14695808,30424618,8192,7785.180387451634
1768152616.2642546,14704000,30424618,8192,7785.180387451634
1768152616.2643206,14712192,30424618,8192,7785.180387451634
1768152616.2643874,14720384,30424618,8192,7785.180387451634
1768152616.2644434,14728576,30424618,8192,8000.0
1768152616.2644975,14736768,30424618,8192,8000.0
1768152616.2645512,14744960,30424618,8192,8000.0
1768152616.264604,14753152,30424618,8192,8000.0
1768152616.2647183,14761344,30424618,8192,8000.0
1768152616.2647862,14769536,30424618,8192,8000.0
1768152616.2656913,14777728,30424618,8192,8000.0
1768152616.2657487,14785920,30424618,8192,8000.0
1768152616.265812,14794112,30424618,8192,8000.0
1768152616.265866,14802304,30424618,8192,8000.0
1768152616.265918,14810496,30424618,8192,8000.0
1768152616.266208,14818688,30424618,8192,8000.0
1768152616.2662723,14826880,30424618,8192,8000.0
1768152616.266335,14835072,30424618,8192,8000.0
1768152616.2663841,14843264,30424618,8192,8000.0
1768152616.2664325,14851456,30424618,8192,8000.0
1768152616.2664857,14859648,30424618,8192,8000.0
1768152616.266533,14867840,30424618,8192,8000.0
1768152616.2665865,14876032,30424618,8192,8000.0
1768152616.2668114,14884224,30424618,8192,8000.0
1768152616.2669728,14892416,30424618,8192,8000.0
1768152616.2675788,14900608,30424618,8192,8000.0
1768152616.26856,14908800,30424618,8192,8000.0
1768152616.2686312,14916992,30424618,8192,8000.0
1768152616.2686856,14925184,30424618,8192,8000.0
1768152616.2687364,14933376,30424618,8192,8000.0
1768152616.2687876,14941568,30424618,8192,8000.0
1768152616.2688668,14949760,30424618,8192,8000.0
1768152616.268924,14957952,30424618,8192,8000.0
1768152616.2689848,14966144,30424618,8192,8000.0
1768152616.2690375,14974336,30424618,8192,8000.0
1768152616.2690876,14982528,30424618,8192,8000.0
1768152616.269938,14990720,30424618,8192,8000.0
1768152616.27007,14998912,30424618,8192,8000.0
1768152616.2701383,15007104,30424618,8192,8000.0
1768152616.2701986,15015296,30424618,8192,8000.0
1768152616.2702675,15023488,30424618,8192,8000.0
1768152616.2703278,15031680,30424618,8192,8000.0
1768152616.2714746,15039872,30424618,8192,7916.396522406327
1768152616.2715428,15048064,30424618,8192,7916.396522406327
1768152616.2716002,15056256,30424618,8192,7916.396522406327
1768152616.2716558,15064448,30424618,8192,7916.396522406327
1768152616.2717237,15072640,30424618,8192,7916.396522406327
1768152616.271974,15080832,30424618,8192,7916.396522406327
1768152616.2720392,15089024,30424618,8192,7916.396522406327
1768152616.2720978,15097216,30424618,8192,7916.396522406327
1768152616.2721524,15105408,30424618,8192,7916.396522406327
1768152616.2722123,15113600,30424618,8192,7916.396522406327
1768152616.2722719,15121792,30424618,8192,8000.0
1768152616.2723298,15129984,30424618,8192,8000.0
1768152616.2723994,15138176,30424618,8192,8000.0
1768152616.2724528,15146368,30424618,8192,8000.0
1768152616.273523,15154560,30424618,8192,7967.533239021634
1768152616.2735884,15162752,30424618,8192,7967.533239021634
1768152616.2736435,15170944,30424618,8192,7967.533239021634
1768152616.273699,15179136,30424618,8192,7967.533239021634
1768152616.2737536,15187328,30424618,8192,7967.533239021634
1768152616.2738068,15195520,30424618,8192,7967.533239021634
1768152616.2738624,15203712,30424618,8192,7967.533239021634
1768152616.2748768,15211904,30424618,8192,7967.533239021634
1768152616.275326,15220096,30424618,8192,7967.533239021634
1768152616.2756283,15228288,30424618,8192,7967.533239021634
1768152616.276025,15236480,30424618,8192,8000.0
1768152616.276255,15244672,30424618,8192,8000.0
1768152616.2764566,15252864,30424618,8192,8000.0
1768152616.2766063,15261056,30424618,8192,8000.0
1768152616.2768705,15269248,30424618,8192,8000.0
1768152616.2769504,15277440,30424618,8192,8000.0
1768152616.2784588,15285632,30424618,8192,7742.409677571615
1768152616.278526,15293824,30424618,8192,7742.409677571615
1768152616.278582,15302016,30424618,8192,7742.409677571615
1768152616.2786355,15310208,30424618,8192,7742.409677571615
1768152616.2786884,15318400,30424618,8192,7742.409677571615
1768152616.2787426,15326592,30424618,8192,7742.409677571615
1768152616.2788427,15334784,30424618,8192,7742.409677571615
1768152616.2789001,15342976,30424618,8192,7742.409677571615
1768152616.2789543,15351168,30424618,8192,7742.409677571615
1768152616.2790074,15359360,30424618,8192,7742.409677571615
1768152616.279068,15367552,30424618,8192,8000.0
1768152616.279119,15375744,30424618,8192,8000.0
1768152616.2791686,15383936,30424618,8192,8000.0
1768152616.2792256,15392128,30424618,8192,8000.0
1768152616.2792754,15400320,30424618,8192,8000.0
1768152616.2797358,15408512,30424618,8192,8000.0
1768152616.2816525,15416704,30424618,8192,7640.455877457987
1768152616.2818108,15424896,30424618,8192,7640.455877457987
1768152616.2818835,15433088,30424618,8192,7640.455877457987
1768152616.2819457,15441280,30424618,8192,7640.455877457987
1768152616.2820046,15449472,30424618,8192,7640.455877457987
1768152616.2820632,15457664,30424618,8192,7640.455877457987
1768152616.2821217,15465856,30424618,8192,7640.455877457987
1768152616.2821975,15474048,30424618,8192,7640.455877457987
1768152616.2822573,15482240,30424618,8192,7640.455877457987
1768152616.282366,15490432,30424618,8192,7640.455877457987
1768152616.282423,15498624,30424618,8192,8000.0
1768152616.2825212,15506816,30424618,8192,8000.0
1768152616.2827318,15515008,30424618,8192,8000.0
1768152616.2829285,15523200,30424618,8192,8000.0
1768152616.2830682,15531392,30424618,8192,8000.0
1768152616.2833633,15539584,30424618,8192,8000.0
1768152616.2859943,15547776,30424618,8192,7509.513675798351
1768152616.286072,15555968,30424618,8192,7509.513675798351
1768152616.2861347,15564160,30424618,8192,7509.513675798351
1768152616.2861967,15572352,30424618,8192,7509.513675798351
1768152616.2862573,15580544,30424618,8192,7509.513675798351
1768152616.2863164,15588736,30424618,8192,7509.513675798351
1768152616.2863784,15596928,30424618,8192,7509.513675798351
1768152616.286866,15605120,30424618,8192,7509.513675798351
1768152616.287023,15613312,30424618,8192,7509.513675798351
1768152616.2870908,15621504,30424618,8192,7509.513675798351
1768152616.2871501,15629696,30424618,8192,8000.0
1768152616.2872074,15637888,30424618,8192,8000.0
1768152616.2872632,15646080,30424618,8192,8000.0
1768152616.2873175,15654272,30424618,8192,8000.0
1768152616.2873745,15662464,30424618,8192,8000.0
1768152616.2874784,15670656,30424618,8192,8000.0
1768152616.288588,15678848,30424618,8192,7942.183915870783
1768152616.288655,15687040,30424618,8192,7942.183915870783
1768152616.2887142,15695232,30424618,8192,7942.183915870783
1768152616.288773,15703424,30424618,8192,7942.183915870783
1768152616.2888317,15711616,30424618,8192,7942.183915870783
1768152616.2888944,15719808,30424618,8192,7942.183915870783
1768152616.288954,15728000,30424618,8192,7942.183915870783
1768152616.2893713,15736192,30424618,8192,7942.183915870783
1768152616.2898116,15744384,30424618,8192,7942.183915870783
1768152616.290113,15752576,30424618,8192,7942.183915870783
1768152616.2910702,15760768,30424618,8192,8000.0
1768152616.291154,15768960,30424618,8192,8000.0
1768152616.2916424,15777152,30424618,8192,8000.0
1768152616.291707,15785344,30424618,8192,8000.0
1768152616.2935302,15793536,30424618,8192,7647.577460317254
1768152616.2936177,15801728,30424618,8192,7647.577460317254
1768152616.3005905,15809920,30424618,8192,6962.924366826296
1768152616.300662,15818112,30424618,8192,6962.924366826296
1768152616.3007205,15826304,30424618,8192,6962.924366826296
1768152616.3007796,15834496,30424618,8192,6962.924366826296
1768152616.3022773,15842688,30424618,8192,6709.596512475121
1768152616.302362,15850880,30424618,8192,6709.596512475121
1768152616.3024263,15859072,30424618,8192,6709.596512475121
1768152616.302462,15867008,30424618,8192,6684.596512475121
1768152616.3042693,15875200,30424618,8192,6687.469497747994
1768152616.304334,15883392,30424618,8192,6687.469497747994
1768152616.3087666,15891584,30424618,8192,6754.0110448497635
1768152616.3088338,15899776,30424618,8192,6754.0110448497635
1768152616.308889,15907968,30424618,8192,6754.0110448497635
1768152616.3089452,15916160,30424618,8192,6754.0110448497635
1768152616.3125744,15924352,30424618,8192,6429.814494963848
1768152616.3128786,15932544,30424618,8192,6429.814494963848
1768152616.3129563,15940736,30424618,8192,6429.814494963848
1768152616.3130157,15948928,30424618,8192,6454.814494963848
1768152616.315687,15957120,30424618,8192,6308.650701343124
1768152616.315757,15965312,30424618,8192,6308.650701343124
1768152616.3158283,15973504,30424618,8192,6926.762247732312
1768152616.3158958,15981696,30424618,8192,6926.762247732312
1768152616.317801,15989888,30424618,8192,6552.316799547255
1768152616.3178787,15998080,30424618,8192,6552.316799547255
1768152616.3179338,16006272,30424618,8192,7129.841203784346
1768152616.3179884,16014464,30424618,8192,7129.841203784346
1768152616.3199735,16022656,30424618,8192,6740.160727236866
1768152616.3200421,16030848,30424618,8192,6740.160727236866
1768152616.3200967,16039040,30424618,8192,7235.874075267462
1768152616.3201513,16047232,30424618,8192,7235.874075267462
1768152616.322238,16055424,30424618,8192,6825.433865588369
1768152616.322529,16063616,30424618,8192,6825.433865588369
1768152616.324359,16071808,30424618,8192,6845.040947389139
1768152616.3245928,16080000,30424618,8192,6845.040947389139
1768152616.3247428,16088192,30424618,8192,6845.040947389139
1768152616.3249874,16096384,30424618,8192,6845.040947389139
1768152616.325936,16104576,30424618,8192,7234.721423936619
1768152616.3259945,16112768,30424618,8192,7234.721423936619
1768152616.3276496,16120960,30424618,8192,6925.097833055234
1768152616.3277068,16129152,30424618,8192,6925.097833055234
1768152616.3289754,16137344,30424618,8192,7177.541061965229
1768152616.3290355,16145536,30424618,8192,7177.541061965229
1768152616.3302953,16153728,30424618,8192,7378.635185975431
1768152616.3303607,16161920,30424618,8192,7378.635185975431
1768152616.331327,16170112,30424618,8192,7378.635185975431
1768152616.3313909,16178304,30424618,8192,7378.635185975431
1768152616.3325853,16186496,30424618,8192,7261.870332368028
1768152616.3326414,16194688,30424618,8192,7261.870332368028
1768152616.3389254,16202880,30424618,9011,7571.333822947422
1768152616.339101,16211072,30424618,9011,7571.333822947422
1768152616.3399754,16220083,30424618,9011,7809.311272466519
1768152616.340046,16229094,30424618,9011,7889.291741216519
1768152616.3400972,16238105,30424618,9011,8123.016452340606
1768152616.3401482,16247116,30424618,9011,8202.996921090606
1768152616.3404882,16256127,30424618,9011,8282.977389840606
1768152616.3405218,16260224,30424618,9011,7883.075046090606
1768152616.341269,16269235,30424618,9011,8079.820368448009
1768152616.3413084,16276608,30424618,9011,7999.839899698009
1768152616.342541,16285619,30424618,9011,7930.577407327796
1768152616.3425741,16292992,30424618,9011,7850.596938577796
1768152616.3487656,16302003,30424618,9011,7113.477399827408
1768152616.348829,16311014,30424618,9011,7113.477399827408
1768152616.348891,16320025,30424618,9011,7113.477399827408
1768152616.3489218,16325760,30424618,9011,6793.555524827408
1768152616.3508239,16334771,30424618,9011,6384.178033107248
1768152616.3509004,16343782,30424618,9011,6864.060845607249
1768152616.3509586,16352793,30424618,9011,6864.060845607249
1768152616.3509865,16358528,30424618,9011,6704.099908107249
1768152616.3529894,16367539,30424618,9011,6419.895902197505
1768152616.3530285,16374912,30424618,9011,6419.895902197505
1768152616.354517,16383923,30424618,9011,6884.546526834737
1768152616.3545558,16391296,30424618,9011,6724.585589334737
1768152616.3557909,16400307,30424618,9011,6574.7581227610035
1768152616.3558588,16409318,30424618,9011,6894.6799977610035
1768152616.3559132,16418329,30424618,9011,7304.0574894811625
1768152616.355943,16424064,30424618,9011,6984.1356144811625
1768152616.3582387,16433075,30424618,9011,6492.684664708521
1768152616.3582766,16440448,30424618,9011,6652.645602208521
1768152616.3589942,16449459,30424618,9011,7086.252669540469
1768152616.3590302,16456832,30424618,9011,7086.252669540469
1768152616.3613622,16465843,30424618,9011,6861.640973251985
1768152616.3614054,16473216,30424618,9011,6861.640973251985
1768152616.3630025,16482227,30424618,9011,6697.173549180776
1768152616.3630443,16489600,30424618,9011,6537.212611680776
1768152616.363786,16498611,30424618,9011,6537.212611680776
1768152616.3638227,16505984,30424618,9011,6697.173549180776
1768152616.3662002,16514995,30424618,9011,6684.110367951396
1768152616.366238,16522368,30424618,9011,6684.110367951396
1768152616.3676565,16531379,30424618,9011,6439.816061497605
1768152616.367695,16538752,30424618,9011,6439.816061497605
1768152616.3696086,16547763,30424618,9011,6525.165270909864
1768152616.3696456,16555136,30424618,9011,6525.165270909864
1768152616.3725386,16564147,30424618,9011,6267.272778801806
1768152616.3725767,16571520,30424618,9011,6267.272778801806
1768152616.3729517,16580531,30424618,9011,6267.272778801806
1768152616.372983,16587904,30424618,9011,6267.272778801806
1768152616.3754265,16596915,30424618,9011,6256.7164297246345
1768152616.3754652,16604288,30424618,9011,6256.7164297246345
1768152616.3768878,16613299,30424618,9011,6256.165956090406
1768152616.3769283,16620672,30424618,9011,6256.165956090406
1768152616.377304,16629683,30424618,9011,6667.897357079787
1768152616.3773355,16637056,30424618,9011,6667.897357079787
1768152616.3803747,16646067,30424618,9011,6653.186865469928
1768152616.3804138,16653440,30424618,9011,6653.186865469928
1768152616.3818467,16662451,30424618,9011,6402.9333987611535
1768152616.3818903,16669824,30424618,9011,6402.9333987611535
1768152616.3841357,16678835,30424618,9011,6436.745904465275
1768152616.3841746,16686208,30424618,9011,6436.745904465275
1768152616.3856418,16695219,30424618,9011,6417.325554864102
1768152616.385681,16702592,30424618,9011,6417.325554864102
1768152616.3863647,16711603,30424618,9011,6417.325554864102
1768152616.3864028,16718976,30424618,9011,6417.325554864102
1768152616.3887396,16727987,30424618,9011,6506.52737257679
1768152616.388778,16735360,30424618,9011,6506.52737257679
1768152616.389397,16744371,30424618,9011,6756.780839285566
1768152616.3894324,16751744,30424618,9011,6756.780839285566
1768152616.391482,16760755,30424618,9011,6795.055133172929
1768152616.3915207,16768128,30424618,9011,6795.055133172929
1768152616.3957508,16777139,30424618,9011,6389.263799889926
1768152616.3957899,16784512,30424618,9011,6389.263799889926
1768152616.4016886,16793523,30424618,9011,5659.504479685511
1768152616.4017634,16802534,30424618,9011,5819.465417185511
1768152616.4018195,16811545,30424618,9011,6317.161473835681
1768152616.4018512,16817280,30424618,9011,6157.200536335681
1768152616.4030712,16826291,30424618,9011,6018.131416966299
1768152616.4031389,16835302,30424618,9011,6178.092354466299
1768152616.4034169,16844313,30424618,9011,6621.076034954005
1768152616.4034493,16850048,30424618,9011,6461.115097454006
1768152616.4050655,16859059,30424618,9011,6807.858923046008
1768152616.4051094,16866432,30424618,9011,6807.858923046008
1768152616.4055314,16875443,30424618,9011,7537.618243250424
1768152616.4055629,16882816,30424618,9011,7377.657305750424
1768152616.406876,16891827,30424618,9011,7183.447156681691
1768152616.4069161,16899200,30424618,9011,7343.408094181691
1768152616.4084568,16908211,30424618,9011,7189.111232077805
1768152616.4084983,16915584,30424618,9011,7029.150294577805
1768152616.4096513,16924595,30424618,9011,6932.558435843646
1768152616.4096882,16931968,30424618,9011,7092.519373343646
1768152616.41142,16940979,30424618,9011,7053.243589072212
1768152616.4114566,16948352,30424618,9011,7053.243589072212
1768152616.4153142,16957363,30424618,9011,6403.407608822773
1768152616.4153814,16966374,30424618,9011,6563.368546322774
1768152616.4154358,16975385,30424618,9011,6757.578695391507
1768152616.4154668,16981120,30424618,9011,6597.617757891507
1768152616.416726,16988928,30424618,9011,6635.593712047035
1768152616.418228,16997939,30424618,9011,6519.127248595937
1768152616.4182687,17005312,30424618,9011,6455.7581698300955
1768152616.4204428,17014323,30424618,9011,6147.367638923275
1768152616.420484,17021696,30424618,9011,6349.995123074904
1768152616.4217436,17030707,30424618,9011,6355.612964377153
1768152616.4217868,17038080,30424618,9011,6845.488007126592
1768152616.4232469,17047091,30424618,9011,6586.611833205165
1768152616.4232922,17054464,30424618,9011,6426.650895705164
1768152616.4244728,17063475,30424618,9011,6635.8732573281695
1768152616.4245174,17070848,30424618,9011,6731.302347145911
1768152616.4268456,17079859,30424618,9011,6512.288906636868
1768152616.4268854,17087232,30424618,9011,6512.288906636868
1768152616.428292,17096243,30424618,9011,6743.1690330138445
1768152616.428329,17103616,30424618,9011,6743.1690330138445
1768152616.429618,17112627,30424618,9011,6720.391466918331
1768152616.429655,17120000,30424618,9011,6720.391466918331
1768152616.4320905,17129011,30424618,9011,6467.310428705801
1768152616.4321315,17136384,30424618,9011,6467.310428705801
1768152616.434807,17145395,30424618,9011,6031.405910477167
1768152616.434846,17152768,30424618,9011,6031.405910477167
1768152616.4360852,17161779,30424618,9011,6383.868343835984
1768152616.4361403,17169152,30424618,9011,6383.868343835984
1768152616.436859,17178163,30424618,9011,6621.339685865828
1768152616.4368942,17185536,30424618,9011,6621.339685865828
1768152616.4389267,17194547,30424618,9011,6361.304189918375
1768152616.4389682,17201920,30424618,9011,6361.304189918375
1768152616.441238,17210931,30424618,9011,6387.025805397589
1768152616.441278,17218304,30424618,9011,6387.025805397589
1768152616.4431312,17227315,30424618,9011,6538.807838189592
1768152616.4431725,17234688,30424618,9011,6538.807838189592
1768152616.4446285,17243699,30424618,9011,6423.700073486585
1768152616.4446697,17251072,30424618,9011,6423.700073486585
1768152616.445633,17260083,30424618,9011,6423.700073486585
1768152616.445672,17267456,30424618,9011,6423.700073486585
1768152616.4505012,17276467,30424618,9011,6164.80663483251
1768152616.4505756,17285478,30424618,9011,6324.76757233251
1768152616.4506314,17294489,30424618,9011,6811.003168987254
1768152616.4506626,17300224,30424618,9011,6651.042231487254
1768152616.452131,17309235,30424618,9011,6779.153263107706
1768152616.4521723,17316608,30424618,9011,6779.153263107706
1768152616.4609542,17325619,30424618,9011,6257.9489934531575
1768152616.461024,17334630,30424618,9011,6417.9099309531575
1768152616.4610786,17343641,30424618,9011,6417.9099309531575
1768152616.4611087,17349376,30424618,9011,6257.9489934531575
1768152616.4633443,17358387,30424618,9011,6475.487372731803
1768152616.463414,17367398,30424618,9011,6475.487372731803
1768152616.4634674,17376409,30424618,9011,6475.487372731803
1768152616.463496,17382144,30424618,9011,6475.487372731803
1768152616.4652874,17391155,30424618,9011,6369.060617760932
1768152616.465373,17400166,30424618,9011,6529.021555260932
1768152616.4654293,17409177,30424618,9011,7308.31199771981
1768152616.4654598,17414912,30424618,9011,6988.39012271981
1768152616.4672494,17423923,30424618,9011,6613.275097681166
1768152616.4672947,17431296,30424618,9011,6773.236035181166
1768152616.4692838,17440307,30424618,9011,6825.552123399922
1768152616.4693747,17449318,30424618,9011,6825.552123399922
1768152616.4694366,17458329,30424618,9011,6825.552123399922
1768152616.469468,17464064,30424618,9011,6825.552123399922
1768152616.4710934,17473075,30424618,9011,6872.225837799892
1768152616.4711623,17482086,30424618,9011,6872.225837799892
1768152616.4712164,17491097,30424618,9011,6872.225837799892
1768152616.4712446,17496832,30424618,9011,6872.225837799892
1768152616.4733856,17505843,30424618,9011,6786.958195497488
1768152616.4734714,17514854,30424618,9011,6946.919132997488
1768152616.473528,17523865,30424618,9011,7373.114262394881
1768152616.4735575,17529600,30424618,9011,7053.192387394881
1768152616.4756503,17538611,30424618,9011,6600.1589265886405
1768152616.4757197,17547622,30424618,9011,6920.0808015886405
1768152616.4757776,17556633,30424618,9011,7246.544809352711
1768152616.4758062,17562368,30424618,9011,6926.622934352711
1768152616.477418,17571379,30424618,9011,6604.54550106595
1768152616.4774623,17578752,30424618,9011,6764.50643856595
1768152616.4794161,17587763,30424618,9011,6805.293911843908
1768152616.4794886,17596774,30424618,9011,6805.293911843908
1768152616.4795458,17605785,30424618,9011,6805.293911843908
1768152616.4795752,17611520,30424618,9011,6805.293911843908
1768152616.4807963,17620531,30424618,9011,7116.647565159559
1768152616.480861,17629542,30424618,9011,7116.647565159559
1768152616.481099,17638553,30424618,9011,7116.647565159559
1768152616.48113,17644288,30424618,9011,7116.647565159559
1768152616.4821193,17653299,30424618,9011,7438.7249984463215
1768152616.4821565,17660672,30424618,9011,7438.7249984463215
1768152616.483273,17669683,30424618,9011,7788.634724954651
1768152616.4833107,17677056,30424618,9011,7628.673787454651
1768152616.484882,17686067,30424618,9011,7320.517668321302
1768152616.4849195,17693440,30424618,9011,7480.478605821302
1768152616.486794,17702451,30424618,9011,7221.914309461802
1768152616.486843,17709824,30424618,9011,7061.953371961802
1768152616.4877832,17718835,30424618,9011,7061.953371961802
1768152616.487862,17726208,30424618,9011,7221.914309461802
1768152616.48929,17735219,30424618,9011,6981.687054494361
1768152616.4893334,17742592,30424618,9011,6981.687054494361
1768152616.490483,17751603,30424618,9011,6961.107999994005
1768152616.4905221,17758976,30424618,9011,6961.107999994005
1768152616.492286,17767987,30424618,9011,6900.6029037121
1768152616.4923368,17775360,30424618,9011,6900.6029037121
1768152616.4936805,17784371,30424618,9011,7094.613139433226
1768152616.4937215,17791744,30424618,9011,7094.613139433226
1768152616.4954953,17800755,30424618,9011,6720.165168178629
1768152616.495533,17808128,30424618,9011,6720.165168178629
1768152616.499274,17817139,30424618,9011,6318.3152345012895
1768152616.499315,17824512,30424618,9011,6318.3152345012895
1768152616.5053189,17833523,30424618,9011,5676.311456633207
1768152616.5054016,17842534,30424618,9011,5836.272394133207
1768152616.505462,17851545,30424618,9011,6204.93360954846
1768152616.5054946,17857280,30424618,9011,6044.97267204846
1768152616.5068693,17866291,30424618,9011,6027.73196052819
1768152616.506939,17875302,30424618,9011,6187.69289802819
1768152616.5069957,17884313,30424618,9011,6562.140869282788
1768152616.5070255,17890048,30424618,9011,6402.179931782788
1768152616.5091872,17899059,30424618,9011,6579.361763289655
1768152616.5092676,17908070,30424618,9011,6739.322700789655
1768152616.5093257,17917081,30424618,9011,7471.591000712855
1768152616.5093658,17922816,30424618,9011,7151.669125712855
1768152616.511131,17931827,30424618,9011,6783.424269642892
1768152616.5112073,17940838,30424618,9011,7103.346144642892
1768152616.5112646,17949849,30424618,9011,7326.820724292124
1768152616.511294,17955584,30424618,9011,7006.898849292124
1768152616.512976,17964595,30424618,9011,6667.513395265324
1768152616.5130308,17971968,30424618,9011,6827.474332765324
1768152616.5138059,17980979,30424618,9011,7292.369689903237
1768152616.5138586,17988352,30424618,9011,7132.408752403237
1768152616.5183485,17997363,30424618,9011,6450.639948219345
1768152616.5184343,18006374,30424618,9011,6770.561823219345
1768152616.5184958,18015385,30424618,9011,7138.806679289308
1768152616.5185301,18021120,30424618,9011,6818.884804289308
1768152616.521521,18030131,30424618,9011,6236.980516037717
1768152616.5215998,18039142,30424618,9011,6556.902391037717
1768152616.5216594,18048153,30424618,9011,6896.287845064518
1768152616.5216913,18053888,30424618,9011,6736.326907564518
1768152616.5236106,18062899,30424618,9011,6322.882597666692
1768152616.5236485,18070272,30424618,9011,6322.882597666692
1768152616.5271986,18079283,30424618,9011,6375.006752120064
1768152616.5275908,18088294,30424618,9011,6375.006752120064
1768152616.5278296,18097305,30424618,9011,6375.006752120064
1768152616.527862,18103040,30424618,9011,6375.006752120064
1768152616.5295904,18112051,30424618,9011,6598.678733300486
1768152616.529663,18121062,30424618,9011,6598.678733300486
1768152616.5297146,18130073,30424618,9011,6598.678733300486
1768152616.5297437,18135808,30424618,9011,6598.678733300486
1768152616.5310888,18144819,30424618,9011,6806.870657744616
1768152616.531168,18153830,30424618,9011,6966.831595244616
1768152616.5312274,18162841,30424618,9011,7596.476244975138
1768152616.531257,18168576,30424618,9011,7276.554369975138
1768152616.533121,18177587,30424618,9011,6883.019700260248
1768152616.533164,18184960,30424618,9011,7042.980637760248
1768152616.5335257,18193971,30424618,9011,7401.212944831415
1768152616.5335584,18201344,30424618,9011,7241.252007331415
1768152616.5356946,18210355,30424618,9011,6780.150297893726
1768152616.5357358,18217728,30424618,9011,6940.111235393726
1768152616.536575,18226739,30424618,9011,7145.363620847423
1768152616.536618,18234112,30424618,9011,6985.402683347423
1768152616.53843,18243123,30424618,9011,6601.577192218848
1768152616.5384746,18250496,30424618,9011,6761.538129718848
1768152616.5402656,18259507,30424618,9011,6776.963293098728
1768152616.5403085,18266880,30424618,9011,6776.963293098728
1768152616.5408049,18275891,30424618,9011,6776.963293098728
1768152616.540842,18283264,30424618,9011,6776.963293098728
1768152616.54423,18292275,30424618,9011,6621.079304796843
1768152616.5442789,18299648,30424618,9011,6621.079304796843
1768152616.5447564,18308659,30424618,9011,6621.079304796843
1768152616.544789,18316032,30424618,9011,6621.079304796843
1768152616.5451858,18325043,30424618,9011,7004.904795925417
1768152616.545215,18332416,30424618,9011,7004.904795925417
1768152616.547243,18341427,30424618,9011,6943.994218509392
1768152616.5472796,18348800,30424618,9011,6943.994218509392
1768152616.553658,18357811,30424618,9011,6202.949992474084
1768152616.5540013,18366822,30424618,9011,6362.910929974084
1768152616.5540705,18375833,30424618,9011,6979.896627713657
1768152616.5541034,18381568,30424618,9011,6819.935690213657
1768152616.557021,18390579,30424618,9011,6245.196639555671
1768152616.5570927,18399590,30424618,9011,6405.157577055671
1768152616.5571501,18408601,30424618,9011,6405.157577055671
1768152616.557179,18414336,30424618,9011,6245.196639555671
1768152616.5622141,18423347,30424618,9011,5980.228828264522
1768152616.5622845,18432358,30424618,9011,6140.189765764522
1768152616.5623395,18441369,30424618,9011,6881.233991799831
1768152616.5623689,18447104,30424618,9011,6561.312116799831
1768152616.5641463,18456115,30424618,9011,6186.226025234914
1768152616.5642195,18465126,30424618,9011,6506.147900234914
1768152616.5642774,18474137,30424618,9011,7080.886950892901
1768152616.564311,18479872,30424618,9011,6760.965075892901
1768152616.5663493,18488883,30424618,9011,6320.008959735174
1768152616.5664172,18497894,30424618,9011,6639.930834735174
1768152616.5664709,18506905,30424618,9011,7343.918729777356
1768152616.5665004,18512640,30424618,9011,7023.996854777356
1768152616.5687766,18521651,30424618,9011,6537.092946032756
1768152616.5688205,18529024,30424618,9011,6697.053883532756
1768152616.5732777,18538035,30424618,9011,6391.841933057056
1768152616.573358,18547046,30424618,9011,6391.841933057056
1768152616.5734234,18556057,30424618,9011,6391.841933057056
1768152616.5734556,18561792,30424618,9011,6391.841933057056
1768152616.5799375,18570803,30424618,9011,6089.401127699015
1768152616.5800102,18579814,30424618,9011,6089.401127699015
1768152616.5800664,18588825,30424618,9011,6089.401127699015
1768152616.5800958,18594560,30424618,9011,6089.401127699015
1768152616.5821126,18603571,30424618,9011,6144.265718541785
1768152616.5826905,18612582,30424618,9011,6304.226656041785
1768152616.5829387,18621593,30424618,9011,6984.524698082403
1768152616.5829773,18627328,30424618,9011,6664.602823082403
1768152616.5856028,18636339,30424618,9011,6124.882389169673
1768152616.5856738,18645350,30424618,9011,6444.804264169673
1768152616.585733,18654361,30424618,9011,7188.20118568544
1768152616.5857651,18660096,30424618,9011,6868.27931068544
1768152616.5898042,18669107,30424618,9011,6208.03576223384
1768152616.589882,18678118,30424618,9011,6527.95763723384
1768152616.5899496,18687129,30424618,9011,6959.99695513567
1768152616.5899801,18692864,30424618,9011,6640.07508013567
1768152616.5945728,18701875,30424618,9011,5953.191352150063
1768152616.5946531,18710886,30424618,9011,6273.113227150063
1768152616.5947084,18719897,30424618,9011,6812.833661062793
1768152616.5947378,18725632,30424618,9011,6492.911786062793
1768152616.5950372,18734643,30424618,9011,6492.911786062793
1768152616.5950668,18742016,30424618,9011,6652.872723562793
1768152616.598562,18751027,30424618,9011,6687.347860240639
1768152616.5986369,18760038,30424618,9011,6687.347860240639
1768152616.5986912,18769049,30424618,9011,6687.347860240639
1768152616.59872,18774784,30424618,9011,6687.347860240639
1768152616.6028976,18783795,30424618,9011,6706.92494254116
1768152616.602967,18792806,30424618,9011,6706.92494254116
1768152616.6030219,18801817,30424618,9011,6706.92494254116
1768152616.6030517,18807552,30424618,9011,6706.92494254116
1768152616.6078434,18816563,30424618,9011,6012.223024414387
1768152616.6079228,18825574,30424618,9011,6172.183961914387
1768152616.6079812,18834585,30424618,9011,6797.952373688141
1768152616.6080105,18840320,30424618,9011,6478.03049868814
1768152616.6084132,18849331,30424618,9011,6478.03049868814
1768152616.608444,18856704,30424618,9011,6637.991436188141
1768152616.6118586,18865715,30424618,9011,6686.029394500127
1768152616.612171,18874726,30424618,9011,6686.029394500127
1768152616.612429,18883737,30424618,9011,6686.029394500127
1768152616.6124618,18889472,30424618,9011,6686.029394500127
1768152616.612999,18898483,30424618,9011,7380.731312626902
1768152616.6130333,18905856,30424618,9011,7220.770375126902
1768152616.6159737,18914867,30424618,9011,6645.355188397078
1768152616.6160226,18922240,30424618,9011,6805.316125897078
1768152616.6164534,18931251,30424618,9011,6805.316125897078
1768152616.6164875,18938624,30424618,9011,6805.316125897078
1768152616.6183805,18947635,30424618,9011,7019.858458811158
1768152616.6184268,18955008,30424618,9011,6859.897521311158
1768152616.6202185,18964019,30424618,9011,6484.493007003251
1768152616.6202734,18971392,30424618,9011,6644.45394450325
1768152616.623865,18980403,30424618,9011,6012.2994477923285
1768152616.6239424,18989414,30424618,9011,6172.2603852923285
1768152616.6240036,18998425,30424618,9011,6747.675572022151
1768152616.624037,19004160,30424618,9011,6587.714634522151
1768152616.62441,19013171,30424618,9011,6587.714634522151
1768152616.6244433,19020544,30424618,9011,6587.714634522151
1768152616.6284542,19029555,30424618,9011,6334.947499998709
1768152616.628537,19038566,30424618,9011,6494.908437498709
1768152616.6285987,19047577,30424618,9011,6870.312951806617
1768152616.6286817,19053312,30424618,9011,6710.352014306617
1768152616.6320322,19062323,30424618,9011,6728.276799243124
1768152616.632519,19071334,30424618,9011,6728.276799243124
1768152616.6325994,19080345,30424618,9011,6728.276799243124
1768152616.632633,19086080,30424618,9011,6728.276799243124
1768152616.6362867,19095091,30424618,9011,6091.667217854235
1768152616.6365135,19104102,30424618,9011,6251.628155354235
1768152616.636587,19113113,30424618,9011,6909.121644336697
1768152616.6366198,19118848,30424618,9011,6589.199769336697
1768152616.6404827,19127859,30424618,9011,5939.207398877226
1768152616.6409855,19136870,30424618,9011,6259.129273877226
1768152616.641331,19145881,30424618,9011,6873.358985651641
1768152616.6414464,19154892,30424618,9011,6873.358985651641
1768152616.6415021,19163903,30424618,9011,6873.358985651641
1768152616.6415327,19168000,30424618,9011,6713.398048151641
1768152616.6445534,19177011,30424618,9011,6765.342452579347
1768152616.6446252,19186022,30424618,9011,6765.342452579347
1768152616.6446812,19195033,30424618,9011,6765.342452579347
1768152616.6447122,19200768,30424618,9011,6765.342452579347
1768152616.6484964,19209779,30424618,9011,6770.2789354074675
1768152616.6485744,19218790,30424618,9011,6770.2789354074675
1768152616.648639,19227801,30424618,9011,6770.2789354074675
1768152616.6487005,19236812,30424618,9011,6770.2789354074675
1768152616.6487522,19245823,30424618,9011,6770.2789354074675
1768152616.6487815,19249920,30424618,9011,6770.2789354074675
1768152616.652697,19258931,30424618,9011,6701.944093530903
1768152616.6527715,19267942,30424618,9011,6701.944093530903
1768152616.6528301,19276953,30424618,9011,6701.944093530903
1768152616.6528614,19282688,30424618,9011,6701.944093530903
1768152616.657903,19291699,30424618,9011,6643.2905868639555
1768152616.6580112,19300710,30424618,9011,6643.2905868639555
1768152616.6580744,19309721,30424618,9011,6643.2905868639555
1768152616.6582456,19315456,30424618,9011,6323.368711863956
1768152616.659014,19324467,30424618,9011,6323.368711863956
1768152616.6590557,19331840,30424618,9011,6643.2905868639555
1768152616.6614041,19340851,30424618,9011,6799.710478183716
1768152616.6629531,19349862,30424618,9011,6514.431965025483
1768152616.6631029,19358873,30424618,9011,6514.431965025483
1768152616.6631486,19364608,30424618,9011,6514.431965025483
1768152616.664086,19373619,30424618,9011,7218.141359323779
1768152616.6641622,19382630,30424618,9011,7218.141359323779
1768152616.6645882,19391641,30424618,9011,7218.141359323779
1768152616.6647184,19397376,30424618,9011,7218.141359323779
1768152616.6658216,19406387,30424618,9011,7168.409439726328
1768152616.6658742,19413760,30424618,9011,7168.409439726328
1768152616.6678963,19422771,30424618,9011,7230.456052520311
1768152616.668004,19431782,30424618,9011,7515.734565678545
1768152616.6680741,19440793,30424618,9011,7515.734565678545
1768152616.6681094,19446528,30424618,9011,7515.734565678545
1768152616.670281,19455539,30424618,9011,7049.492619261304
1768152616.670361,19464550,30424618,9011,7049.492619261304
1768152616.6704235,19473561,30424618,9011,7049.492619261304
1768152616.6704564,19479296,30424618,9011,7049.492619261304
1768152616.671635,19488307,30424618,9011,6993.80647713585
1768152616.6717215,19497318,30424618,9011,7153.76741463585
1768152616.671792,19506329,30424618,9011,7588.300929359854
1768152616.6718264,19512064,30424618,9011,7268.379054359854
1768152616.6736884,19521075,30424618,9011,6870.183662268688
1768152616.6737657,19530086,30424618,9011,7190.105537268688
1768152616.6738281,19539097,30424618,9011,7656.347483685929
1768152616.6738603,19544832,30424618,9011,7336.425608685929
1768152616.675025,19553843,30424618,9011,7238.99775756716
1768152616.6750722,19561216,30424618,9011,7398.95869506716
1768152616.6769621,19570227,30424618,9011,7099.804396910711
1768152616.6770098,19577600,30424618,9011,6939.843459410711
1768152616.6789465,19586611,30424618,9011,6524.159157253117
1768152616.6793504,19595622,30424618,9011,6844.081032253116
1768152616.6794338,19604633,30424618,9011,7242.2764243442825
1768152616.6794705,19610368,30424618,9011,6922.3545493442825
1768152616.6807384,19619379,30424618,9011,6756.643902267187
1768152616.6808121,19628390,30424618,9011,7076.565777267187
1768152616.6808708,19637401,30424618,9011,7173.993628385955
1768152616.680902,19643136,30424618,9011,7014.032690885955
1768152616.6834657,19652147,30424618,9011,6888.114427255379
1768152616.6839113,19661158,30424618,9011,7048.075364755379
1768152616.6841867,19670169,30424618,9011,7463.759666912973
1768152616.684227,19675904,30424618,9011,7143.837791912973
1768152616.686143,19684915,30424618,9011,6734.258987963543
1768152616.686424,19693926,30424618,9011,7054.180862963543
1768152616.6864963,19702937,30424618,9011,7219.89151004064
1768152616.6865332,19708672,30424618,9011,6899.96963504064
1768152616.6882043,19717683,30424618,9011,6562.28319673181
1768152616.688246,19725056,30424618,9011,6722.24413423181
1768152616.6905315,19734067,30424618,9011,6765.112250874496
1768152616.6906102,19743078,30424618,9011,6765.112250874496
1768152616.6906717,19752089,30424618,9011,6765.112250874496
1768152616.6907048,19757824,30424618,9011,6765.112250874496
1768152616.6926484,19766835,30424618,9011,6755.964609859067
1768152616.692723,19775846,30424618,9011,6755.964609859067
1768152616.6927843,19784857,30424618,9011,6755.964609859067
1768152616.692815,19790592,30424618,9011,6755.964609859067
1768152616.6946716,19799603,30424618,9011,6697.123234016137
1768152616.6947463,19808614,30424618,9011,6857.084171516137
1768152616.6948056,19817625,30424618,9011,7344.706678383382
1768152616.694837,19823360,30424618,9011,7024.784803383382
1768152616.6959267,19832371,30424618,9011,6974.583149790007
1768152616.6959653,19839744,30424618,9011,7134.544087290007
1768152616.698735,19848755,30424618,9011,6994.708904690599
1768152616.6987991,19857766,30424618,9011,6994.708904690599
1768152616.698854,19866777,30424618,9011,6994.708904690599
1768152616.6988823,19872512,30424618,9011,6994.708904690599
1768152616.7035937,19881523,30424618,9011,6699.741365997007
1768152616.7036693,19890534,30424618,9011,6699.741365997007
1768152616.7037303,19899545,30424618,9011,6699.741365997007
1768152616.7037635,19905280,30424618,9011,6699.741365997007
1768152616.704254,19914291,30424618,9011,6749.94301959038
1768152616.704287,19921664,30424618,9011,6749.94301959038
1768152616.7087471,19930675,30424618,9011,6627.4167927359185
1768152616.708976,19939686,30424618,9011,6627.4167927359185
1768152616.7091677,19948697,30424618,9011,6627.4167927359185
1768152616.7092004,19954432,30424618,9011,6627.4167927359185
1768152616.71273,19963443,30424618,9011,6691.067859138451
1768152616.7129536,19972454,30424618,9011,6691.067859138451
1768152616.713034,19981465,30424618,9011,6691.067859138451
1768152616.713066,19987200,30424618,9011,6691.067859138451
1768152616.714752,19996211,30424618,9011,6347.955461652724
1768152616.7148213,20005222,30424618,9011,6507.916399152724
1768152616.7148893,20014233,30424618,9011,7189.004253571451
1768152616.7149189,20019968,30424618,9011,6869.082378571451
1768152616.716559,20028979,30424618,9011,6535.8094859452585
1768152616.7166266,20037990,30424618,9011,6855.7313609452585
1768152616.716683,20047001,30424618,9011,7483.575647388078
1768152616.716714,20052736,30424618,9011,7163.653772388078
1768152616.718711,20061747,30424618,9011,6732.734571079882
1768152616.7187552,20069120,30424618,9011,6892.695508579882
1768152616.7211807,20078131,30424618,9011,6730.893674205241
1768152616.7212534,20087142,30424618,9011,6730.893674205241
1768152616.721312,20096153,30424618,9011,6730.893674205241
1768152616.7213428,20101888,30424618,9011,6730.893674205241
1768152616.7219105,20110899,30424618,9011,7064.166566831435
1768152616.721945,20118272,30424618,9011,6904.205629331435
1768152616.724038,20127283,30424618,9011,6450.345186282889
1768152616.7241025,20136294,30424618,9011,6770.26706128289
1768152616.724153,20145305,30424618,9011,7201.186262591087
1768152616.7241821,20151040,30424618,9011,7041.225325091087
1768152616.7262623,20160051,30424618,9011,7094.686189799737
1768152616.7262952,20167424,30424618,9011,6934.725252299737
1768152616.7285159,20176435,30424618,9011,6456.819358542881
1768152616.7288878,20185446,30424618,9011,6776.74123354288
1768152616.728957,20194457,30424618,9011,6776.74123354288
1768152616.728988,20200192,30424618,9011,6616.78029604288
1768152616.7306595,20209203,30424618,9011,6726.091020390408
1768152616.7307148,20218214,30424618,9011,6726.091020390408
1768152616.7307632,20227225,30424618,9011,6726.091020390408
1768152616.7307904,20232960,30424618,9011,6726.091020390408
1768152616.7325473,20241971,30424618,9011,6806.487904105119
1768152616.7328203,20250982,30424618,9011,6966.448841605119
1768152616.7328997,20259993,30424618,9011,7444.354735361974
1768152616.7329304,20265728,30424618,9011,7124.432860361974
1768152616.7368715,20274739,30424618,9011,6469.730278547786
1768152616.7369387,20283750,30424618,9011,6789.652153547786
1768152616.7370381,20292761,30424618,9011,7134.201872248805
1768152616.7370687,20298496,30424618,9011,6814.279997248805
1768152616.7374084,20307507,30424618,9011,6814.279997248805
1768152616.7374456,20314880,30424618,9011,6974.240934748805
1768152616.7412643,20323891,30424618,9011,6697.999056001803
1768152616.7413414,20332902,30424618,9011,6697.999056001803
1768152616.741397,20341913,30424618,9011,6697.999056001803
1768152616.7414267,20347648,30424618,9011,6697.999056001803
1768152616.7463472,20356659,30424618,9011,6652.59902278452
1768152616.7464116,20365670,30424618,9011,6652.59902278452
1768152616.7464635,20374681,30424618,9011,6652.59902278452
1768152616.746492,20380416,30424618,9011,6652.59902278452
1768152616.7489944,20389427,30424618,9011,6128.0226214053255
1768152616.7490525,20398438,30424618,9011,6287.9835589053255
1768152616.7490995,20407449,30424618,9011,6935.281921089334
1768152616.7491243,20413184,30424618,9011,6615.360046089334
1768152616.7516434,20422195,30424618,9011,6089.396749913331
1768152616.751713,20431206,30424618,9011,6409.318624913331
1768152616.7517684,20440217,30424618,9011,7109.421239944805
1768152616.7517982,20445952,30424618,9011,6789.499364944805
1768152616.7545657,20454963,30424618,9011,6231.974200378377
1768152616.7546058,20462336,30424618,9011,6391.935137878377
1768152616.7586186,20471347,30424618,9011,6257.804031827089
1768152616.7586975,20480358,30424618,9011,6257.804031827089
1768152616.7587538,20489369,30424618,9011,6257.804031827089
1768152616.7587845,20495104,30424618,9011,6257.804031827089
1768152616.759191,20504115,30424618,9011,6783.7673280030895
1768152616.7592242,20511488,30424618,9011,6623.8063905030895
1768152616.7612264,20520499,30424618,9011,6189.633948046592
1768152616.7612922,20529510,30424618,9011,6509.555823046592
1768152616.7613456,20538521,30424618,9011,7067.080987613021
1768152616.7613738,20544256,30424618,9011,6907.120050113021
1768152616.7653558,20553267,30424618,9011,6908.334055463907
1768152616.765423,20562278,30424618,9011,6908.334055463907
1768152616.7654765,20571289,30424618,9011,6908.334055463907
1768152616.7655032,20577024,30424618,9011,6908.334055463907
1768152616.7685418,20586035,30424618,9011,6322.996488719614
1768152616.7689223,20595046,30424618,9011,6482.957426219614
1768152616.7693915,20604057,30424618,9011,6917.129868676112
1768152616.7694407,20609792,30424618,9011,6597.207993676112
1768152616.77032,20618803,30424618,9011,6597.207993676112
1768152616.770375,20626176,30424618,9011,6757.168931176112
1768152616.7716622,20635187,30424618,9011,7245.145835224347
1768152616.7717373,20644198,30424618,9011,7245.145835224347
1768152616.7717931,20653209,30424618,9011,7245.145835224347
1768152616.771822,20658944,30424618,9011,7245.145835224347
1768152616.7722228,20667955,30424618,9011,7830.4834019686405
1768152616.772253,20675328,30424618,9011,7670.5224644686405
1768152616.7747293,20684339,30424618,9011,7150.614223277048
1768152616.7747655,20691712,30424618,9011,7310.575160777048
1768152616.7770705,20700723,30424618,9011,6817.4843289084865
1768152616.7772875,20709734,30424618,9011,6977.4452664084865
1768152616.7773538,20718745,30424618,9011,7146.961864439846
1768152616.7773845,20724480,30424618,9011,6827.039989439846
1768152616.7789953,20733491,30424618,9011,6505.67087492675
1768152616.7790656,20742502,30424618,9011,6825.592749926749
1768152616.7791228,20751513,30424618,9011,6825.592749926749
1768152616.7791548,20757248,30424618,9011,6665.631812426749
1768152616.7809017,20766259,30424618,9011,6818.368707487594
1768152616.781202,20775270,30424618,9011,6978.329644987594
1768152616.781269,20784281,30424618,9011,7471.420476856156
1768152616.7812982,20790016,30424618,9011,7151.498601856156
1768152616.7829413,20799027,30424618,9011,6817.988013239512
1768152616.7830143,20808038,30424618,9011,7137.909888239512
1768152616.7830718,20817049,30424618,9011,7459.279002752609
1768152616.7831008,20822784,30424618,9011,7139.357127752609
1768152616.7863116,20831795,30424618,9011,6536.4747619868185
1768152616.786363,20839168,30424618,9011,6696.4356994868185
1768152616.7885292,20848179,30424618,9011,6596.801713468894
1768152616.7887366,20857190,30424618,9011,6596.801713468894
1768152616.7889173,20866201,30424618,9011,6596.801713468894
1768152616.7889478,20871936,30424618,9011,6596.801713468894
1768152616.7908096,20880947,30424618,9011,6533.412925073066
1768152616.79102,20889958,30424618,9011,6533.412925073066
1768152616.7910836,20898969,30424618,9011,6533.412925073066
1768152616.7911127,20904704,30424618,9011,6533.412925073066
1768152616.7926717,20913715,30424618,9011,6835.935765192572
1768152616.7927477,20922726,30424618,9011,6995.896702692572
1768152616.792807,20931737,30424618,9011,7462.7020348412425
1768152616.7928376,20937472,30424618,9011,7142.7801598412425
1768152616.795701,20946483,30424618,9011,6573.307980314232
1768152616.7957683,20955494,30424618,9011,6893.229855314232
1768152616.795821,20964505,30424618,9011,7290.129232326703
1768152616.7958493,20970240,30424618,9011,6970.207357326703
1768152616.7962809,20979251,30424618,9011,6970.207357326703
1768152616.7963119,20986624,30424618,9011,7130.168294826703
1768152616.8001053,20995635,30424618,9011,6784.6096113408
1768152616.8001723,21004646,30424618,9011,6784.6096113408
1768152616.8002248,21013657,30424618,9011,6784.6096113408
1768152616.8002532,21019392,30424618,9011,6784.6096113408
1768152616.804115,21028403,30424618,9011,6704.113466604993
1768152616.8041816,21037414,30424618,9011,6704.113466604993
1768152616.8042374,21046425,30424618,9011,6704.113466604993
1768152616.804266,21052160,30424618,9011,6704.113466604993
1768152616.8110464,21061171,30424618,9011,5954.521722268126
1768152616.8111143,21070182,30424618,9011,6114.482659768126
1768152616.8111682,21079193,30424618,9011,6760.400868900314
1768152616.8112202,21088204,30424618,9011,6760.400868900314
1768152616.8112714,21097215,30424618,9011,6760.400868900314
1768152616.8113005,21101312,30424618,9011,6600.439931400314
1768152616.8131044,21110323,30424618,9011,6866.722644745419
1768152616.8131456,21117696,30424618,9011,6706.761707245419
1768152616.8144293,21126707,30424618,9011,6530.371550120233
1768152616.8144686,21134080,30424618,9011,6690.332487620233
1768152616.8164444,21143091,30424618,9011,7012.794996303754
1768152616.8165107,21152102,30424618,9011,7012.794996303754
1768152616.8165643,21161113,30424618,9011,7012.794996303754
1768152616.8165944,21168128,30424618,9011,6817.873121303754
1768152616.8190207,21177139,30424618,9011,6307.35292538732
1768152616.819292,21186150,30424618,9011,6787.23573788732
1768152616.8194854,21195161,30424618,9011,7170.921348805033
1768152616.8195393,21200896,30424618,9011,7010.960411305033
1768152616.8217669,21209907,30424618,9011,6708.181092129528
1768152616.8218358,21218918,30424618,9011,6868.142029629528
1768152616.821894,21227929,30424618,9011,7295.271265282875
1768152616.8219223,21233664,30424618,9011,6975.349390282875
1768152616.8236213,21242675,30424618,9011,6624.999068246313
1768152616.823697,21251686,30424618,9011,6819.920943246313
1768152616.8237607,21260697,30424618,9011,7330.441139162746
1768152616.823791,21266432,30424618,9011,7010.519264162746
1768152616.8255696,21275443,30424618,9011,6635.63606981613
1768152616.8256135,21282816,30424618,9011,6795.59700731613
1768152616.8263972,21291827,30424618,9011,7274.766483616821
1768152616.8264334,21299200,30424618,9011,7114.805546116821
1768152616.8287861,21308211,30424618,9011,6613.6045499460815
1768152616.828854,21317222,30424618,9011,6933.5264249460815
1768152616.8289077,21326233,30424618,9011,7283.876746982644
1768152616.828937,21331968,30424618,9011,6963.954871982644
1768152616.8309402,21340979,30424618,9011,6531.118931239519
1768152616.8309805,21348352,30424618,9011,6691.079868739519
1768152616.8333457,21357363,30424618,9011,6562.89632267811
1768152616.8336256,21366374,30424618,9011,6722.85726017811
1768152616.8337,21375385,30424618,9011,6722.85726017811
1768152616.8337307,21381120,30424618,9011,6562.89632267811
1768152616.8356776,21390131,30424618,9011,6644.165161042156
1768152616.8357456,21399142,30424618,9011,6644.165161042156
1768152616.8358145,21408153,30424618,9011,6644.165161042156
1768152616.8358433,21413888,30424618,9011,6644.165161042156
1768152616.8378756,21422899,30424618,9011,6636.483487096497
1768152616.8379128,21430272,30424618,9011,6636.483487096497
1768152616.8391538,21439283,30424618,9011,6985.3867563144495
1768152616.839358,21448294,30424618,9011,6985.3867563144495
1768152616.8395483,21457305,30424618,9011,6985.3867563144495
1768152616.8395803,21463040,30424618,9011,6985.3867563144495
1768152616.84184,21472051,30424618,9011,6920.977506859175
1768152616.8418858,21479424,30424618,9011,6761.016569359175
1768152616.8436894,21488435,30424618,9011,6378.115930542726
1768152616.8438776,21497446,30424618,9011,6698.037805542726
1768152616.843937,21506457,30424618,9011,7138.555420231511
1768152616.8439658,21512192,30424618,9011,6978.594482731511
1768152616.845754,21521203,30424618,9011,6752.737976903128
1768152616.8458123,21530214,30424618,9011,6752.737976903128
1768152616.8458614,21539225,30424618,9011,6752.737976903128
1768152616.8458872,21544960,30424618,9011,6752.737976903128
1768152616.847548,21553971,30424618,9011,6898.85868294856
1768152616.8476071,21562982,30424618,9011,7058.81962044856
1768152616.8476567,21571993,30424618,9011,7441.720259265008
1768152616.8476818,21577728,30424618,9011,7121.798384265008
1768152616.8498588,21586739,30424618,9011,6650.901820414993
1768152616.8499131,21595750,30424618,9011,6970.823695414993
1768152616.8499622,21604761,30424618,9011,7350.8436724334515
1768152616.849988,21610496,30424618,9011,7030.9217974334515
1768152616.851843,21619507,30424618,9011,6632.673655713945
1768152616.851878,21626880,30424618,9011,6792.634593213945
1768152616.8542254,21635891,30424618,9011,6630.520384947624
1768152616.8542836,21644902,30424618,9011,6630.520384947624
1768152616.854334,21653913,30424618,9011,6630.520384947624
1768152616.8543606,21659648,30424618,9011,6630.520384947624
1768152616.8555522,21668659,30424618,9011,6979.909569845976
1768152616.855587,21676032,30424618,9011,6819.948632345976
1768152616.8608077,21685043,30424618,9011,6109.433077040343
1768152616.8611374,21694054,30424618,9011,6429.354952040343
1768152616.8611994,21703065,30424618,9011,6827.60309375985
1768152616.8612287,21708800,30424618,9011,6667.64215625985
1768152616.8624089,21717811,30424618,9011,7053.063853988149
1768152616.8624701,21726822,30424618,9011,7053.063853988149
1768152616.862529,21735833,30424618,9011,7053.063853988149
1768152616.8625562,21741568,30424618,9011,7053.063853988149
1768152616.8637638,21750579,30424618,9011,7039.327017784441
1768152616.8637958,21757952,30424618,9011,7039.327017784441
1768152616.86534,21766963,30424618,9011,7450.86073886957
1768152616.8653755,21774336,30424618,9011,7290.89980136957
1768152616.8672097,21783347,30424618,9011,6899.2818499245495
1768152616.8672507,21790720,30424618,9011,7059.2427874245495
1768152616.8706434,21799731,30424618,9011,6556.660380595902
1768152616.870723,21808742,30424618,9011,6556.660380595902
1768152616.8707817,21817753,30424618,9011,6556.660380595902
1768152616.870815,21823488,30424618,9011,6556.660380595902
1768152616.872744,21832499,30424618,9011,6276.244763791612
1768152616.872813,21841510,30424618,9011,6436.205701291612
1768152616.8728695,21850521,30424618,9011,6735.187535512114
1768152616.8728986,21856256,30424618,9011,6575.226598012114
1768152616.8740628,21865267,30424618,9011,6862.997838274952
1768152616.8740995,21872640,30424618,9011,6862.997838274952
1768152616.876415,21881651,30424618,9011,6986.384709849146
1768152616.8765533,21890662,30424618,9011,6986.384709849146
1768152616.876722,21899673,30424618,9011,6986.384709849146
1768152616.8767712,21905408,30424618,9011,6986.384709849146
1768152616.8772213,21914419,30424618,9011,7402.044541808808
1768152616.8772519,21921792,30424618,9011,7242.083604308808
1768152616.8793275,21930803,30424618,9011,6792.600877177972
1768152616.8793964,21939814,30424618,9011,7112.522752177972
1768152616.879452,21948825,30424618,9011,7216.3694633601535
1768152616.8794818,21954560,30424618,9011,7056.4085258601535
1768152616.8842711,21963571,30424618,9011,6855.391119375303
1768152616.8843315,21972582,30424618,9011,6855.391119375303
1768152616.8843853,21981593,30424618,9011,6855.391119375303
1768152616.8844125,21987328,30424618,9011,6855.391119375303
1768152616.885054,21996339,30424618,9011,6855.391119375303
1768152616.8850968,22003712,30424618,9011,6855.391119375303
1768152616.8881083,22012723,30424618,9011,6720.933912173954
1768152616.8881526,22020096,30424618,9011,6560.972974673954
1768152616.8890605,22029107,30424618,9011,6560.972974673954
1768152616.8891072,22036480,30424618,9011,6720.933912173954
1768152616.8922045,22045491,30424618,9011,6823.382640074988
1768152616.8922763,22054502,30424618,9011,6823.382640074988
1768152616.8923361,22063513,30424618,9011,6823.382640074988
1768152616.8923666,22069248,30424618,9011,6823.382640074988
1768152616.8963149,22078259,30424618,9011,6168.8763149648175
1768152616.896606,22087270,30424618,9011,6328.8372524648175
1768152616.8967834,22096281,30424618,9011,6912.777186797005
1768152616.8968256,22102016,30424618,9011,6752.816249297005
1768152616.8973324,22111027,30424618,9011,6752.816249297005
1768152616.8973634,22118400,30424618,9011,6752.816249297005
1768152616.9006066,22127411,30424618,9011,6739.787135007469
1768152616.9006743,22136422,30424618,9011,6739.787135007469
1768152616.9007273,22145433,30424618,9011,6739.787135007469
1768152616.9007561,22151168,30424618,9011,6739.787135007469
1768152616.904657,22160179,30424618,9011,6741.83923399348
1768152616.9047158,22169190,30424618,9011,6741.83923399348
1768152616.9047675,22178201,30424618,9011,6741.83923399348
1768152616.9047937,22183936,30424618,9011,6741.83923399348
1768152616.9052794,22192947,30424618,9011,6741.83923399348
1768152616.9053092,22200320,30424618,9011,6741.83923399348
1768152616.908763,22209331,30424618,9011,6724.313996083549
1768152616.908795,22216704,30424618,9011,6564.353058583549
1768152616.913605,22225715,30424618,9011,5868.561408708738
1768152616.9136734,22234726,30424618,9011,6188.483283708738
1768152616.9137235,22243737,30424618,9011,6840.937509832898
1768152616.913752,22249472,30424618,9011,6521.015634832898
1768152616.9152966,22258483,30424618,9011,6222.263963448128
1768152616.9153333,22265856,30424618,9011,6382.224900948128
1768152616.9177752,22274867,30424618,9011,5867.1241942256365
1768152616.9179661,22283878,30424618,9011,6027.0851317256365
1768152616.9180274,22292889,30424618,9011,6650.316909517928
1768152616.9180593,22298624,30424618,9011,6490.355972017928
1768152616.9202037,22307635,30424618,9011,6723.100947474714
1768152616.9202676,22316646,30424618,9011,6723.100947474714
1768152616.920572,22325657,30424618,9011,6723.100947474714
1768152616.9206038,22331392,30424618,9011,6723.100947474714
1768152616.9222882,22340403,30424618,9011,6682.899206620411
1768152616.9223626,22349414,30424618,9011,6842.860144120411
1768152616.9224231,22358425,30424618,9011,7357.960850842903
1768152616.9224515,22364160,30424618,9011,7038.038975842903
1768152616.9243712,22373171,30424618,9011,6623.9277637851965
1768152616.9245846,22382182,30424618,9011,6943.8496387851965
1768152616.9247785,22391193,30424618,9011,7406.89631320322
1768152616.9248095,22396928,30424618,9011,7086.97443820322
1768152616.9270492,22405939,30424618,9011,6605.355420878732
1768152616.927089,22413312,30424618,9011,6765.316358378732
1768152616.9280279,22422323,30424618,9011,7104.269770617805
1768152616.928063,22429696,30424618,9011,6944.308833117805
1768152616.9304225,22438707,30424618,9011,6441.824178330213
1768152616.930495,22447718,30424618,9011,6761.746053330212
1768152616.9305441,22456729,30424618,9011,7175.857265387918
1768152616.9305718,22462464,30424618,9011,6855.935390387918
1768152616.9310324,22471475,30424618,9011,6855.935390387918
1768152616.931062,22478848,30424618,9011,7015.896327887918
1768152616.93409,22487859,30424618,9011,6911.263117079919
1768152616.9341521,22496870,30424618,9011,7071.224054579919
1768152616.9342031,22505881,30424618,9011,7071.224054579919
1768152616.93423,22511616,30424618,9011,6911.263117079919
1768152616.9374423,22520627,30424618,9011,6810.1691290503995
1768152616.9374971,22529638,30424618,9011,6810.1691290503995
1768152616.9375477,22538649,30424618,9011,6810.1691290503995
1768152616.9375732,22544384,30424618,9011,6810.1691290503995
1768152616.9383924,22553395,30424618,9011,6810.1691290503995
1768152616.9384215,22560768,30424618,9011,6810.1691290503995
1768152616.9419146,22569779,30424618,9011,6770.689678411114
1768152616.9419801,22578790,30424618,9011,6770.689678411114
1768152616.9420311,22587801,30424618,9011,6770.689678411114
1768152616.9420586,22593536,30424618,9011,6770.689678411114
1768152616.9450235,22602547,30424618,9011,6794.059783483892
1768152616.9453075,22611558,30424618,9011,6794.059783483892
1768152616.9453654,22620569,30424618,9011,6794.059783483892
1768152616.945392,22626304,30424618,9011,6794.059783483892
1768152616.9487934,22635315,30424618,9011,6175.49588635214
1768152616.9488533,22644326,30424618,9011,6335.45682385214
1768152616.948901,22653337,30424618,9011,6961.188502623915
1768152616.9489262,22659072,30424618,9011,6641.266627623915
1768152616.9507482,22668083,30424618,9011,6251.771889240696
1768152616.9509878,22677094,30424618,9011,6571.693764240695
1768152616.9511702,22686105,30424618,9011,7151.902301985028
1768152616.9511986,22691840,30424618,9011,6831.980426985028
1768152616.9535506,22700851,30424618,9011,6331.874961843326
1768152616.9535956,22708224,30424618,9011,6491.835899343326
1768152616.9577549,22717235,30424618,9011,6443.7634494412005
1768152616.9578273,22726246,30424618,9011,6443.7634494412005
1768152616.9578784,22735257,30424618,9011,6443.7634494412005
1768152616.9579067,22740992,30424618,9011,6443.7634494412005
1768152616.9626453,22750003,30424618,9011,6140.18548401898
1768152616.9627073,22759014,30424618,9011,6140.18548401898
1768152616.9627595,22768025,30424618,9011,6140.18548401898
1768152616.9627848,22773760,30424618,9011,6140.18548401898
1768152616.9707162,22782771,30424618,9011,5871.74837623915
1768152616.970781,22791782,30424618,9011,6031.70931373915
1768152616.970849,22800793,30424618,9011,6698.345660773028
1768152616.970877,22806528,30424618,9011,6378.423785773028
1768152616.9748337,22815539,30424618,9011,5722.596483414329
1768152616.9748964,22824550,30424618,9011,6042.518358414329
1768152616.9749463,22833561,30424618,9011,6735.591062219767
1768152616.974973,22839296,30424618,9011,6415.669187219768
1768152616.9766116,22848307,30424618,9011,6085.676485315501
1768152616.976651,22855680,30424618,9011,6245.637422815501
1768152616.978891,22864691,30424618,9011,6533.972591616682
1768152616.978954,22873702,30424618,9011,6533.972591616682
1768152616.9790025,22882713,30424618,9011,6533.972591616682
1768152616.9790287,22888448,30424618,9011,6533.972591616682
1768152616.9808547,22897459,30424618,9011,6801.538537257962
1768152616.9809206,22906470,30424618,9011,6801.538537257962
1768152616.9809735,22915481,30424618,9011,6801.538537257962
1768152616.9809997,22921216,30424618,9011,6801.538537257962
1768152616.982959,22930227,30424618,9011,6709.135101374357
1768152616.9833224,22939238,30424618,9011,6869.096038874357
1768152616.9835198,22948249,30424618,9011,7349.303442994709
1768152616.9835749,22953984,30424618,9011,7029.381567994709
1768152616.9857883,22962995,30424618,9011,6554.101457153289
1768152616.9858658,22972006,30424618,9011,6874.023332153289
1768152616.9859717,22981017,30424618,9011,7262.284688870708
1768152616.9860055,22986752,30424618,9011,6942.362813870708
1768152616.9877641,22995763,30424618,9011,6572.989600888312
1768152616.9878068,23003136,30424618,9011,6732.950538388312
1768152616.9899776,23012147,30424618,9011,6687.805507266797
1768152616.990266,23021158,30424618,9011,6687.805507266797
1768152616.9904714,23030169,30424618,9011,6687.805507266797
1768152616.9905093,23035904,30424618,9011,6687.805507266797
1768152616.9920144,23044915,30424618,9011,6882.465227355371
1768152616.9920924,23053926,30424618,9011,6882.465227355371
1768152616.9921508,23062937,30424618,9011,6882.465227355371
1768152616.9921806,23068672,30424618,9011,6882.465227355371
1768152616.993799,23077683,30424618,9011,6929.513560807206
1768152616.9938731,23086694,30424618,9011,7089.474498307206
1768152616.993931,23095705,30424618,9011,7557.015667216595
1768152616.9939613,23101440,30424618,9011,7237.093792216595
1768152616.9961782,23110451,30424618,9011,6760.922264133138
1768152616.99625,23119462,30424618,9011,7080.844139133138
1768152616.9963102,23128473,30424618,9011,7361.464529885983
1768152616.9963405,23134208,30424618,9011,7041.542654885983
1768152616.9979212,23143219,30424618,9011,6732.347993630329
1768152616.9979706,23150592,30424618,9011,6892.308931130329
1768152616.9999506,23159603,30424618,9011,6787.8077102700945
1768152617.0000234,23168614,30424618,9011,6787.8077102700945
1768152617.000079,23177625,30424618,9011,6787.8077102700945
1768152617.00011,23183360,30424618,9011,6787.8077102700945
1768152617.0057106,23192371,30424618,9011,6542.248712163172
1768152617.0057793,23201382,30424618,9011,6542.248712163172
1768152617.0058355,23210393,30424618,9011,6542.248712163172
1768152617.0058625,23216128,30424618,9011,6542.248712163172
1768152617.0075722,23225139,30424618,9011,6498.018978780639
1768152617.0076385,23234150,30424618,9011,6657.979916280639
1768152617.0076904,23243161,30424618,9011,7084.806016671435
1768152617.0077167,23248896,30424618,9011,6764.884141671435
1768152617.017732,23257907,30424618,9011,5973.124036723874
1768152617.0179827,23266918,30424618,9011,6293.045911723874
1768152617.018045,23275929,30424618,9011,7014.776437914254
1768152617.0180736,23281664,30424618,9011,6694.854562914254
1768152617.019784,23290675,30424618,9011,6339.140058237731
1768152617.0198233,23298048,30424618,9011,6499.100995737731
1768152617.0219288,23307059,30424618,9011,6398.376259897911
1768152617.0219924,23316070,30424618,9011,6398.376259897911
1768152617.0220413,23325081,30424618,9011,6398.376259897911
1768152617.0220683,23330816,30424618,9011,6398.376259897911
1768152617.023982,23339827,30424618,9011,6777.633800674247
1768152617.0240521,23348838,30424618,9011,6777.633800674247
1768152617.0241053,23357849,30424618,9011,6777.633800674247
1768152617.0241323,23363584,30424618,9011,6777.633800674247
1768152617.0258126,23372595,30424618,9011,6786.463134725389
1768152617.0258744,23381606,30424618,9011,6946.424072225389
1768152617.0259266,23390617,30424618,9011,7400.573202703394
1768152617.0259528,23396352,30424618,9011,7080.651327703394
1768152617.027984,23405363,30424618,9011,6640.683098820535
1768152617.0280476,23414374,30424618,9011,6960.604973820535
1768152617.0281014,23423385,30424618,9011,7373.107537991758
1768152617.028129,23429120,30424618,9011,7053.185662991758
1768152617.030234,23438131,30424618,9011,6598.768839600971
1768152617.030446,23447142,30424618,9011,6918.690714600971
1768152617.0306463,23456153,30424618,9011,7265.575885226353
1768152617.0306754,23461888,30424618,9011,6945.654010226353
1768152617.032689,23470899,30424618,9011,6509.79410747081
1768152617.03273,23478272,30424618,9011,6669.75504497081
1768152617.036541,23487283,30424618,9011,6462.714449249772
1768152617.0366166,23496294,30424618,9011,6462.714449249772
1768152617.0366693,23505305,30424618,9011,6462.714449249772
1768152617.0366976,23511040,30424618,9011,6462.714449249772
1768152617.0386412,23520051,30424618,9011,6499.276861639452
1768152617.0387042,23529062,30424618,9011,6499.276861639452
1768152617.0387537,23538073,30424618,9011,6499.276861639452
1768152617.03878,23543808,30424618,9011,6499.276861639452
1768152617.0406656,23552819,30424618,9011,6531.981267101006
1768152617.040732,23561830,30424618,9011,6691.942204601005
1768152617.0407827,23570841,30424618,9011,7338.9510292049035
1768152617.0408106,23576576,30424618,9011,7019.0291542049035
1768152617.0456426,23585587,30424618,9011,6322.561464139013
1768152617.0458288,23594598,30424618,9011,6642.483339139013
1768152617.0458896,23603609,30424618,9011,7060.337750140119
1768152617.0459185,23609344,30424618,9011,6740.415875140119
1768152617.047588,23618355,30424618,9011,6400.831232023912
1768152617.047628,23625728,30424618,9011,6560.792169523913
1768152617.0497253,23634739,30424618,9011,6511.121453361322
1768152617.0497847,23643750,30424618,9011,6511.121453361322
1768152617.049834,23652761,30424618,9011,6511.121453361322
1768152617.0498602,23658496,30424618,9011,6511.121453361322
1768152617.0523474,23667507,30424618,9011,6688.330316454369
1768152617.0524635,23676518,30424618,9011,6688.330316454369
1768152617.0525208,23685529,30424618,9011,6688.330316454369
1768152617.0525525,23691264,30424618,9011,6688.330316454369
1768152617.053819,23700275,30424618,9011,6860.238657762087
1768152617.0538828,23709286,30424618,9011,7020.199595262087
1768152617.0539353,23718297,30424618,9011,7473.0258087186685
1768152617.0539625,23724032,30424618,9011,7153.1039337186685
1768152617.0559447,23733043,30424618,9011,6725.741717874322
1768152617.05601,23742054,30424618,9011,7045.663592874322
1768152617.0560608,23751065,30424618,9011,7564.922419847166
1768152617.0560887,23756800,30424618,9011,7245.000544847166
1768152617.0582044,23765811,30424618,9011,6789.393381955524
1768152617.058248,23773184,30424618,9011,6949.354319455524
1768152617.0603573,23782195,30424618,9011,6663.067006629097
1768152617.0605547,23791206,30424618,9011,6663.067006629097
1768152617.0607347,23800217,30424618,9011,6663.067006629097
1768152617.0607977,23805952,30424618,9011,6663.067006629097
1768152617.0619705,23814963,30424618,9011,6981.414593753669
1768152617.062049,23823974,30424618,9011,6981.414593753669
1768152617.0621057,23832985,30424618,9011,6981.414593753669
1768152617.0621345,23838720,30424618,9011,6981.414593753669
1768152617.0666468,23847731,30424618,9011,6753.71133384637
1768152617.0668235,23856742,30424618,9011,6913.67227134637
1768152617.0668821,23865753,30424618,9011,7367.635885981283
1768152617.0669107,23871488,30424618,9011,7047.714010981283
1768152617.0689204,23880499,30424618,9011,6614.5829195426095
1768152617.0689833,23889510,30424618,9011,6934.5047945426095
1768152617.06903,23898521,30424618,9011,7043.519423262386
1768152617.0690575,23904256,30424618,9011,6723.597548262386
1768152617.0707793,23913267,30424618,9011,6363.730778908643
1768152617.0708153,23920640,30424618,9011,6523.691716408643
1768152617.073104,23929651,30424618,9011,6718.037204611731
1768152617.0731711,23938662,30424618,9011,6718.037204611731
1768152617.0732236,23947673,30424618,9011,6718.037204611731
1768152617.073251,23953408,30424618,9011,6718.037204611731
1768152617.0751514,23962419,30424618,9011,6744.244749575121
1768152617.0752225,23971430,30424618,9011,6744.244749575121
1768152617.0752747,23980441,30424618,9011,6744.244749575121
1768152617.0753026,23986176,30424618,9011,6744.244749575121
1768152617.0773604,23995187,30424618,9011,6658.689295079674
1768152617.0774431,24004198,30424618,9011,6818.650232579674
1768152617.0774958,24013209,30424618,9011,7307.615167175524
1768152617.0775251,24018944,30424618,9011,6987.693292175524
1768152617.0792503,24027955,30424618,9011,6628.81219089329
1768152617.0793142,24036966,30424618,9011,6948.73406589329
1768152617.0793645,24045977,30424618,9011,7355.657612368574
1768152617.0793915,24051712,30424618,9011,7035.735737368574
1768152617.0812144,24060723,30424618,9011,6649.073210571975
1768152617.0812554,24068096,30424618,9011,6809.034148071975
1768152617.083198,24077107,30424618,9011,6837.23387331776
1768152617.0832617,24086118,30424618,9011,6837.23387331776
1768152617.0835202,24095129,30424618,9011,6837.23387331776
1768152617.083552,24100864,30424618,9011,6837.23387331776
1768152617.0856395,24109875,30424618,9011,6745.393268987747
1768152617.0860314,24118886,30424618,9011,6745.393268987747
1768152617.0862167,24127897,30424618,9011,6745.393268987747
1768152617.0862477,24133632,30424618,9011,6745.393268987747
1768152617.087149,24142643,30424618,9011,7132.055795784346
1768152617.0872056,24151654,30424618,9011,7292.016733284346
1768152617.0872524,24160665,30424618,9011,7709.239231887754
1768152617.087279,24166400,30424618,9011,7389.317356887754
1768152617.0892727,24175411,30424618,9011,6957.392104373872
1768152617.0894392,24184422,30424618,9011,7277.313979373872
1768152617.0895085,24193433,30424618,9011,7728.03568498612
1768152617.0895367,24199168,30424618,9011,7408.11380998612
1768152617.0912147,24208179,30424618,9011,7062.199263858405
1768152617.0912793,24217190,30424618,9011,7382.121138858405
1768152617.091331,24226201,30424618,9011,7382.121138858405
1768152617.0913577,24231936,30424618,9011,7062.199263858405
1768152617.0931895,24240947,30424618,9011,6670.36464890284
1768152617.0932264,24248320,30424618,9011,6830.32558640284
1768152617.0952375,24257331,30424618,9011,6826.122123113979
1768152617.095299,24266342,30424618,9011,6826.122123113979
1768152617.0953517,24275353,30424618,9011,6826.122123113979
1768152617.0953798,24281088,30424618,9011,6826.122123113979
1768152617.0974257,24290099,30424618,9011,6728.597760369237
1768152617.0974884,24299110,30424618,9011,6728.597760369237
1768152617.0975378,24308121,30424618,9011,6728.597760369237
1768152617.097564,24313856,30424618,9011,6728.597760369237
1768152617.099904,24322867,30424618,9011,6622.669900339759
1768152617.0999773,24331878,30424618,9011,6782.630837839759
1768152617.1000288,24340889,30424618,9011,7218.7595536425
1768152617.1000555,24346624,30424618,9011,6898.8376786425
1768152617.1019068,24355635,30424618,9011,6507.2468631043175
1768152617.1020055,24364646,30424618,9011,6827.1687381043175
1768152617.1021407,24373657,30424618,9011,7270.607646976774
1768152617.1021848,24379392,30424618,9011,6950.685771976774
1768152617.103907,24388403,30424618,9011,6593.50738437196
1768152617.1039453,24395776,30424618,9011,6753.46832187196
1768152617.1060655,24404787,30424618,9011,6794.521357244206
1768152617.1061335,24413798,30424618,9011,6794.521357244206
1768152617.1064005,24422809,30424618,9011,6794.521357244206
1768152617.1064339,24428544,30424618,9011,6794.521357244206
1768152617.108454,24437555,30424618,9011,6751.218170202407
1768152617.108645,24446566,30424618,9011,6751.218170202407
1768152617.1088314,24455577,30424618,9011,6751.218170202407
1768152617.1088626,24461312,30424618,9011,6751.218170202407
1768152617.1108162,24470323,30424618,9011,6687.672104504898
1768152617.1108813,24479334,30424618,9011,6847.633042004898
1768152617.1109328,24488345,30424618,9011,7304.342481617695
1768152617.1109602,24494080,30424618,9011,6984.420606617695
1768152617.1126409,24503091,30424618,9011,6640.099075599809
1768152617.112706,24512102,30424618,9011,6960.020950599809
1768152617.1127574,24521113,30424618,9011,7394.914953179791
1768152617.1127853,24526848,30424618,9011,7074.993078179791
1768152617.1143942,24535859,30424618,9011,6755.616775639732
1768152617.1144342,24543232,30424618,9011,6915.577713139732
1768152617.1198907,24552243,30424618,9011,6618.799626795898
1768152617.1199555,24561254,30424618,9011,6618.799626795898
1768152617.1200092,24570265,30424618,9011,6618.799626795898
1768152617.1200361,24576000,30424618,9011,6618.799626795898
1768152617.121695,24585011,30424618,9011,6626.439083341758
1768152617.1217604,24594022,30424618,9011,6626.439083341758
1768152617.1218114,24603033,30424618,9011,6626.439083341758
1768152617.1218371,24608768,30424618,9011,6626.439083341758
1768152617.1238017,24617779,30424618,9011,6523.514445013732
1768152617.1238673,24626790,30424618,9011,6683.475382513732
1768152617.1239207,24635801,30424618,9011,7400.977922159889
1768152617.1239483,24641536,30424618,9011,7081.056047159889
1768152617.1259785,24650547,30424618,9011,6644.2567202533055
1768152617.1260574,24659558,30424618,9011,6964.1785952533055
1768152617.1261115,24668569,30424618,9011,7300.86066972533
1768152617.1261408,24674304,30424618,9011,6980.93879472533
1768152617.1276925,24683315,30424618,9011,6682.417558061958
1768152617.1277318,24690688,30424618,9011,6842.378495561958
1768152617.1296983,24699699,30424618,9011,6841.4046284928745
1768152617.12976,24708710,30424618,9011,6841.4046284928745
1768152617.129811,24717721,30424618,9011,6841.4046284928745
1768152617.1298373,24723456,30424618,9011,6841.4046284928745
1768152617.1319232,24732467,30424618,9011,6828.15336494801
1768152617.131988,24741478,30424618,9011,6828.15336494801
1768152617.1322267,24750489,30424618,9011,6828.15336494801
1768152617.1322563,24756224,30424618,9011,6828.15336494801
1768152617.1343756,24765235,30424618,9011,6670.413545744292
1768152617.134562,24774246,30424618,9011,6830.374483244292
1768152617.1347406,24783257,30424618,9011,7253.649291181459
1768152617.1347737,24788992,30424618,9011,6933.727416181459
1768152617.1361094,24798003,30424618,9011,6729.8228381928275
1768152617.1361766,24807014,30424618,9011,7049.7447131928275
1768152617.1362288,24816025,30424618,9011,7499.795303644275
1768152617.1362567,24821760,30424618,9011,7179.873428644275
1768152617.1375017,24830771,30424618,9011,7029.198770046818
1768152617.1375394,24838144,30424618,9011,7189.159707546818
1768152617.139207,24847155,30424618,9011,7305.67012565624
1768152617.1392436,24854528,30424618,9011,7145.70918815624
1768152617.1398947,24863539,30424618,9011,7145.70918815624
1768152617.1399264,24870912,30424618,9011,7305.67012565624
1768152617.1410267,24879923,30424618,9011,7452.852145919115
1768152617.1410599,24887296,30424618,9011,7292.891208419115
1768152617.1420183,24896307,30424618,9011,7292.891208419115
1768152617.1420527,24903680,30424618,9011,7452.852145919115
1768152617.1430666,24912691,30424618,9011,7603.526804516572
1768152617.1431017,24920064,30424618,9011,7603.526804516572
1768152617.1449077,24929075,30424618,9011,7561.248748442699
1768152617.1449475,24936448,30424618,9011,7561.248748442699
1768152617.147151,24945459,30424618,9011,7086.5464609521105
1768152617.1471856,24952832,30424618,9011,7086.5464609521105
1768152617.1481507,24961843,30424618,9011,7143.269018677866
1768152617.1481843,24969216,30424618,9011,7143.269018677866
1768152617.1491442,24978227,30424618,9011,7143.269018677866
1768152617.1491873,24985600,30424618,9011,7143.269018677866
1768152617.1512897,24994611,30424618,9011,6687.928052803055
1768152617.1513238,25001984,30424618,9011,6687.928052803055
1768152617.1526103,25010995,30424618,9011,6891.770987045934
1768152617.1526465,25018368,30424618,9011,6891.770987045934
1768152617.1544216,25027379,30424618,9011,6990.8662815379475
1768152617.1544564,25034752,30424618,9011,6990.8662815379475
1768152617.1555045,25043763,30424618,9011,6976.582340507508
1768152617.1555398,25051136,30424618,9011,6976.582340507508
1768152617.1577454,25060147,30424618,9011,6501.432578625675
1768152617.157782,25067520,30424618,9011,6501.432578625675
1768152617.1588006,25076531,30424618,9011,6956.773544500487
1768152617.1588407,25083904,30424618,9011,6956.773544500487
1768152617.1609986,25092915,30424618,9011,6670.142325874558
1768152617.1610456,25100288,30424618,9011,6670.142325874558
1768152617.1631243,25109299,30424618,9011,6596.941589647266
1768152617.1631682,25116672,30424618,9011,6596.941589647266
1768152617.1678417,25125683,30424618,9011,5920.904202457545
1768152617.1679125,25134694,30424618,9011,6080.865139957545
1768152617.1679683,25143705,30424618,9011,6556.014901839379
1768152617.1679966,25149440,30424618,9011,6396.053964339378
1768152617.171337,25158451,30424618,9011,5782.314710332464
1768152617.1713762,25165824,30424618,9011,5782.314710332464
1768152617.173381,25174835,30424618,9011,5814.068653892331
1768152617.1734202,25182208,30424618,9011,5814.068653892331
1768152617.1779828,25191219,30424618,9011,5577.487137278379
1768152617.1780677,25200230,30424618,9011,5737.448074778379
1768152617.1781216,25209241,30424618,9011,6427.769402998539
1768152617.178151,25214976,30424618,9011,6107.847527998539
1768152617.179866,25223987,30424618,9011,5752.070561902228
1768152617.1799047,25231360,30424618,9011,5912.031499402228
1768152617.1817944,25240371,30424618,9011,6120.839148352782
1768152617.1818306,25247744,30424618,9011,6120.839148352782
1768152617.1834922,25256755,30424618,9011,6216.115465846294
1768152617.183529,25264128,30424618,9011,6216.115465846294
1768152617.1876252,25273139,30424618,9011,6238.25752691484
1768152617.1876915,25282150,30424618,9011,6238.25752691484
1768152617.1877437,25291161,30424618,9011,6238.25752691484
1768152617.1877728,25296896,30424618,9011,6238.25752691484
1768152617.1888216,25305907,30424618,9011,6580.006221889998
1768152617.1888602,25313280,30424618,9011,6580.006221889998
1768152617.191422,25322291,30424618,9011,6453.809873196515
1768152617.1914606,25329664,30424618,9011,6453.809873196515
1768152617.1930244,25338675,30424618,9011,6488.463329982977
1768152617.1930614,25346048,30424618,9011,6488.463329982977
1768152617.1943133,25355059,30424618,9011,6998.146203690997
1768152617.1943529,25362432,30424618,9011,6838.185266190997
1768152617.1967032,25371443,30424618,9011,6338.424468912797
1768152617.1967387,25378816,30424618,9011,6498.385406412797
1768152617.1987183,25387827,30424618,9011,6084.006280338239
1768152617.1987529,25395200,30424618,9011,6084.006280338239
1768152617.2011435,25404211,30424618,9011,6109.009008182088
1768152617.2016542,25413222,30424618,9011,6268.969945682088
1768152617.2023208,25422233,30424618,9011,6572.10320605684
1768152617.2023911,25427968,30424618,9011,6412.14226855684
1768152617.203499,25436979,30424618,9011,6504.998384474784
1768152617.2035396,25444352,30424618,9011,6504.998384474784
1768152617.2054858,25453363,30424618,9011,6586.177903491598
1768152617.205591,25462374,30424618,9011,6746.138840991598
1768152617.20657,25471385,30424618,9011,7174.546238187308
1768152617.2069337,25477120,30424618,9011,7014.585300687308
1768152617.2663465,25486131,30424618,9011,6655.5896479456715
1768152617.2667274,25495142,30424618,9011,6655.5896479456715
1768152617.266906,25504153,30424618,9011,6655.5896479456715
1768152617.2673757,25513164,30424618,9011,6975.5115229456715
1768152617.2674847,25522175,30424618,9011,7036.219718090981
1768152617.2675562,25531186,30424618,9011,7196.180655590981
1768152617.2676165,25540197,30424618,9011,7614.761933852367
1768152617.2676716,25549208,30424618,9011,7614.761933852367
1768152617.2677255,25558219,30424618,9011,7614.761933852367
1768152617.2677596,25559040,30424618,9011,7134.879121352367
1768152617.2901618,25568051,30424618,9011,7159.4587852444365
1768152617.2906592,25577062,30424618,9011,7159.4587852444365
1768152617.3025548,25586073,30424618,9011,6354.819110077752
1768152617.3027425,25595084,30424618,9011,6354.819110077752
1768152617.3034666,25604095,30424618,9011,6354.819110077752
1768152617.3037663,25613106,30424618,9011,6354.819110077752
1768152617.3039005,25622117,30424618,9011,6354.819110077752
1768152617.3044853,25631128,30424618,9011,6354.819110077752
1768152617.3045917,25640139,30424618,9011,6354.819110077752
1768152617.3046687,25649150,30424618,9011,7154.623797577752
1768152617.304751,25658161,30424618,9011,7995.165012333315
1768152617.3048148,25667172,30424618,9011,7995.165012333315
1768152617.3048718,25676183,30424618,9011,8799.8046875
1768152617.3120074,25685194,30424618,9011,8044.292807702889
1768152617.312166,25690112,30424618,9011,7644.585776452889
1768152617.3189046,25699123,30424618,9011,6896.465242516171
1768152617.3190053,25708134,30424618,9011,6896.465242516171
1768152617.3190737,25717145,30424618,9011,6896.465242516171
1768152617.3191376,25726156,30424618,9011,6896.465242516171
1768152617.3192174,25735167,30424618,9011,6896.465242516171
1768152617.3193042,25744178,30424618,9011,6896.465242516171
1768152617.3193893,25753189,30424618,9011,6896.465242516171
1768152617.3198633,25762200,30424618,9011,6896.465242516171
1768152617.3199756,25771211,30424618,9011,7651.977122313282
1768152617.3200395,25780222,30424618,9011,8051.684153563282
1768152617.3201044,25789233,30424618,9011,8799.8046875
1768152617.3201623,25798244,30424618,9011,8799.8046875
1768152617.3202186,25807255,30424618,9011,8799.8046875
1768152617.3207984,25816266,30424618,9011,8799.8046875
1768152617.3208792,25821184,30424618,9011,8400.09765625
1768152617.327202,25830195,30424618,9011,7660.673428906033
1768152617.3281124,25839206,30424618,9011,7660.673428906033
1768152617.3284755,25848217,30424618,9011,7660.673428906033
1768152617.3301663,25857228,30424618,9011,7334.592632739336
1768152617.3305345,25866239,30424618,9011,7334.592632739336
1768152617.3307984,25875250,30424618,9011,7334.592632739336
1768152617.3310058,25884261,30424618,9011,7334.592632739336
1768152617.3316002,25893272,30424618,9011,7334.592632739336
1768152617.3317869,25902283,30424618,9011,7334.592632739336
1768152617.3322117,25911294,30424618,9011,7734.299663989336
1768152617.3325906,25920305,30424618,9011,8473.723891333302
1768152617.3327122,25929316,30424618,9011,8473.723891333302
1768152617.332799,25938327,30424618,9011,8473.723891333302
1768152617.3329575,25947338,30424618,9011,8799.8046875
1768152617.3330054,25952256,30424618,9011,8400.09765625
1768152617.336474,25961267,30424618,9011,7778.024700266277
1768152617.3369236,25970278,30424618,9011,7778.024700266277
1768152617.337064,25979289,30424618,9011,7778.024700266277
1768152617.3372064,25988300,30424618,9011,7778.024700266277
1768152617.3373997,25997311,30424618,9011,7778.024700266277
1768152617.3377168,26006322,30424618,9011,7778.024700266277
1768152617.337888,26015333,30424618,9011,7778.024700266277
1768152617.3388822,26024344,30424618,9011,7778.024700266277
1768152617.3391337,26033355,30424618,9011,7778.024700266277
1768152617.3393068,26042366,30424618,9011,8177.731731516277
1768152617.3395433,26051377,30424618,9011,8799.8046875
1768152617.33966,26060388,30424618,9011,8799.8046875
1768152617.3397317,26069399,30424618,9011,8799.8046875
1768152617.3397996,26078410,30424618,9011,8799.8046875
1768152617.3398392,26083328,30424618,9011,8400.09765625
1768152617.3426294,26092339,30424618,9011,7841.102216477075
1768152617.342774,26101350,30424618,9011,7841.102216477075
1768152617.342964,26110361,30424618,9011,7841.102216477075
1768152617.3431396,26119372,30424618,9011,7841.102216477075
1768152617.3432665,26128383,30424618,9011,7841.102216477075
1768152617.3434875,26137394,30424618,9011,7841.102216477075
1768152617.3436413,26146405,30424618,9011,7841.102216477075
1768152617.343869,26155416,30424618,9011,7841.102216477075
1768152617.3440564,26164427,30424618,9011,7841.102216477075
1768152617.3442338,26173438,30424618,9011,8240.809247727075
1768152617.3445623,26182449,30424618,9011,8799.8046875
1768152617.3446534,26191460,30424618,9011,8799.8046875
1768152617.3447227,26200471,30424618,9011,8799.8046875
1768152617.3448348,26209482,30424618,9011,8799.8046875
1768152617.344916,26214400,30424618,9011,8400.09765625
1768152617.348279,26223411,30424618,9011,7795.739849906431
1768152617.34852,26232422,30424618,9011,7795.739849906431
1768152617.3487656,26241433,30424618,9011,7795.739849906431
1768152617.3490233,26250444,30424618,9011,7795.739849906431
1768152617.349121,26259455,30424618,9011,7795.739849906431
1768152617.3492057,26268466,30424618,9011,7795.739849906431
1768152617.349425,26277477,30424618,9011,7795.739849906431
1768152617.3502905,26286488,30424618,9011,7795.739849906431
1768152617.3504548,26295499,30424618,9011,7795.739849906431
1768152617.350538,26304510,30424618,9011,8195.446881156431
1768152617.3506222,26313521,30424618,9011,8799.8046875
1768152617.3508875,26322532,30424618,9011,8799.8046875
1768152617.351073,26331543,30424618,9011,8799.8046875
1768152617.3511875,26340554,30424618,9011,8799.8046875
1768152617.3512282,26345472,30424618,9011,8400.09765625
1768152617.3536754,26354483,30424618,9011,7889.887959612724
1768152617.354026,26363494,30424618,9011,7889.887959612724
1768152617.3541696,26372505,30424618,9011,7889.887959612724
1768152617.3542552,26381516,30424618,9011,7889.887959612724
1768152617.3543332,26390527,30424618,9011,7889.887959612724
1768152617.3546305,26399538,30424618,9011,7889.887959612724
1768152617.3548357,26408549,30424618,9011,7889.887959612724
1768152617.355455,26417560,30424618,9011,7889.887959612724
1768152617.3559813,26426571,30424618,9011,7889.887959612724
1768152617.3562584,26435582,30424618,9011,8289.594990862724
1768152617.3567104,26444593,30424618,9011,8799.8046875
1768152617.356985,26453604,30424618,9011,8799.8046875
1768152617.3571866,26462615,30424618,9011,8799.8046875
1768152617.357272,26471626,30424618,9011,8799.8046875
1768152617.3573163,26476544,30424618,9011,8400.09765625
1768152617.3602123,26485555,30424618,9011,7829.577192057375
1768152617.3603437,26494566,30424618,9011,7829.577192057375
1768152617.3605795,26503577,30424618,9011,7829.577192057375
1768152617.3607428,26512588,30424618,9011,7829.577192057375
1768152617.3608327,26521599,30424618,9011,7829.577192057375
1768152617.3610134,26530610,30424618,9011,7829.577192057375
1768152617.3611495,26539621,30424618,9011,7829.577192057375
1768152617.361526,26548632,30424618,9011,7829.577192057375
1768152617.3618333,26557643,30424618,9011,7829.577192057375
1768152617.361921,26566654,30424618,9011,8229.284223307375
1768152617.3620143,26575665,30424618,9011,8799.8046875
1768152617.3620784,26584676,30424618,9011,8799.8046875
1768152617.3621447,26593687,30424618,9011,8799.8046875
1768152617.3623016,26602698,30424618,9011,8799.8046875
1768152617.3623464,26607616,30424618,9011,8400.09765625
1768152617.364633,26616627,30424618,9011,7913.73879171728
1768152617.3649223,26625638,30424618,9011,7913.73879171728
1768152617.3651092,26634649,30424618,9011,7913.73879171728
1768152617.3651993,26643660,30424618,9011,7913.73879171728
1768152617.3652675,26652671,30424618,9011,7913.73879171728
1768152617.3653965,26661682,30424618,9011,7913.73879171728
1768152617.3654928,26670693,30424618,9011,7913.73879171728
1768152617.3655803,26679704,30424618,9011,7913.73879171728
1768152617.3656461,26688715,30424618,9011,7913.73879171728
1768152617.3657315,26697726,30424618,9011,8313.44582296728
1768152617.3658066,26706737,30424618,9011,8799.8046875
1768152617.3663437,26715748,30424618,9011,8799.8046875
1768152617.3666937,26724759,30424618,9011,8799.8046875
1768152617.3670285,26733770,30424618,9011,8799.8046875
1768152617.3670728,26738688,30424618,9011,8400.09765625
1768152617.3708436,26747699,30424618,9011,7756.537610439695
1768152617.3718388,26756710,30424618,9011,7756.537610439695
1768152617.3719897,26765721,30424618,9011,7756.537610439695
1768152617.372072,26774732,30424618,9011,7756.537610439695
1768152617.3721378,26783743,30424618,9011,7756.537610439695
1768152617.3722117,26792754,30424618,9011,7756.537610439695
1768152617.3723543,26801765,30424618,9011,7756.537610439695
1768152617.3725286,26810776,30424618,9011,7756.537610439695
1768152617.372669,26819787,30424618,9011,7756.537610439695
1768152617.3728406,26828798,30424618,9011,8156.244641689695
1768152617.373191,26837809,30424618,9011,8799.8046875
1768152617.373525,26846820,30424618,9011,8799.8046875
1768152617.3738143,26855831,30424618,9011,8799.8046875
1768152617.3739452,26864842,30424618,9011,8799.8046875
1768152617.374004,26869760,30424618,9011,8400.09765625
1768152617.3763325,26878771,30424618,9011,7905.3976148319125
1768152617.3764987,26887782,30424618,9011,7905.3976148319125
1768152617.3766432,26896793,30424618,9011,7905.3976148319125
1768152617.3767805,26905804,30424618,9011,7905.3976148319125
1768152617.3768654,26914815,30424618,9011,7905.3976148319125
1768152617.3770478,26923826,30424618,9011,7905.3976148319125
1768152617.377135,26932837,30424618,9011,7905.3976148319125
1768152617.3776944,26941848,30424618,9011,7905.3976148319125
1768152617.3778012,26950859,30424618,9011,7905.3976148319125
1768152617.3778656,26959870,30424618,9011,8305.104646081913
1768152617.3779325,26968881,30424618,9011,8799.8046875
1768152617.3779955,26977892,30424618,9011,8799.8046875
1768152617.3781388,26986903,30424618,9011,8799.8046875
1768152617.378303,26995914,30424618,9011,8799.8046875
1768152617.3783574,27000832,30424618,9011,8400.09765625
1768152617.379968,27009843,30424618,9011,8083.2326417373115
1768152617.3802147,27018854,30424618,9011,8083.2326417373115
1768152617.3804793,27027865,30424618,9011,8083.2326417373115
1768152617.3805683,27036876,30424618,9011,8083.2326417373115
1768152617.380627,27045887,30424618,9011,8083.2326417373115
1768152617.3806877,27054898,30424618,9011,8083.2326417373115
1768152617.3807437,27063909,30424618,9011,8083.2326417373115
1768152617.381187,27072920,30424618,9011,8083.2326417373115
1768152617.3815064,27081931,30424618,9011,8083.2326417373115
1768152617.3817246,27090942,30424618,9011,8482.939672987311
1768152617.3820426,27099953,30424618,9011,8799.8046875
1768152617.382297,27108964,30424618,9011,8799.8046875
1768152617.3825386,27117975,30424618,9011,8799.8046875
1768152617.3835108,27126986,30424618,9011,8799.8046875
1768152617.3835814,27131904,30424618,9011,8400.09765625
1768152617.3858802,27140915,30424618,9011,7910.941672686933
1768152617.3859704,27149926,30424618,9011,7910.941672686933
1768152617.3860364,27158937,30424618,9011,7910.941672686933
1768152617.386102,27167948,30424618,9011,7910.941672686933
1768152617.3861883,27176959,30424618,9011,7910.941672686933
1768152617.386368,27185970,30424618,9011,7910.941672686933
1768152617.3865163,27194981,30424618,9011,7910.941672686933
1768152617.3866913,27203992,30424618,9011,7910.941672686933
1768152617.3867693,27213003,30424618,9011,7910.941672686933
1768152617.3868845,27222014,30424618,9011,8310.648703936933
1768152617.3870745,27231025,30424618,9011,8799.8046875
1768152617.3871908,27240036,30424618,9011,8799.8046875
1768152617.387545,27249047,30424618,9011,8799.8046875
1768152617.387639,27258058,30424618,9011,8799.8046875
1768152617.3876765,27262976,30424618,9011,8400.09765625
1768152617.3903058,27271987,30424618,9011,7861.446229835599
1768152617.390438,27280998,30424618,9011,7861.446229835599
1768152617.3906803,27290009,30424618,9011,7861.446229835599
1768152617.3908508,27299020,30424618,9011,7861.446229835599
1768152617.3909311,27308031,30424618,9011,7861.446229835599
1768152617.390997,27317042,30424618,9011,7861.446229835599
1768152617.3910592,27326053,30424618,9011,7861.446229835599
1768152617.3911448,27335064,30424618,9011,7861.446229835599
1768152617.3912828,27344075,30424618,9011,7861.446229835599
1768152617.3914013,27353086,30424618,9011,8261.1532610856
1768152617.391545,27362097,30424618,9011,8799.8046875
1768152617.391617,27371108,30424618,9011,8799.8046875
1768152617.3917406,27380119,30424618,9011,8799.8046875
1768152617.3918986,27389130,30424618,9011,8799.8046875
1768152617.3919392,27394048,30424618,9011,8400.09765625
1768152617.393503,27403059,30424618,9011,8095.832204397548
1768152617.3935897,27412070,30424618,9011,8095.832204397548
1768152617.3936517,27421081,30424618,9011,8095.832204397548
1768152617.3937109,27430092,30424618,9011,8095.832204397548
1768152617.393786,27439103,30424618,9011,8095.832204397548
1768152617.3938568,27448114,30424618,9011,8095.832204397548
1768152617.3940206,27457125,30424618,9011,8095.832204397548
1768152617.3944163,27466136,30424618,9011,8095.832204397548
1768152617.394694,27475147,30424618,9011,8095.832204397548
1768152617.3950903,27484158,30424618,9011,8495.539235647548
1768152617.3953524,27493169,30424618,9011,8799.8046875
1768152617.3954191,27502180,30424618,9011,8799.8046875
1768152617.3954759,27511191,30424618,9011,8799.8046875
1768152617.3955305,27520202,30424618,9011,8799.8046875
1768152617.3955638,27525120,30424618,9011,8400.09765625
1768152617.396571,27534131,30424618,9011,8400.09765625
1768152617.3966954,27543142,30424618,9011,8400.09765625
1768152617.3967621,27552153,30424618,9011,8400.09765625
1768152617.3968723,27561164,30424618,9011,8400.09765625
1768152617.396998,27570175,30424618,9011,8400.09765625
1768152617.397038,27574272,30424618,9011,7920.21484375
1768152617.3978047,27583283,30424618,9011,7920.21484375
1768152617.3979561,27592294,30424618,9011,7920.21484375
1768152617.3980627,27601305,30424618,9011,7920.21484375
1768152617.3980997,27607040,30424618,9011,8000.0
1768152617.3996668,27616051,30424618,9011,7701.747790116633
1768152617.3998384,27625062,30424618,9011,7701.747790116633
1768152617.3999536,27634073,30424618,9011,7701.747790116633
1768152617.3999941,27639808,30424618,9011,7381.825915116633
1768152617.4019787,27648819,30424618,9011,6972.82626791845
1768152617.4022331,27657830,30424618,9011,7452.70908041845
1768152617.4023876,27666841,30424618,9011,7452.70908041845
1768152617.4024315,27672576,30424618,9011,7132.78720541845
1768152617.4039342,27681587,30424618,9011,6852.575323828232
1768152617.4039767,27688960,30424618,9011,7012.536261328232
1768152617.405983,27697971,30424618,9011,6878.657964033705
1768152617.406108,27706982,30424618,9011,6878.657964033705
1768152617.4061835,27715993,30424618,9011,6878.657964033705
1768152617.4062192,27721728,30424618,9011,6878.657964033705
1768152617.4079452,27730739,30424618,9011,6929.73483911887
1768152617.4079995,27738112,30424618,9011,6769.77390161887
1768152617.4086766,27747123,30424618,9011,6769.77390161887
1768152617.4087138,27754496,30424618,9011,6929.73483911887
1768152617.410675,27763507,30424618,9011,6787.93160840867
1768152617.4107223,27770880,30424618,9011,6787.93160840867
1768152617.411395,27779891,30424618,9011,7220.062115586565
1768152617.411435,27787264,30424618,9011,7060.101178086565
1768152617.4128256,27796275,30424618,9011,6832.973689772848
1768152617.412878,27803648,30424618,9011,6992.934627272848
1768152617.4134953,27812659,30424618,9011,7350.857399385866
1768152617.4135313,27820032,30424618,9011,7350.857399385866
1768152617.414795,27829043,30424618,9011,7193.712892586588
1768152617.4148552,27836416,30424618,9011,7193.712892586588
1768152617.4172735,27845427,30424618,9011,7106.593530417743
1768152617.417327,27852800,30424618,9011,7106.593530417743
1768152617.4238586,27861811,30424618,9011,6362.536277736535
1768152617.424007,27870822,30424618,9011,6522.497215236535
1768152617.4240732,27879833,30424618,9011,6749.624703550253
1768152617.4241104,27885568,30424618,9011,6589.663766050253
1768152617.426992,27894579,30424618,9011,6019.361110389914
1768152617.427032,27901952,30424618,9011,6019.361110389914
1768152617.4291153,27910963,30424618,9011,5726.560053622978
1768152617.4291928,27919974,30424618,9011,5886.520991122978
1768152617.4292564,27928985,30424618,9011,6395.655465592237
1768152617.4292881,27934720,30424618,9011,6235.694528092237
1768152617.4313784,27943731,30424618,9011,6529.554180192069
1768152617.4314485,27952742,30424618,9011,6529.554180192069
1768152617.4315047,27961753,30424618,9011,6529.554180192069
1768152617.4315357,27967488,30424618,9011,6529.554180192069
1768152617.4331996,27976499,30424618,9011,6761.502830376514
1768152617.4332798,27985510,30424618,9011,6921.463767876514
1768152617.4333434,27994521,30424618,9011,7371.40933144273
1768152617.4333923,28000256,30424618,9011,7051.48745644273
1768152617.4351614,28009267,30424618,9011,6680.4898460299155
1768152617.4352398,28018278,30424618,9011,7000.4117210299155
1768152617.4353044,28027289,30424618,9011,7450.609321611291
1768152617.4353395,28033024,30424618,9011,7130.687446611291
1768152617.4372509,28042035,30424618,9011,6721.234493872291
1768152617.437299,28049408,30424618,9011,6881.195431372291
1768152617.4382987,28058419,30424618,9011,7219.549436848184
1768152617.4383514,28065792,30424618,9011,7059.588499348184
1768152617.440561,28074803,30424618,9011,6587.21396825945
1768152617.4406683,28083814,30424618,9011,6907.13584325945
1768152617.4407501,28092825,30424618,9011,7278.133453672264
1768152617.4407928,28098560,30424618,9011,6958.211578672264
1768152617.4416807,28107571,30424618,9011,6958.211578672264
1768152617.4417326,28114944,30424618,9011,7118.172516172264
1768152617.4426904,28123955,30424618,9011,7527.625468911266
1768152617.4427342,28131328,30424618,9011,7527.625468911266
1768152617.4438944,28140339,30424618,9011,7440.063282346984
1768152617.4439974,28147712,30424618,9011,7440.063282346984
1768152617.4463396,28156723,30424618,9011,7416.058245600243
1768152617.446399,28164096,30424618,9011,7256.097308100243
1768152617.447114,28173107,30424618,9011,7256.097308100243
1768152617.4471548,28180480,30424618,9011,7416.058245600243
1768152617.4477732,28189491,30424618,9011,7416.058245600243
1768152617.4478137,28196864,30424618,9011,7416.058245600243
1768152617.4501433,28205875,30424618,9011,6923.001436735479
1768152617.450216,28213248,30424618,9011,6923.001436735479
1768152617.4515464,28222259,30424618,9011,6817.316792473209
1768152617.451605,28229632,30424618,9011,6817.316792473209
1768152617.4534736,28238643,30424618,9011,6917.700280868094
1768152617.4535341,28246016,30424618,9011,6917.700280868094
1768152617.4545214,28255027,30424618,9011,6917.700280868094
1768152617.45458,28262400,30424618,9011,6917.700280868094
1768152617.455177,28271411,30424618,9011,6917.700280868094
1768152617.4552143,28278784,30424618,9011,6917.700280868094
1768152617.4565952,28287795,30424618,9011,7185.183216079824
1768152617.4566505,28295168,30424618,9011,7185.183216079824
1768152617.4593854,28304179,30424618,9011,6825.1183959207165
1768152617.459429,28311552,30424618,9011,6825.1183959207165
1768152617.4605258,28320563,30424618,9011,7174.685644178004
1768152617.4605708,28327936,30424618,9011,7174.685644178004
1768152617.4612584,28336947,30424618,9011,7174.685644178004
1768152617.4613,28344320,30424618,9011,7174.685644178004
1768152617.463235,28353331,30424618,9011,6763.32825767507
1768152617.4632943,28360704,30424618,9011,6763.32825767507
1768152617.464715,28369715,30424618,9011,6747.097295517231
1768152617.4647593,28377088,30424618,9011,6747.097295517231
1768152617.4662454,28386099,30424618,9011,7024.852169449875
1768152617.4662828,28393472,30424618,9011,7024.852169449875
1768152617.4674892,28402483,30424618,9011,6943.484915770557
1768152617.467528,28409856,30424618,9011,6943.484915770557
1768152617.4701784,28418867,30424618,9011,6401.308843756817
1768152617.4702234,28426240,30424618,9011,6401.308843756817
1768152617.4745903,28435251,30424618,9011,6136.304818011466
1768152617.474976,28444262,30424618,9011,6296.265755511466
1768152617.475069,28453273,30424618,9011,6538.070591322341
1768152617.4751074,28459008,30424618,9011,6378.109653822341
1768152617.47672,28468019,30424618,9011,6334.040280767358
1768152617.476818,28477030,30424618,9011,6494.001218267358
1768152617.476889,28486041,30424618,9011,6621.79730312998
1768152617.4769557,28491776,30424618,9011,6461.836365629979
1768152617.478176,28500787,30424618,9011,6881.786692601527
1768152617.478254,28508160,30424618,9011,6881.786692601527
1768152617.480314,28517171,30424618,9011,7115.142749350103
1768152617.4804215,28526182,30424618,9011,7115.142749350103
1768152617.4804869,28535193,30424618,9011,7115.142749350103
1768152617.48052,28540928,30424618,9011,7115.142749350103
1768152617.4813483,28549939,30424618,9011,7434.768899458101
1768152617.4814103,28557312,30424618,9011,7274.807961958101
1768152617.482142,28566323,30424618,9011,7274.807961958101
1768152617.4821815,28573696,30424618,9011,7434.768899458101
1768152617.4851615,28582707,30424618,9011,6977.287321103559
1768152617.4852166,28590080,30424618,9011,6977.287321103559
1768152617.4862163,28599091,30424618,9011,7420.292676603266
1768152617.486265,28606464,30424618,9011,7260.331739103266
1768152617.497337,28615475,30424618,9011,6460.131187535123
1768152617.4974115,28624486,30424618,9011,6780.053062535124
1768152617.4974701,28633497,30424618,9011,6780.053062535124
1768152617.4975019,28639232,30424618,9011,6620.092125035124
1768152617.500133,28648243,30424618,9011,6079.243951559392
1768152617.5002058,28657254,30424618,9011,6239.204889059392
1768152617.5002635,28666265,30424618,9011,6818.912212456125
1768152617.500294,28672000,30424618,9011,6658.951274956125
1768152617.5040233,28681011,30424618,9011,6017.739078367111
1768152617.5041132,28690022,30424618,9011,6177.700015867111
1768152617.5041819,28699033,30424618,9011,6977.900567435254
1768152617.504218,28704768,30424618,9011,6657.978692435254
1768152617.5087543,28713779,30424618,9011,5974.067941755819
1768152617.5088248,28722790,30424618,9011,6293.989816755819
1768152617.5088809,28731801,30424618,9011,6834.837990231552
1768152617.5089107,28737536,30424618,9011,6514.916115231552
1768152617.5142593,28746547,30424618,9011,5800.607097628934
1768152617.5143385,28755558,30424618,9011,6120.528972628934
1768152617.514396,28764569,30424618,9011,6761.741169217948
1768152617.514425,28770304,30424618,9011,6441.819294217948
1768152617.5191183,28779315,30424618,9011,5750.886798016059
1768152617.519266,28788326,30424618,9011,6070.808673016059
1768152617.5193424,28797337,30424618,9011,6754.719423695494
1768152617.5193753,28803072,30424618,9011,6434.797548695494
1768152617.520873,28812083,30424618,9011,6156.677708080211
1768152617.52101,28821094,30424618,9011,6476.599583080211
1768152617.521081,28830105,30424618,9011,7190.908600682829
1768152617.521143,28835840,30424618,9011,6870.986725682829
1768152617.524309,28844851,30424618,9011,6273.867208354675
1768152617.524418,28853862,30424618,9011,6593.789083354675
1768152617.5245628,28862873,30424618,9011,7284.721579556564
1768152617.5246027,28868608,30424618,9011,6964.799704556564
1768152617.5295527,28877619,30424618,9011,6263.800742823117
1768152617.5295901,28884992,30424618,9011,6423.761680323117
1768152617.5316195,28894003,30424618,9011,6262.353770156122
1768152617.5316875,28903014,30424618,9011,6262.353770156122
1768152617.5317447,28912025,30424618,9011,6262.353770156122
1768152617.531774,28917760,30424618,9011,6262.353770156122
1768152617.5336077,28926771,30424618,9011,6469.405132548825
1768152617.5336862,28935782,30424618,9011,6469.405132548825
1768152617.5340462,28944793,30424618,9011,6469.405132548825
1768152617.5340877,28950528,30424618,9011,6469.405132548825
1768152617.5378735,28959539,30424618,9011,6525.304305461139
1768152617.537918,28966912,30424618,9011,6525.304305461139
1768152617.5399168,28975923,30424618,9011,6533.844090368606
1768152617.5400207,28984934,30424618,9011,6533.844090368606
1768152617.5400832,28993945,30424618,9011,6533.844090368606
1768152617.5401137,28999680,30424618,9011,6533.844090368606
1768152617.5412917,29008691,30424618,9011,6809.06563329914
1768152617.5413527,29017702,30424618,9011,6809.06563329914
1768152617.541409,29026713,30424618,9011,6809.06563329914
1768152617.541436,29032448,30424618,9011,6809.06563329914
1768152617.5435715,29041459,30424618,9011,6991.355935700575
1768152617.5436778,29050470,30424618,9011,7151.316873200575
1768152617.5437965,29059481,30424618,9011,7582.304839075386
1768152617.5438275,29065216,30424618,9011,7262.382964075386
1768152617.5458913,29074227,30424618,9011,6814.761588561401
1768152617.545966,29083238,30424618,9011,7134.683463561401
1768152617.5460575,29092249,30424618,9011,7249.530075566317
1768152617.5460882,29097984,30424618,9011,6929.608200566317
1768152617.548575,29106995,30424618,9011,6408.539770713224
1768152617.5487003,29116006,30424618,9011,6728.461645713224
1768152617.548817,29125017,30424618,9011,7191.271132132922
1768152617.5488498,29130752,30424618,9011,6871.349257132922
1768152617.5505908,29139763,30424618,9011,6507.849820216955
1768152617.5506334,29147136,30424618,9011,6667.810757716955
1768152617.5529094,29156147,30424618,9011,6627.73966186035
1768152617.5531921,29165158,30424618,9011,6627.73966186035
1768152617.5533154,29174169,30424618,9011,6627.73966186035
1768152617.553349,29179904,30424618,9011,6627.73966186035
1768152617.55391,29188915,30424618,9011,7148.808091713441
1768152617.5539498,29196288,30424618,9011,6988.847154213441
1768152617.557019,29205299,30424618,9011,6402.536134188989
1768152617.5570774,29212672,30424618,9011,6562.497071688989
1768152617.557557,29221683,30424618,9011,6925.996508604956
1768152617.5575924,29229056,30424618,9011,6925.996508604956
1768152617.5596726,29238067,30424618,9011,6965.431247138053
1768152617.5597212,29245440,30424618,9011,6805.470309638053
1768152617.5614579,29254451,30424618,9011,6440.912173512289
1768152617.5614922,29261824,30424618,9011,6600.87311101229
1768152617.5652657,29270835,30424618,9011,5956.338925469079
1768152617.565381,29279846,30424618,9011,6116.299862969079
1768152617.565539,29288857,30424618,9011,6702.610882993533
1768152617.565572,29294592,30424618,9011,6542.649945493533
1768152617.5660608,29303603,30424618,9011,6542.649945493533
1768152617.5660982,29310976,30424618,9011,6542.649945493533
1768152617.5702667,29319987,30424618,9011,6324.095602707837
1768152617.57035,29328998,30424618,9011,6484.056540207837
1768152617.5707102,29338009,30424618,9011,6848.614676333602
1768152617.5707514,29343744,30424618,9011,6688.653738833602
1768152617.573611,29352755,30424618,9011,6765.534161810645
1768152617.5740292,29361766,30424618,9011,6765.534161810645
1768152617.5741062,29370777,30424618,9011,6765.534161810645
1768152617.5741403,29376512,30424618,9011,6765.534161810645
1768152617.57794,29385523,30424618,9011,6119.0631605528615
1768152617.5779986,29394534,30424618,9011,6279.0240980528615
1768152617.5780501,29403545,30424618,9011,6945.836173676049
1768152617.578077,29409280,30424618,9011,6625.914298676049
1768152617.5794342,29418291,30424618,9011,6411.526832995942
1768152617.5794785,29425664,30424618,9011,6571.487770495941
1768152617.5820365,29434675,30424618,9011,6609.0678158084165
1768152617.5821533,29443686,30424618,9011,6609.0678158084165
1768152617.5822556,29452697,30424618,9011,6609.0678158084165
1768152617.5822926,29458432,30424618,9011,6609.0678158084165
1768152617.5857375,29467443,30424618,9011,6633.912617181081
1768152617.585854,29476454,30424618,9011,6633.912617181081
1768152617.5859566,29485465,30424618,9011,6633.912617181081
1768152617.58599,29491200,30424618,9011,6633.912617181081
1768152617.5877414,29500211,30424618,9011,6483.802262616585
1768152617.5878584,29509222,30424618,9011,6643.763200116586
1768152617.5879593,29518233,30424618,9011,7173.836917370276
1768152617.587995,29523968,30424618,9011,6853.915042370276
1768152617.5900626,29532979,30424618,9011,6409.20212377727
1768152617.5901592,29541990,30424618,9011,6729.12399877727
1768152617.5902758,29551001,30424618,9011,7350.750198662388
1768152617.5903108,29556736,30424618,9011,7030.828323662388
1768152617.592,29565747,30424618,9011,6683.201431045966
1768152617.5921404,29574758,30424618,9011,7003.123306045966
1768152617.5922465,29583769,30424618,9011,7367.621126290571
1768152617.5922816,29589504,30424618,9011,7047.699251290571
1768152617.5941794,29598515,30424618,9011,6640.19149315291
1768152617.5943124,29607526,30424618,9011,6960.11336815291
1768152617.594389,29616537,30424618,9011,7404.826286745917
1768152617.5944207,29622272,30424618,9011,7084.904411745917
1768152617.5962992,29631283,30424618,9011,6683.72061371686
1768152617.5963466,29638656,30424618,9011,6843.68155121686
1768152617.59819,29647667,30424618,9011,6798.689836243166
1768152617.5982656,29656678,30424618,9011,6798.689836243166
1768152617.5983813,29665689,30424618,9011,6798.689836243166
1768152617.5984151,29671424,30424618,9011,6798.689836243166
1768152617.6002026,29680435,30424618,9011,6829.1780556226095
1768152617.6002715,29689446,30424618,9011,6829.1780556226095
1768152617.600327,29698457,30424618,9011,6829.1780556226095
1768152617.6003573,29704192,30424618,9011,6829.1780556226095
1768152617.6024156,29713203,30424618,9011,6787.465046360124
1768152617.6024985,29722214,30424618,9011,6947.425983860124
1768152617.6029613,29731225,30424618,9011,7340.044591450242
1768152617.603009,29736960,30424618,9011,7020.122716450242
1768152617.6044362,29745971,30424618,9011,6772.857623497102
1768152617.6045094,29754982,30424618,9011,7092.779498497102
1768152617.6045692,29763993,30424618,9011,7469.79903725532
1768152617.6046014,29769728,30424618,9011,7149.87716225532
1768152617.6064925,29778739,30424618,9011,6744.407646703656
1768152617.606541,29786112,30424618,9011,6904.368584203656
1768152617.6089458,29795123,30424618,9011,6865.12410343058
1768152617.6099763,29804134,30424618,9011,6865.12410343058
1768152617.6101167,29813145,30424618,9011,6865.12410343058
1768152617.610159,29818880,30424618,9011,6865.12410343058
1768152617.611202,29827891,30424618,9011,7110.983526551112
1768152617.611285,29836902,30424618,9011,7110.983526551112
1768152617.6113505,29845913,30424618,9011,7110.983526551112
1768152617.6113868,29851648,30424618,9011,7110.983526551112
1768152617.6131964,29860659,30424618,9011,7136.347896318682
1768152617.6135242,29869670,30424618,9011,7296.308833818682
1768152617.6136577,29878681,30424618,9011,7778.4501218833
1768152617.613702,29884416,30424618,9011,7458.5282468833
1768152617.6150959,29893427,30424618,9011,7228.075695364656
1768152617.6151762,29902438,30424618,9011,7547.997570364656
1768152617.6152375,29911449,30424618,9011,7549.403240197263
1768152617.615271,29917184,30424618,9011,7229.481365197263
1768152617.6173189,29926195,30424618,9011,6788.985724128981
1768152617.617369,29933568,30424618,9011,6948.946661628981
1768152617.6193874,29942579,30424618,9011,6896.10226443594
1768152617.619781,29951590,30424618,9011,6896.10226443594
1768152617.619895,29960601,30424618,9011,6896.10226443594
1768152617.619937,29966336,30424618,9011,6896.10226443594
1768152617.6206446,29975347,30424618,9011,7126.554815954584
1768152617.620687,29982720,30424618,9011,6966.593878454584
1768152617.6225815,29991731,30424618,9011,6562.690243107239
1768152617.6226761,30000742,30424618,9011,6882.612118107239
1768152617.6228123,30009753,30424618,9011,7323.107759175521
1768152617.6228528,30015488,30424618,9011,7163.146821675521
1768152617.6249044,30024499,30424618,9011,7156.943739939935
1768152617.625022,30033510,30424618,9011,7156.943739939935
1768152617.6250982,30042521,30424618,9011,7156.943739939935
1768152617.625141,30048256,30424618,9011,7156.943739939935
1768152617.6265378,30057267,30424618,9011,6925.19935553243
1768152617.6266243,30066278,30424618,9011,7085.16029303243
1768152617.6266973,30075289,30424618,9011,7489.063928379775
1768152617.6267343,30081024,30424618,9011,7169.142053379775
1768152617.6307037,30090035,30424618,9011,6512.91008126513
1768152617.6307502,30097408,30424618,9011,6672.87101876513
1768152617.6333919,30106419,30424618,9011,6570.484198340984
1768152617.6334686,30115430,30424618,9011,6570.484198340984
1768152617.6338198,30124441,30424618,9011,6570.484198340984
1768152617.6338592,30130176,30424618,9011,6570.484198340984
1768152617.6359897,30139187,30424618,9011,6351.548760444852
1768152617.6362345,30148198,30424618,9011,6351.548760444852
1768152617.6363037,30157209,30424618,9011,6351.548760444852
1768152617.6363387,30162944,30424618,9011,6351.548760444852
1768152617.638879,30171955,30424618,9011,6479.933313472675
1768152617.6389866,30180966,30424618,9011,6639.894250972675
1768152617.6390457,30189977,30424618,9011,7181.433696109541
1768152617.6390865,30195712,30424618,9011,6861.511821109541
1768152617.6397405,30204723,30424618,9011,6861.511821109541
1768152617.63982,30213734,30424618,9011,7181.433696109541
1768152617.6398828,30222745,30424618,9011,7632.113518413178
1768152617.6399143,30228480,30424618,9011,7312.191643413178
1768152617.641777,30237491,30424618,9011,6914.101785242749
1768152617.6418226,30244864,30424618,9011,7074.062722742749
1768152617.6435406,30253875,30424618,9011,7245.60289025345
1768152617.6436145,30262886,30424618,9011,7245.60289025345
1768152617.643675,30271897,30424618,9011,7245.60289025345
1768152617.643707,30277632,30424618,9011,7245.60289025345
1768152617.645872,30286643,30424618,9011,6778.836406648907
1768152617.645953,30295654,30424618,9011,6778.836406648907
1768152617.6460133,30304665,30424618,9011,6778.836406648907
1768152617.6460445,30310400,30424618,9011,6778.836406648907
1768152617.6475863,30319411,30424618,9011,6879.868791737538
1768152617.6476586,30328422,30424618,9011,7039.829729237538
1768152617.647718,30337433,30424618,9011,7396.136980813659
1768152617.64775,30343168,30424618,9011,7076.215105813659
1768152617.6496558,30352179,30424618,9011,6665.057453622147
1768152617.6497254,30361190,30424618,9011,6984.979328622147
1768152617.649784,30370201,30424618,9011,7451.745812226689
1768152617.649818,30375936,30424618,9011,7131.823937226689
1768152617.6516438,30384947,30424618,9011,6741.837589616555
1768152617.6516845,30392320,30424618,9011,6901.798527116555
1768152617.65319,30401331,30424618,9011,6916.525930394574
1768152617.6532292,30408704,30424618,9011,6756.564992894574
1768152617.653803,30417715,30424618,9011,6756.564992894574
1768152617.653839,30424618,30424618,9011,6870.627492894574
