time,downloaded,total,chunk_size,speed_kbps
1768152607.2266438,1801,30424618,8192,1758.7890625
1768152607.2289581,9993,30424618,8192,3485.079654658028
1768152607.2290251,18185,30424618,8192,8000.0
1768152607.229396,26377,30424618,8192,8000.0
1768152607.2294528,34569,30424618,8192,8000.0
1768152607.2294877,42761,30424618,8192,8000.0
1768152607.2295756,50953,30424618,8192,8000.0
1768152607.229611,58901,30424618,8192,7761.71875
1768152607.4121764,67093,30424618,8192,43.82293779054743
1768152607.4122257,75285,30424618,8192,8000.0
1768152607.412247,80046,30424618,8192,4649.4140625
1768152607.4126112,88238,30424618,8192,8000.0
1768152607.4126298,88504,30424618,8192,259.765625
1768152607.412969,92733,30424618,8192,4129.8828125
1768152607.4139578,96962,30424618,8192,4129.8828125
1768152607.4144647,101191,30424618,8192,4129.8828125
1768152607.4158585,105420,30424618,8192,2986.6093091859343
1768152607.4167757,109649,30424618,8192,4129.8828125
1768152607.4175107,113878,30424618,8192,4129.8828125
1768152607.4182696,118107,30424618,8192,4129.8828125
1768152607.4200456,126299,30424618,8192,4528.472906912946
1768152607.4200635,126565,30424618,8192,259.765625
1768152607.4202604,130794,30424618,8192,4129.8828125
1768152607.4214442,135023,30424618,8192,3528.0056391725184
1768152607.4230068,143215,30424618,8192,5164.9556545496225
1768152607.4230278,143481,30424618,8192,259.765625
1768152607.4235973,147710,30424618,8192,4129.8828125
1768152607.424384,151939,30424618,8192,4129.8828125
1768152607.426583,160131,30424618,8192,3659.819758682259
1768152607.4266045,160397,30424618,8192,259.765625
1768152607.4268458,163840,30424618,8192,3362.3046875
1768152607.4276285,168069,30424618,8192,4129.8828125
1768152607.4281974,172298,30424618,8192,4129.8828125
1768152607.428896,176527,30424618,8192,4129.8828125
1768152607.429752,180756,30424618,8192,4129.8828125
1768152607.4309926,184985,30424618,8192,3358.1742079773176
1768152607.4323459,189214,30424618,8192,3075.5755685260406
1768152607.6076326,197406,30424618,8192,45.770675177029226
1768152607.6081362,197672,30424618,8192,259.765625
1768152607.6090071,205864,30424618,8192,8000.0
1768152607.609035,210359,30424618,8192,4389.6484375
1768152607.6093574,214588,30424618,8192,4129.8828125
1768152607.6106908,218817,30424618,8192,3135.3497994018735
1768152607.6111884,223046,30424618,8192,4129.8828125
1768152607.6137938,231238,30424618,8192,3090.115724455988
1768152607.6138577,239430,30424618,8192,8000.0
1768152607.6167738,247622,30424618,8192,2753.8726322606294
1768152607.6168284,255814,30424618,8192,8000.0
1768152607.6207268,264006,30424618,8192,2061.1119776591995
1768152607.6214936,272198,30424618,8192,8000.0
1768152607.6236749,280390,30424618,8192,3707.136007181282
1768152607.6238954,288582,30424618,8192,8000.0
1768152607.6247985,294912,30424618,8192,6181.640625
1768152607.6275659,303104,30424618,8192,2910.7844850955858
1768152607.627629,311296,30424618,8192,8000.0
1768152607.7980306,319488,30424618,8192,46.952049025363486
1768152607.798083,327680,30424618,8192,8000.0
1768152607.799748,335872,30424618,8192,4835.297258776497
1768152607.7997937,344064,30424618,8192,8000.0
1768152607.8042026,352256,30424618,8192,1818.843230612021
1768152607.8042524,360448,30424618,8192,8000.0
1768152607.8061774,368640,30424618,8192,4179.72801490116
1768152607.8062265,376832,30424618,8192,8000.0
1768152607.8096042,385024,30424618,8192,2378.121281509828
1768152607.8096561,393216,30424618,8192,8000.0
1768152607.813234,401408,30424618,8192,2245.5509270451153
1768152607.8132856,409600,30424618,8192,8000.0
1768152607.8172317,417792,30424618,8192,2033.6053094784959
1768152607.817281,425984,30424618,8192,8000.0
1768152607.819375,434176,30424618,8192,3840.9832419621002
1768152607.819426,442368,30424618,8192,8000.0
1768152607.8229592,450560,30424618,8192,2290.622653310555
1768152607.823012,458752,30424618,8192,8000.0
1768152607.8249884,466944,30424618,8192,4071.4541337601363
1768152607.8250442,475136,30424618,8192,8000.0
1768152607.8285654,483328,30424618,8192,2281.347107746401
1768152607.8286319,491520,30424618,8192,8000.0
1768152607.8311877,499712,30424618,8192,3150.2265519728535
1768152607.8312354,507904,30424618,8192,8000.0
1768152607.834673,516096,30424618,8192,2335.152879463873
1768152607.834719,524288,30424618,8192,8000.0
1768152607.8378139,532480,30424618,8192,2595.2961611984256
1768152607.8378723,540672,30424618,8192,8000.0
1768152607.8412638,548864,30424618,8192,2367.984928584656
1768152607.8413143,557056,30424618,8192,8000.0
1768152607.8482132,565248,30424618,8192,1161.9462534218665
1768152607.8482656,573440,30424618,8192,8000.0
1768152607.994636,581632,30424618,8192,54.663702053560534
1768152607.994724,589824,30424618,8192,8000.0
1768152607.998461,598016,30424618,8192,2152.4470563840805
1768152607.9985583,606208,30424618,8192,8000.0
1768152607.999507,614400,30424618,8192,8000.0
1768152607.999579,622592,30424618,8192,8000.0
1768152608.0041971,630784,30424618,8192,1740.4547093106983
1768152608.004269,638976,30424618,8192,8000.0
1768152608.006298,647168,30424618,8192,3969.8293408669774
1768152608.006362,655360,30424618,8192,8000.0
1768152608.0093448,663552,30424618,8192,2695.4177759135287
1768152608.0094056,671744,30424618,8192,8000.0
1768152608.0126824,679936,30424618,8192,2449.629527642811
1768152608.012735,688128,30424618,8192,8000.0
1768152608.0156984,696320,30424618,8192,2713.5200244060716
1768152608.015761,704512,30424618,8192,8000.0
1768152608.019521,712704,30424618,8192,2135.383364702453
1768152608.0195808,720896,30424618,8192,8000.0
1768152608.0224652,729088,30424618,8192,2785.903348849971
1768152608.022545,737280,30424618,8192,8000.0
1768152608.024837,745472,30424618,8192,3507.0802393610697
1768152608.024883,753664,30424618,8192,8000.0
1768152608.0282958,761856,30424618,8192,2356.892355324395
1768152608.028363,770048,30424618,8192,8000.0
1768152608.0313544,778240,30424618,8192,2683.4832665268996
1768152608.0314014,786432,30424618,8192,8000.0
1768152608.0385005,794624,30424618,8192,1129.8796842600182
1768152608.038566,802816,30424618,8192,8000.0
1768152608.0386167,811008,30424618,8192,8000.0
1768152608.0386643,819200,30424618,8192,8000.0
1768152608.0437286,827392,30424618,8192,1584.5977022604948
1768152608.0437884,835584,30424618,8192,8000.0
1768152608.0612357,843776,30424618,8192,458.8576727109161
1768152608.061291,851968,30424618,8192,8000.0
1768152608.1208677,860160,30424618,8192,134.32104029357362
1768152608.120946,868352,30424618,8192,8000.0
1768152608.1209903,876544,30424618,8192,8000.0
1768152608.1210353,884736,30424618,8192,8000.0
1768152608.1229768,892928,30424618,8192,4150.884391311539
1768152608.1230385,901120,30424618,8192,8000.0
1768152608.1252449,909312,30424618,8192,3647.4717571436213
1768152608.1253104,917504,30424618,8192,8000.0
1768152608.1254184,925696,30424618,8192,8000.0
1768152608.1254692,933888,30424618,8192,8000.0
1768152608.1273277,942080,30424618,8192,4335.103308090038
1768152608.127389,950272,30424618,8192,8000.0
1768152608.1274374,958464,30424618,8192,8000.0
1768152608.1274843,966656,30424618,8192,8000.0
1768152608.1292698,974848,30424618,8192,4515.182333150193
1768152608.1293323,983040,30424618,8192,8000.0
1768152608.1300864,991232,30424618,8192,8000.0
1768152608.1302042,999424,30424618,8192,8000.0
1768152608.1311736,1007616,30424618,8192,8000.0
1768152608.1312318,1015808,30424618,8192,8000.0
1768152608.1312768,1024000,30424618,8192,8000.0
1768152608.1313212,1032192,30424618,8192,8000.0
1768152608.3312483,1040384,30424618,8192,40.017687822258395
1768152608.3313117,1048576,30424618,8192,8000.0
1768152608.334945,1056768,30424618,8192,2211.594311473505
1768152608.3350296,1064960,30424618,8192,8000.0
1768152608.3819945,1073152,30424618,8192,170.39984373878116
1768152608.38206,1081344,30424618,8192,8000.0
1768152608.382106,1089536,30424618,8192,8000.0
1768152608.382144,1097728,30424618,8192,8000.0
1768152608.3821814,1105920,30424618,8192,8000.0
1768152608.3822155,1114112,30424618,8192,8000.0
1768152608.382824,1122304,30424618,8192,8000.0
1768152608.3829308,1130496,30424618,8192,8000.0
1768152608.3829794,1138688,30424618,8192,8000.0
1768152608.3830183,1146880,30424618,8192,8000.0
1768152608.383056,1155072,30424618,8192,8000.0
1768152608.3830955,1163264,30424618,8192,8000.0
1768152608.3831341,1171456,30424618,8192,8000.0
1768152608.3831882,1179648,30424618,8192,8000.0
1768152608.3832266,1187840,30424618,8192,8000.0
1768152608.3832664,1196032,30424618,8192,8000.0
1768152608.38422,1204224,30424618,8192,8000.0
1768152608.384262,1212416,30424618,8192,8000.0
1768152608.3843014,1220608,30424618,8192,8000.0
1768152608.3843367,1228800,30424618,8192,8000.0
1768152608.384427,1236992,30424618,8192,8000.0
1768152608.384468,1245184,30424618,8192,8000.0
1768152608.3852088,1253376,30424618,8192,8000.0
1768152608.3853133,1261568,30424618,8192,8000.0
1768152608.3853626,1269760,30424618,8192,8000.0
1768152608.3854034,1277952,30424618,8192,8000.0
1768152608.385445,1286144,30424618,8192,8000.0
1768152608.3854825,1294336,30424618,8192,8000.0
1768152608.3855174,1302528,30424618,8192,8000.0
1768152608.385552,1310720,30424618,8192,8000.0
1768152608.385597,1318912,30424618,8192,8000.0
1768152608.3856354,1327104,30424618,8192,8000.0
1768152608.386539,1335296,30424618,8192,8000.0
1768152608.386582,1343488,30424618,8192,8000.0
1768152608.3866177,1351680,30424618,8192,8000.0
1768152608.3867261,1359872,30424618,8192,8000.0
1768152608.3867683,1368064,30424618,8192,8000.0
1768152608.386805,1376256,30424618,8192,8000.0
1768152608.3870468,1384448,30424618,8192,8000.0
1768152608.387236,1392640,30424618,8192,8000.0
1768152608.3872843,1400832,30424618,8192,8000.0
1768152608.3873239,1409024,30424618,8192,8000.0
1768152608.3873618,1417216,30424618,8192,8000.0
1768152608.387398,1425408,30424618,8192,8000.0
1768152608.3874357,1433600,30424618,8192,8000.0
1768152608.3874934,1441792,30424618,8192,8000.0
1768152608.387533,1449984,30424618,8192,8000.0
1768152608.387577,1458176,30424618,8192,8000.0
1768152608.388994,1466368,30424618,8192,5697.194204669115
1768152608.3890467,1474560,30424618,8192,8000.0
1768152608.3890862,1482752,30424618,8192,8000.0
1768152608.3891253,1490944,30424618,8192,8000.0
1768152608.389162,1499136,30424618,8192,8000.0
1768152608.3891973,1507328,30424618,8192,8000.0
1768152608.389239,1515520,30424618,8192,8000.0
1768152608.3892803,1523712,30424618,8192,8000.0
1768152608.3893151,1531904,30424618,8192,8000.0
1768152608.3893504,1540096,30424618,8192,8000.0
1768152608.3893845,1548288,30424618,8192,8000.0
1768152608.3894176,1556480,30424618,8192,8000.0
1768152608.3894522,1564672,30424618,8192,8000.0
1768152608.3894868,1572864,30424618,8192,8000.0
1768152608.3905497,1581056,30424618,8192,7631.4035910513785
1768152608.3906972,1589248,30424618,8192,8000.0
1768152608.3920584,1597440,30424618,8192,5936.47959380072
1768152608.3921165,1605632,30424618,8192,8000.0
1768152608.392162,1613824,30424618,8192,8000.0
1768152608.3922029,1622016,30424618,8192,8000.0
1768152608.392248,1630208,30424618,8192,8000.0
1768152608.3922853,1638400,30424618,8192,8000.0
1768152608.3923242,1646592,30424618,8192,8000.0
1768152608.392366,1654784,30424618,8192,8000.0
1768152608.3924043,1662976,30424618,8192,8000.0
1768152608.3924422,1671168,30424618,8192,8000.0
1768152608.3924806,1679360,30424618,8192,8000.0
1768152608.3925214,1687552,30424618,8192,8000.0
1768152608.3925595,1695744,30424618,8192,8000.0
1768152608.392614,1703936,30424618,8192,8000.0
1768152608.3930483,1712128,30424618,8192,8000.0
1768152608.3932574,1720320,30424618,8192,8000.0
1768152608.3939283,1728512,30424618,8192,8000.0
1768152608.3939986,1736704,30424618,8192,8000.0
1768152608.4028714,1744896,30424618,8192,903.2199871592475
1768152608.4029293,1753088,30424618,8192,8000.0
1768152608.4054422,1761280,30424618,8192,3201.024407158499
1768152608.40551,1769472,30424618,8192,8000.0
1768152608.4082212,1777664,30424618,8192,2970.2234875063373
1768152608.4082754,1785856,30424618,8192,8000.0
1768152608.413767,1794048,30424618,8192,1460.307050510476
1768152608.4138227,1802240,30424618,8192,8000.0
1768152608.4138634,1810432,30424618,8192,8000.0
1768152608.413905,1818624,30424618,8192,8000.0
1768152608.4148602,1826816,30424618,8192,8000.0
1768152608.4149125,1835008,30424618,8192,8000.0
1768152608.4160042,1843200,30424618,8192,7401.239947182833
1768152608.4160588,1851392,30424618,8192,8000.0
1768152608.4191394,1859584,30424618,8192,2606.8820973209
1768152608.4191942,1867776,30424618,8192,8000.0
1768152608.4217587,1875968,30424618,8192,3135.2875346095584
1768152608.4218388,1884160,30424618,8192,8000.0
1768152608.424125,1892352,30424618,8192,3522.5222074367202
1768152608.4241881,1900544,30424618,8192,8000.0
1768152608.4457762,1908736,30424618,8192,370.90956145633936
1768152608.4459016,1916928,30424618,8192,8000.0
1768152608.4532344,1925120,30424618,8192,1093.329331471435
1768152608.453295,1933312,30424618,8192,8000.0
1768152608.4555826,1941504,30424618,8192,3518.184665144293
1768152608.4556377,1949696,30424618,8192,8000.0
1768152608.465274,1957888,30424618,8192,831.2811235135414
1768152608.4653254,1966080,30424618,8192,8000.0
1768152608.4653616,1974272,30424618,8192,8000.0
1768152608.4653988,1982464,30424618,8192,8000.0
1768152608.466929,1990656,30424618,8192,5275.304901127198
1768152608.4669862,1998848,30424618,8192,8000.0
1768152608.4670255,2007040,30424618,8192,8000.0
1768152608.4670665,2015232,30424618,8192,8000.0
1768152608.474958,2023424,30424618,8192,1015.8214018643125
1768152608.4750197,2031616,30424618,8192,8000.0
1768152608.475672,2039808,30424618,8192,8000.0
1768152608.4758317,2048000,30424618,8192,8000.0
1768152608.4803107,2056192,30424618,8192,1792.5162486105414
1768152608.4803877,2064384,30424618,8192,8000.0
1768152608.4817562,2072576,30424618,8192,5938.682526780015
1768152608.4818127,2080768,30424618,8192,8000.0
1768152608.5262933,2088960,30424618,8192,179.91516981228344
1768152608.526359,2097152,30424618,8192,8000.0
1768152608.5285957,2105344,30424618,8192,3596.9604790903095
1768152608.5286646,2113536,30424618,8192,8000.0
1768152608.5756757,2121728,30424618,8192,170.24138072003566
1768152608.575745,2129920,30424618,8192,8000.0
1768152608.5774765,2138112,30424618,8192,4659.832153629163
1768152608.5775385,2146304,30424618,8192,8000.0
1768152608.5786412,2154496,30424618,8192,7343.492414623236
1768152608.5787048,2162688,30424618,8192,8000.0
1768152608.5809555,2170880,30424618,8192,3575.8983829343842
1768152608.5810175,2179072,30424618,8192,8000.0
1768152608.583269,2187264,30424618,8192,3575.7387368055174
1768152608.583335,2195456,30424618,8192,8000.0
1768152608.584793,2203648,30424618,8192,5534.800705869656
1768152608.5848556,2211840,30424618,8192,8000.0
1768152608.5866163,2220032,30424618,8192,4578.492138618502
1768152608.5866742,2228224,30424618,8192,8000.0
1768152608.5890827,2236416,30424618,8192,3346.440164833886
1768152608.589202,2244608,30424618,8192,8000.0
1768152608.5910003,2252800,30424618,8192,4478.531089010831
1768152608.5910583,2260992,30424618,8192,8000.0
1768152608.5922627,2269184,30424618,8192,6722.123637541742
1768152608.5923278,2277376,30424618,8192,8000.0
1768152608.5940993,2285568,30424618,8192,4551.402410619102
1768152608.5941625,2293760,30424618,8192,8000.0
1768152608.596114,2301952,30424618,8192,4128.606143595361
1768152608.5961776,2310144,30424618,8192,8000.0
1768152608.597586,2318336,30424618,8192,5731.891625052027
1768152608.5976517,2326528,30424618,8192,8000.0
1768152608.600231,2334720,30424618,8192,3118.057617533563
1768152608.6002872,2342912,30424618,8192,8000.0
1768152608.602467,2351104,30424618,8192,3686.806055464106
1768152608.602509,2359296,30424618,8192,8000.0
1768152608.6034532,2367488,30424618,8192,8000.0
1768152608.6036797,2375680,30424618,8192,8000.0
1768152608.6056044,2383872,30424618,8192,4195.950726267694
1768152608.6056967,2392064,30424618,8192,8000.0
1768152608.6071498,2400256,30424618,8192,5576.467382935491
1768152608.60721,2408448,30424618,8192,8000.0
1768152608.6094184,2416640,30424618,8192,3642.8216272871045
1768152608.6094737,2424832,30424618,8192,8000.0
1768152608.6119003,2433024,30424618,8192,3313.45263023699
1768152608.6119542,2441216,30424618,8192,8000.0
1768152608.612517,2449408,30424618,8192,8000.0
1768152608.6125696,2457600,30424618,8192,8000.0
1768152608.6236565,2465792,30424618,8192,722.7000069199684
1768152608.6237574,2473984,30424618,8192,8000.0
1768152608.6238074,2482176,30424618,8192,8000.0
1768152608.6238532,2490368,30424618,8192,8000.0
1768152608.6280677,2498560,30424618,8192,1905.1700681086852
1768152608.6281338,2506752,30424618,8192,8000.0
1768152608.628185,2514944,30424618,8192,8000.0
1768152608.6282327,2523136,30424618,8192,8000.0
1768152608.6301887,2531328,30424618,8192,4119.25234856717
1768152608.63025,2539520,30424618,8192,8000.0
1768152608.630295,2547712,30424618,8192,8000.0
1768152608.6303408,2555904,30424618,8192,8000.0
1768152608.6323934,2564096,30424618,8192,3918.3032532085913
1768152608.632705,2572288,30424618,8192,8000.0
1768152608.6327682,2580480,30424618,8192,8000.0
1768152608.6328166,2588672,30424618,8192,8000.0
1768152608.634397,2596864,30424618,8192,5099.764285200107
1768152608.6344535,2605056,30424618,8192,8000.0
1768152608.6367595,2613248,30424618,8192,3487.9665120180953
1768152608.6368122,2621440,30424618,8192,8000.0
1768152608.6368644,2629632,30424618,8192,8000.0
1768152608.6369069,2637824,30424618,8192,8000.0
1768152608.6385608,2646016,30424618,8192,4862.334924595027
1768152608.6386013,2654208,30424618,8192,8000.0
1768152608.6386333,2662400,30424618,8192,8000.0
1768152608.638667,2670592,30424618,8192,8000.0
1768152608.640934,2678784,30424618,8192,3543.4290308462178
1768152608.6409726,2686976,30424618,8192,8000.0
1768152608.641003,2695168,30424618,8192,8000.0
1768152608.6410358,2703360,30424618,8192,8000.0
1768152608.643094,2711552,30424618,8192,3909.8775875826077
1768152608.6431482,2719744,30424618,8192,8000.0
1768152608.6431885,2727936,30424618,8192,8000.0
1768152608.6432304,2736128,30424618,8192,8000.0
1768152608.645454,2744320,30424618,8192,3617.290524332149
1768152608.6455052,2752512,30424618,8192,8000.0
1768152608.6473072,2760704,30424618,8192,4486.317133592339
1768152608.6473851,2768896,30424618,8192,8000.0
1768152608.6474357,2777088,30424618,8192,8000.0
1768152608.6474843,2785280,30424618,8192,8000.0
1768152608.6490269,2793472,30424618,8192,5218.525659288128
1768152608.649068,2801664,30424618,8192,8000.0
1768152608.6497285,2809856,30424618,8192,8000.0
1768152608.6497784,2818048,30424618,8192,8000.0
1768152608.6516132,2826240,30424618,8192,4380.92096533997
1768152608.651655,2834432,30424618,8192,8000.0
1768152608.653881,2842624,30424618,8192,3606.365216741471
1768152608.653919,2850816,30424618,8192,8000.0
1768152608.6550322,2859008,30424618,8192,7249.659271437455
1768152608.655082,2867200,30424618,8192,8000.0
1768152608.6580317,2875392,30424618,8192,2723.1261320258636
1768152608.658091,2883584,30424618,8192,8000.0
1768152608.6593354,2891776,30424618,8192,6480.880947800219
1768152608.659526,2899968,30424618,8192,8000.0
1768152608.6616313,2908160,30424618,8192,3819.892091451314
1768152608.6617713,2916352,30424618,8192,8000.0
1768152608.6623366,2924544,30424618,8192,8000.0
1768152608.6623755,2932736,30424618,8192,8000.0
1768152608.6684544,2940928,30424618,8192,1318.391539637498
1768152608.6685069,2949120,30424618,8192,8000.0
1768152608.6685576,2957312,30424618,8192,8000.0
1768152608.6686008,2965504,30424618,8192,8000.0
1768152608.6702797,2973696,30424618,8192,4786.406830962214
1768152608.6703188,2981888,30424618,8192,8000.0
1768152608.6721666,2990080,30424618,8192,4353.741720795307
1768152608.6722238,2998272,30424618,8192,8000.0
1768152608.672264,3006464,30424618,8192,8000.0
1768152608.672309,3014656,30424618,8192,8000.0
1768152608.6740878,3022848,30424618,8192,4527.447777877188
1768152608.6741436,3031040,30424618,8192,8000.0
1768152608.67532,3039232,30424618,8192,6871.081917278423
1768152608.6754568,3047424,30424618,8192,8000.0
1768152608.6770742,3055616,30424618,8192,4991.576776149031
1768152608.6771257,3063808,30424618,8192,8000.0
1768152608.6788406,3072000,30424618,8192,4688.507102746632
1768152608.678888,3080192,30424618,8192,8000.0
1768152608.6803722,3088384,30424618,8192,5432.568109285889
1768152608.6804376,3096576,30424618,8192,8000.0
1768152608.681788,3104768,30424618,8192,5961.695703781281
1768152608.681829,3112960,30424618,8192,8000.0
1768152608.6843984,3121152,30424618,8192,3123.2917316675653
1768152608.6844392,3129344,30424618,8192,8000.0
1768152608.719712,3137536,30424618,8192,226.9136614350672
1768152608.7197843,3145728,30424618,8192,8000.0
1768152608.7661035,3153920,30424618,8192,172.8007330508335
1768152608.7661877,3162112,30424618,8192,8000.0
1768152608.7725189,3170304,30424618,8192,1267.3668897952655
1768152608.7725942,3178496,30424618,8192,8000.0
1768152608.7741928,3186688,30424618,8192,5050.505196650766
1768152608.774262,3194880,30424618,8192,8000.0
1768152608.776676,3203072,30424618,8192,3334.4446649740703
1768152608.7767372,3211264,30424618,8192,8000.0
1768152608.7832165,3219456,30424618,8192,1237.7386345837758
1768152608.7834797,3227648,30424618,8192,8000.0
1768152608.7836146,3235840,30424618,8192,8000.0
1768152608.7837589,3244032,30424618,8192,8000.0
1768152608.786706,3252224,30424618,8192,2727.2107595157245
1768152608.7867646,3260416,30424618,8192,8000.0
1768152608.7916572,3268608,30424618,8192,1639.5794421894489
1768152608.7917116,3276800,30424618,8192,8000.0
1768152608.791755,3284992,30424618,8192,8000.0
1768152608.791803,3293184,30424618,8192,8000.0
1768152608.793182,3301376,30424618,8192,5847.953476078267
1768152608.7932408,3309568,30424618,8192,8000.0
1768152608.7932892,3317760,30424618,8192,8000.0
1768152608.793335,3325952,30424618,8192,8000.0
1768152608.7950485,3334144,30424618,8192,4696.765613618099
1768152608.7951021,3342336,30424618,8192,8000.0
1768152608.7951598,3350528,30424618,8192,8000.0
1768152608.7952077,3358720,30424618,8192,8000.0
1768152608.7977157,3366912,30424618,8192,3200.896180247227
1768152608.7977557,3375104,30424618,8192,8000.0
1768152608.799737,3383296,30424618,8192,4056.383973902944
1768152608.799798,3391488,30424618,8192,8000.0
1768152608.8027985,3399680,30424618,8192,2675.3167964379086
1768152608.8028495,3407872,30424618,8192,8000.0
1768152608.8040085,3416064,30424618,8192,6965.001486459395
1768152608.8040721,3424256,30424618,8192,8000.0
1768152608.8051114,3432448,30424618,8192,7785.131094811655
1768152608.8052886,3440640,30424618,8192,8000.0
1768152608.806985,3448832,30424618,8192,4754.264289018299
1768152608.8070347,3457024,30424618,8192,8000.0
1768152608.8090005,3465216,30424618,8192,4090.397809453867
1768152608.809049,3473408,30424618,8192,8000.0
1768152608.811273,3481600,30424618,8192,3614.348818243049
1768152608.8113246,3489792,30424618,8192,8000.0
1768152608.8159266,3497984,30424618,8192,1742.8054262122469
1768152608.8159785,3506176,30424618,8192,8000.0
1768152608.8236072,3514368,30424618,8192,1050.406357440292
1768152608.823662,3522560,30424618,8192,8000.0
1768152608.8237035,3530752,30424618,8192,8000.0
1768152608.823746,3538944,30424618,8192,8000.0
1768152608.825001,3547136,30424618,8192,6425.703151947343
1768152608.8251858,3555328,30424618,8192,8000.0
1768152608.8261926,3563520,30424618,8192,8000.0
1768152608.8263795,3571712,30424618,8192,8000.0
1768152608.8310907,3579904,30424618,8192,1704.9935039054374
1768152608.8312154,3588096,30424618,8192,8000.0
1768152608.8327405,3596288,30424618,8192,5286.809827263406
1768152608.8327937,3604480,30424618,8192,8000.0
1768152608.8339694,3612672,30424618,8192,6951.081566586649
1768152608.8340242,3620864,30424618,8192,8000.0
1768152608.8362951,3629056,30424618,8192,3542.1738771140836
1768152608.83635,3637248,30424618,8192,8000.0
1768152608.8379018,3645440,30424618,8192,5183.025607901429
1768152608.837953,3653632,30424618,8192,8000.0
1768152608.8400083,3661824,30424618,8192,3913.1286086387186
1768152608.8400562,3670016,30424618,8192,8000.0
1768152608.840638,3678208,30424618,8192,8000.0
1768152608.8406823,3686400,30424618,8192,8000.0
1768152608.8425725,3694592,30424618,8192,4249.216512957056
1768152608.8426142,3702784,30424618,8192,8000.0
1768152608.8440597,3710976,30424618,8192,5573.748154857942
1768152608.8441048,3719168,30424618,8192,8000.0
1768152608.84555,3727360,30424618,8192,5567.928740340518
1768152608.845592,3735552,30424618,8192,8000.0
1768152608.848246,3743744,30424618,8192,3025.6041826214346
1768152608.8482978,3751936,30424618,8192,8000.0
1768152608.8509576,3760128,30424618,8192,3020.235677570334
1768152608.8510144,3768320,30424618,8192,8000.0
1768152608.8510556,3776512,30424618,8192,8000.0
1768152608.8511105,3784704,30424618,8192,8000.0
1768152608.8538241,3792896,30424618,8192,2957.5954847949943
1768152608.8538637,3801088,30424618,8192,8000.0
1768152608.8564055,3809280,30424618,8192,3162.9306826864126
1768152608.856462,3817472,30424618,8192,8000.0
1768152608.8574758,3825664,30424618,8192,7954.657727872235
1768152608.8575127,3833856,30424618,8192,8000.0
1768152608.8606298,3842048,30424618,8192,2573.8368219974536
1768152608.8606725,3850240,30424618,8192,8000.0
1768152608.8624752,3858432,30424618,8192,4458.314939789583
1768152608.8625176,3866624,30424618,8192,8000.0
1768152608.8638496,3874816,30424618,8192,6055.560075367271
1768152608.8640416,3883008,30424618,8192,8000.0
1768152608.8648489,3891200,30424618,8192,8000.0
1768152608.864962,3899392,30424618,8192,8000.0
1768152608.868048,3907584,30424618,8192,2601.2875235743477
1768152608.868106,3915776,30424618,8192,8000.0
1768152608.868618,3923968,30424618,8192,8000.0
1768152608.8686538,3932160,30424618,8192,8000.0
1768152608.8737366,3940352,30424618,8192,1576.6342478952276
1768152608.8737793,3948544,30424618,8192,8000.0
1768152608.873815,3956736,30424618,8192,8000.0
1768152608.8738487,3964928,30424618,8192,8000.0
1768152608.8813818,3973120,30424618,8192,1063.702467152209
1768152608.8814373,3981312,30424618,8192,8000.0
1768152608.8814747,3989504,30424618,8192,8000.0
1768152608.8815122,3997696,30424618,8192,8000.0
1768152608.8835983,4005888,30424618,8192,3852.6364711554634
1768152608.8836358,4014080,30424618,8192,8000.0
1768152608.8836646,4022272,30424618,8192,8000.0
1768152608.8836806,4024128,30424618,8192,1812.5
1768152608.885946,4032320,30424618,8192,3546.7282285382084
1768152608.8859975,4040512,30424618,8192,8000.0
1768152608.8860402,4048704,30424618,8192,8000.0
1768152608.8860834,4056896,30424618,8192,8000.0
1768152608.888132,4065088,30424618,8192,3926.187834324124
1768152608.888326,4073280,30424618,8192,8000.0
1768152608.8885117,4081472,30424618,8192,8000.0
1768152608.8898525,4089664,30424618,8192,6046.406411351282
1768152608.8904247,4097856,30424618,8192,8000.0
1768152608.8904798,4106048,30424618,8192,8000.0
1768152608.8925202,4114240,30424618,8192,3942.2461552194372
1768152608.8925722,4122432,30424618,8192,8000.0
1768152608.89263,4130624,30424618,8192,8000.0
1768152608.8926756,4138816,30424618,8192,8000.0
1768152608.8946753,4147008,30424618,8192,4017.2742198700385
1768152608.8947186,4155200,30424618,8192,8000.0
1768152608.89476,4163392,30424618,8192,8000.0
1768152608.894802,4171584,30424618,8192,8000.0
1768152608.8966794,4179776,30424618,8192,4290.234630922763
1768152608.8967338,4187968,30424618,8192,8000.0
1768152608.8971403,4196160,30424618,8192,8000.0
1768152608.8971941,4204352,30424618,8192,8000.0
1768152608.8989491,4212544,30424618,8192,4585.578322167356
1768152608.8989966,4220736,30424618,8192,8000.0
1768152608.8990343,4228928,30424618,8192,8000.0
1768152608.8990734,4237120,30424618,8192,8000.0
1768152608.9005141,4245312,30424618,8192,5583.083836914215
1768152608.9005492,4253504,30424618,8192,8000.0
1768152608.9028606,4261696,30424618,8192,3477.9583589256063
1768152608.9030902,4269888,30424618,8192,8000.0
1768152608.9033608,4278080,30424618,8192,8000.0
1768152608.90342,4286272,30424618,8192,8000.0
1768152608.9041548,4294464,30424618,8192,8000.0
1768152608.9042077,4302656,30424618,8192,8000.0
1768152608.905945,4310848,30424618,8192,4632.578623722678
1768152608.9059987,4319040,30424618,8192,8000.0
1768152608.9075565,4327232,30424618,8192,5171.298827343376
1768152608.9076083,4335424,30424618,8192,8000.0
1768152608.9086738,4343616,30424618,8192,7584.375354389038
1768152608.9087238,4351808,30424618,8192,8000.0
1768152608.9100318,4360000,30424618,8192,6172.363368145656
1768152608.9100935,4368192,30424618,8192,8000.0
1768152608.911747,4376384,30424618,8192,4864.108757543425
1768152608.9117894,4384576,30424618,8192,8000.0
1768152608.9130538,4392768,30424618,8192,6383.147909400966
1768152608.913112,4400960,30424618,8192,8000.0
1768152608.9159417,4409152,30424618,8192,2835.7733358026867
1768152608.9159808,4417344,30424618,8192,8000.0
1768152608.9160256,4425536,30424618,8192,8000.0
1768152608.9160688,4433728,30424618,8192,8000.0
1768152608.9210255,4441920,30424618,8192,1618.7777752179913
1768152608.9210904,4450112,30424618,8192,8000.0
1768152608.92151,4458304,30424618,8192,8000.0
1768152608.9216807,4466496,30424618,8192,8000.0
1768152608.9226456,4474688,30424618,8192,8000.0
1768152608.9227083,4482880,30424618,8192,8000.0
1768152608.9274144,4491072,30424618,8192,1704.412297100969
1768152608.9274707,4499264,30424618,8192,8000.0
1768152608.9275112,4507456,30424618,8192,8000.0
1768152608.9275532,4515648,30424618,8192,8000.0
1768152608.9300208,4523840,30424618,8192,3253.487357652926
1768152608.930066,4532032,30424618,8192,8000.0
1768152608.9318948,4540224,30424618,8192,4392.94984583646
1768152608.9319372,4548416,30424618,8192,8000.0
1768152608.9319706,4556608,30424618,8192,8000.0
1768152608.932003,4564800,30424618,8192,8000.0
1768152608.9337907,4572992,30424618,8192,4496.150353668885
1768152608.933837,4581184,30424618,8192,8000.0
1768152608.933875,4589376,30424618,8192,8000.0
1768152608.9339182,4597568,30424618,8192,8000.0
1768152608.936636,4605760,30424618,8192,2956.0654751119932
1768152608.936696,4613952,30424618,8192,8000.0
1768152608.9367425,4622144,30424618,8192,8000.0
1768152608.9367862,4630336,30424618,8192,8000.0
1768152608.9379418,4638528,30424618,8192,6986.289478986785
1768152608.937995,4646720,30424618,8192,8000.0
1768152608.9412165,4654912,30424618,8192,2491.746091170464
1768152608.9415278,4663104,30424618,8192,8000.0
1768152608.94264,4671296,30424618,8192,7261.505668180901
1768152608.9426937,4679488,30424618,8192,8000.0
1768152608.9445217,4687680,30424618,8192,4403.104233650275
1768152608.944575,4695872,30424618,8192,8000.0
1768152608.9476864,4704064,30424618,8192,2579.480151815124
1768152608.947734,4712256,30424618,8192,8000.0
1768152608.947875,4720448,30424618,8192,8000.0
1768152608.9479249,4728640,30424618,8192,8000.0
1768152608.9521751,4736832,30424618,8192,1888.17295004596
1768152608.9522314,4745024,30424618,8192,8000.0
1768152608.952273,4753216,30424618,8192,8000.0
1768152608.9523172,4761408,30424618,8192,8000.0
1768152608.954004,4769600,30424618,8192,4779.543726481155
1768152608.954061,4777792,30424618,8192,8000.0
1768152608.9576595,4785984,30424618,8192,2232.0182709885694
1768152608.9577205,4794176,30424618,8192,8000.0
1768152608.9577649,4802368,30424618,8192,8000.0
1768152608.957808,4810560,30424618,8192,8000.0
1768152608.9585106,4818752,30424618,8192,8000.0
1768152608.9585674,4826944,30424618,8192,8000.0
1768152608.9627638,4835136,30424618,8192,1913.2347220000338
1768152608.9628289,4843328,30424618,8192,8000.0
1768152608.963082,4851520,30424618,8192,8000.0
1768152608.963784,4859712,30424618,8192,8000.0
1768152608.9669914,4867904,30424618,8192,2512.562974002161
1768152608.967058,4876096,30424618,8192,8000.0
1768152608.9671075,4884288,30424618,8192,8000.0
1768152608.967161,4892480,30424618,8192,8000.0
1768152608.967711,4900672,30424618,8192,8000.0
1768152608.9677792,4908864,30424618,8192,8000.0
1768152608.9707892,4917056,30424618,8192,2666.133412748917
1768152608.9708374,4925248,30424618,8192,8000.0
1768152608.9761581,4933440,30424618,8192,1506.9318457691754
1768152608.9762096,4941632,30424618,8192,8000.0
1768152608.976249,4949824,30424618,8192,8000.0
1768152608.9762912,4958016,30424618,8192,8000.0
1768152608.9783797,4966208,30424618,8192,3855.2361673275
1768152608.978447,4974400,30424618,8192,8000.0
1768152608.980803,4982592,30424618,8192,3417.9268412853294
1768152608.9808767,4990784,30424618,8192,8000.0
1768152608.9809217,4998976,30424618,8192,8000.0
1768152608.981137,5007168,30424618,8192,8000.0
1768152608.9826088,5015360,30424618,8192,5496.7710012726175
1768152608.9826598,5023552,30424618,8192,8000.0
1768152608.9827015,5031744,30424618,8192,8000.0
1768152608.982746,5039936,30424618,8192,8000.0
1768152608.9851649,5048128,30424618,8192,3325.020560705699
1768152608.985242,5056320,30424618,8192,8000.0
1768152608.9852912,5064512,30424618,8192,8000.0
1768152608.9853404,5072704,30424618,8192,8000.0
1768152608.9865618,5080896,30424618,8192,6611.57079264409
1768152608.98662,5089088,30424618,8192,8000.0
1768152608.9890525,5097280,30424618,8192,3306.1947811953064
1768152608.9891155,5105472,30424618,8192,8000.0
1768152608.9893594,5113664,30424618,8192,8000.0
1768152608.989596,5121856,30424618,8192,8000.0
1768152608.9908013,5130048,30424618,8192,6706.346517767464
1768152608.990855,5138240,30424618,8192,8000.0
1768152608.9908988,5146432,30424618,8192,8000.0
1768152608.990944,5154624,30424618,8192,8000.0
1768152608.993595,5162816,30424618,8192,3030.417862879427
1768152608.9936483,5171008,30424618,8192,8000.0
1768152608.9936907,5179200,30424618,8192,8000.0
1768152608.9937348,5187392,30424618,8192,8000.0
1768152608.9949353,5195584,30424618,8192,6721.559501317522
1768152608.99499,5203776,30424618,8192,8000.0
1768152608.9975715,5211968,30424618,8192,3116.9640944955318
1768152608.9976397,5220160,30424618,8192,8000.0
1768152608.9976866,5228352,30424618,8192,8000.0
1768152608.9977355,5236544,30424618,8192,8000.0
1768152608.9999628,5244736,30424618,8192,3612.2274164681817
1768152609.000037,5252928,30424618,8192,8000.0
1768152609.000581,5261120,30424618,8192,8000.0
1768152609.000638,5269312,30424618,8192,8000.0
1768152609.00068,5277504,30424618,8192,8000.0
1768152609.000722,5285696,30424618,8192,8000.0
1768152609.0027776,5293888,30424618,8192,3913.8943930757714
1768152609.0028362,5302080,30424618,8192,8000.0
1768152609.0041568,5310272,30424618,8192,6118.0791805842455
1768152609.004242,5318464,30424618,8192,8000.0
1768152609.0055683,5326656,30424618,8192,6074.411464955541
1768152609.0056129,5334848,30424618,8192,8000.0
1768152609.0069082,5343040,30424618,8192,6239.2763197867735
1768152609.0069735,5351232,30424618,8192,8000.0
1768152609.0115426,5359424,30424618,8192,1757.739605776316
1768152609.0116117,5367616,30424618,8192,8000.0
1768152609.011952,5375808,30424618,8192,8000.0
1768152609.0122974,5384000,30424618,8192,8000.0
1768152609.012822,5392192,30424618,8192,8000.0
1768152609.0128787,5400384,30424618,8192,8000.0
1768152609.0165842,5408576,30424618,8192,2167.19933762416
1768152609.0166469,5416768,30424618,8192,8000.0
1768152609.0167131,5424960,30424618,8192,8000.0
1768152609.0167649,5433152,30424618,8192,8000.0
1768152609.0212955,5441344,30424618,8192,1771.439941490481
1768152609.021357,5449536,30424618,8192,8000.0
1768152609.0214026,5457728,30424618,8192,8000.0
1768152609.0214496,5465920,30424618,8192,8000.0
1768152609.0224428,5474112,30424618,8192,8000.0
1768152609.022518,5482304,30424618,8192,8000.0
1768152609.0259285,5490496,30424618,8192,2355.9206339422044
1768152609.0259907,5498688,30424618,8192,8000.0
1768152609.0306613,5506880,30424618,8192,1719.3208534841756
1768152609.0307438,5515072,30424618,8192,8000.0
1768152609.0307908,5523264,30424618,8192,8000.0
1768152609.03084,5531456,30424618,8192,8000.0
1768152609.0315285,5539648,30424618,8192,8000.0
1768152609.031584,5547840,30424618,8192,8000.0
1768152609.0319736,5556032,30424618,8192,8000.0
1768152609.0320232,5564224,30424618,8192,8000.0
1768152609.0347915,5572416,30424618,8192,2905.1822274208507
1768152609.0352032,5580608,30424618,8192,8000.0
1768152609.0352635,5588800,30424618,8192,8000.0
1768152609.0353243,5596992,30424618,8192,8000.0
1768152609.036944,5605184,30424618,8192,4983.182120740115
1768152609.0370116,5613376,30424618,8192,8000.0
1768152609.0390131,5621568,30424618,8192,4025.3597684486713
1768152609.039082,5629760,30424618,8192,8000.0
1768152609.039131,5637952,30424618,8192,8000.0
1768152609.0391822,5646144,30424618,8192,8000.0
1768152609.0406513,5654336,30424618,8192,5499.415621500318
1768152609.0407145,5662528,30424618,8192,8000.0
1768152609.0431352,5670720,30424618,8192,3319.088805428046
1768152609.0431867,5678912,30424618,8192,8000.0
1768152609.045379,5687104,30424618,8192,3669.7246551303
1768152609.0454404,5695296,30424618,8192,8000.0
1768152609.048218,5703488,30424618,8192,2891.21780586368
1768152609.048268,5711680,30424618,8192,8000.0
1768152609.0493894,5719872,30424618,8192,7195.538223027783
1768152609.049439,5728064,30424618,8192,8000.0
1768152609.05081,5736256,30424618,8192,5871.129163432907
1768152609.0508597,5744448,30424618,8192,8000.0
1768152609.0516498,5752640,30424618,8192,8000.0
1768152609.051696,5760832,30424618,8192,8000.0
1768152609.0558424,5769024,30424618,8192,1938.4540862144738
1768152609.0560756,5777216,30424618,8192,8000.0
1768152609.0574906,5785408,30424618,8192,5715.919050258549
1768152609.057571,5793600,30424618,8192,8000.0
1768152609.0625033,5801792,30424618,8192,1626.181569666201
1768152609.0625536,5809984,30424618,8192,8000.0
1768152609.0625937,5818176,30424618,8192,8000.0
1768152609.062634,5826368,30424618,8192,8000.0
1768152609.064767,5834560,30424618,8192,3770.916853174459
1768152609.0648308,5842752,30424618,8192,8000.0
1768152609.0648735,5850944,30424618,8192,8000.0
1768152609.064935,5859136,30424618,8192,8000.0
1768152609.0671296,5867328,30424618,8192,3665.017257818754
1768152609.0671875,5875520,30424618,8192,8000.0
1768152609.0672324,5883712,30424618,8192,8000.0
1768152609.0672786,5891904,30424618,8192,8000.0
1768152609.0694463,5900096,30424618,8192,3712.124735255212
1768152609.0695143,5908288,30424618,8192,8000.0
1768152609.0709972,5916480,30424618,8192,5439.586937799528
1768152609.0710583,5924672,30424618,8192,8000.0
1768152609.0711071,5932864,30424618,8192,8000.0
1768152609.071154,5941056,30424618,8192,8000.0
1768152609.0733771,5949248,30424618,8192,3618.108705408524
1768152609.0734363,5957440,30424618,8192,8000.0
1768152609.0777957,5965632,30424618,8192,1840.7731117359929
1768152609.0780468,5973824,30424618,8192,8000.0
1768152609.0782704,5982016,30424618,8192,8000.0
1768152609.078329,5990208,30424618,8192,8000.0
1768152609.0791924,5998400,30424618,8192,8000.0
1768152609.0792525,6006592,30424618,8192,8000.0
1768152609.0804045,6014784,30424618,8192,7008.937354187597
1768152609.0804577,6022976,30424618,8192,8000.0
1768152609.0825286,6031168,30424618,8192,3887.080401182333
1768152609.082596,6039360,30424618,8192,8000.0
1768152609.0837994,6047552,30424618,8192,6715.916779071825
1768152609.0838547,6055744,30424618,8192,8000.0
1768152609.086573,6063936,30424618,8192,2957.376815022074
1768152609.0866601,6072128,30424618,8192,8000.0
1768152609.0896845,6080320,30424618,8192,2659.5745970299695
1768152609.0899386,6088512,30424618,8192,8000.0
1768152609.0906157,6096704,30424618,8192,8000.0
1768152609.0906816,6104896,30424618,8192,8000.0
1768152609.092187,6113088,30424618,8192,5359.775044971912
1768152609.0922534,6121280,30424618,8192,8000.0
1768152609.0975597,6129472,30424618,8192,1512.401694483816
1768152609.0976408,6137664,30424618,8192,8000.0
1768152609.1031253,6145856,30424618,8192,1462.8972776875216
1768152609.103198,6154048,30424618,8192,8000.0
1768152609.1034763,6162240,30424618,8192,8000.0
1768152609.1037145,6170432,30424618,8192,8000.0
1768152609.1123552,6178624,30424618,8192,927.9342909493688
1768152609.1132782,6186816,30424618,8192,8000.0
1768152609.1134,6195008,30424618,8192,8000.0
1768152609.1134622,6203200,30424618,8192,8000.0
1768152609.1144338,6211392,30424618,8192,8000.0
1768152609.1144948,6219584,30424618,8192,8000.0
1768152609.114542,6227776,30424618,8192,8000.0
1768152609.1145887,6235968,30424618,8192,8000.0
1768152609.1180334,6244160,30424618,8192,2332.6335176734315
1768152609.1181068,6252352,30424618,8192,8000.0
1768152609.1199713,6260544,30424618,8192,4325.259249151432
1768152609.1200397,6268736,30424618,8192,8000.0
1768152609.1200948,6276928,30424618,8192,8000.0
1768152609.1201477,6285120,30424618,8192,8000.0
1768152609.1222818,6293312,30424618,8192,3776.2568753456467
1768152609.122358,6301504,30424618,8192,8000.0
1768152609.1224022,6309696,30424618,8192,8000.0
1768152609.1224437,6317888,30424618,8192,8000.0
1768152609.1224692,6321664,30424618,8192,3687.5
1768152609.1243758,6329856,30424618,8192,4221.635897349576
1768152609.1244328,6338048,30424618,8192,8000.0
1768152609.1244771,6346240,30424618,8192,8000.0
1768152609.124526,6354432,30424618,8192,8000.0
1768152609.126691,6362624,30424618,8192,3715.917698933969
1768152609.1269443,6370816,30424618,8192,8000.0
1768152609.1314244,6379008,30424618,8192,1792.2752955816218
1768152609.1317031,6387200,30424618,8192,8000.0
1768152609.1317656,6395392,30424618,8192,8000.0
1768152609.1318126,6403584,30424618,8192,8000.0
1768152609.1336007,6411776,30424618,8192,4507.550121033103
1768152609.1336606,6419968,30424618,8192,8000.0
1768152609.133706,6428160,30424618,8192,8000.0
1768152609.133754,6436352,30424618,8192,8000.0
1768152609.1357274,6444544,30424618,8192,4080.175630336123
1768152609.1357934,6452736,30424618,8192,8000.0
1768152609.135842,6460928,30424618,8192,8000.0
1768152609.1358905,6469120,30424618,8192,8000.0
1768152609.1378205,6477312,30424618,8192,4169.924297336313
1768152609.137879,6485504,30424618,8192,8000.0
1768152609.1379225,6493696,30424618,8192,8000.0
1768152609.1379702,6501888,30424618,8192,8000.0
1768152609.1405163,6510080,30424618,8192,3159.308165825588
1768152609.140587,6518272,30424618,8192,8000.0
1768152609.14219,6526464,30424618,8192,5024.8103167921345
1768152609.142244,6534656,30424618,8192,8000.0
1768152609.142289,6542848,30424618,8192,8000.0
1768152609.1423323,6551040,30424618,8192,8000.0
1768152609.1447568,6559232,30424618,8192,3317.299759995976
1768152609.1449409,6567424,30424618,8192,8000.0
1768152609.1450918,6575616,30424618,8192,8000.0
1768152609.1452005,6583808,30424618,8192,8000.0
1768152609.146613,6592000,30424618,8192,5699.629615474446
1768152609.146701,6600192,30424618,8192,8000.0
1768152609.1467507,6608384,30424618,8192,8000.0
1768152609.1468003,6616576,30424618,8192,8000.0
1768152609.1491396,6624768,30424618,8192,3439.8247205746834
1768152609.1492014,6632960,30424618,8192,8000.0
1768152609.1492493,6641152,30424618,8192,8000.0
1768152609.1493003,6649344,30424618,8192,8000.0
1768152609.1508775,6657536,30424618,8192,5111.49471270161
1768152609.150938,6665728,30424618,8192,8000.0
1768152609.153416,6673920,30424618,8192,3247.8078659367297
1768152609.153487,6682112,30424618,8192,8000.0
1768152609.153537,6690304,30424618,8192,8000.0
1768152609.15359,6698496,30424618,8192,8000.0
1768152609.1561592,6706688,30424618,8192,3133.0776063578983
1768152609.1562836,6714880,30424618,8192,8000.0
1768152609.156341,6723072,30424618,8192,8000.0
1768152609.1563933,6731264,30424618,8192,8000.0
1768152609.1579723,6739456,30424618,8192,5108.883289824725
1768152609.1580396,6747648,30424618,8192,8000.0
1768152609.158367,6755840,30424618,8192,8000.0
1768152609.1585937,6764032,30424618,8192,8000.0
1768152609.1605153,6772224,30424618,8192,4194.411010730132
1768152609.1607544,6780416,30424618,8192,8000.0
1768152609.1612499,6788608,30424618,8192,8000.0
1768152609.1620398,6796800,30424618,8192,8000.0
1768152609.1626625,6804992,30424618,8192,8000.0
1768152609.1627188,6813184,30424618,8192,8000.0
1768152609.1641743,6821376,30424618,8192,5550.159441981816
1768152609.1642432,6829568,30424618,8192,8000.0
1768152609.1642942,6837760,30424618,8192,8000.0
1768152609.1643503,6845952,30424618,8192,8000.0
1768152609.1656966,6854144,30424618,8192,5992.509718805096
1768152609.1657512,6862336,30424618,8192,8000.0
1768152609.165798,6870528,30424618,8192,8000.0
1768152609.1658473,6878720,30424618,8192,8000.0
1768152609.1673198,6886912,30424618,8192,5473.827999735547
1768152609.167377,6895104,30424618,8192,8000.0
1768152609.1682384,6903296,30424618,8192,8000.0
1768152609.1683078,6911488,30424618,8192,8000.0
1768152609.1709425,6919680,30424618,8192,3052.037309752524
1768152609.171004,6927872,30424618,8192,8000.0
1768152609.1727211,6936064,30424618,8192,4696.764971599118
1768152609.172788,6944256,30424618,8192,8000.0
1768152609.173961,6952448,30424618,8192,6891.204455329974
1768152609.1741471,6960640,30424618,8192,8000.0
1768152609.1753075,6968832,30424618,8192,6967.426499376861
1768152609.175509,6977024,30424618,8192,8000.0
1768152609.181153,6985216,30424618,8192,1421.7672555900995
1768152609.1813424,6993408,30424618,8192,8000.0
1768152609.1815183,7001600,30424618,8192,8000.0
1768152609.1815784,7009792,30424618,8192,8000.0
1768152609.1828144,7017984,30424618,8192,6523.15707411016
1768152609.1828635,7026176,30424618,8192,8000.0
1768152609.182906,7034368,30424618,8192,8000.0
1768152609.1829503,7042560,30424618,8192,8000.0
1768152609.18396,7050752,30424618,8192,7978.459474063191
1768152609.1839988,7058944,30424618,8192,8000.0
1768152609.1854475,7067136,30424618,8192,5548.234380131873
1768152609.1854856,7075328,30424618,8192,8000.0
1768152609.1867466,7083520,30424618,8192,6380.602961914789
1768152609.1868017,7091712,30424618,8192,8000.0
1768152609.1874754,7099904,30424618,8192,8000.0
1768152609.1875143,7108096,30424618,8192,8000.0
1768152609.1901429,7116288,30424618,8192,3056.9355347351393
1768152609.190203,7124480,30424618,8192,8000.0
1768152609.1912916,7132672,30424618,8192,7419.084372646431
1768152609.191347,7140864,30424618,8192,8000.0
1768152609.193548,7149056,30424618,8192,3653.4684681791746
1768152609.193713,7157248,30424618,8192,8000.0
1768152609.1960938,7165440,30424618,8192,3376.952142641343
1768152609.1961508,7173632,30424618,8192,8000.0
1768152609.1976478,7181824,30424618,8192,5381.406717318473
1768152609.1977072,7190016,30424618,8192,8000.0
1768152609.1992846,7198208,30424618,8192,5106.926473075621
1768152609.199718,7206400,30424618,8192,8000.0
1768152609.2011514,7214592,30424618,8192,5646.129022918101
1768152609.2012103,7222784,30424618,8192,8000.0
1768152609.2031307,7230976,30424618,8192,4187.823915045518
1768152609.203183,7239168,30424618,8192,8000.0
1768152609.2032268,7247360,30424618,8192,8000.0
1768152609.2032743,7255552,30424618,8192,8000.0
1768152609.2054183,7263744,30424618,8192,3752.697366571534
1768152609.205478,7271936,30424618,8192,8000.0
1768152609.208254,7280128,30424618,8192,2895.508133355513
1768152609.2090304,7288320,30424618,8192,8000.0
1768152609.2095895,7296512,30424618,8192,8000.0
1768152609.2096477,7304704,30424618,8192,8000.0
1768152609.2116551,7312896,30424618,8192,4007.614802300967
1768152609.2117183,7321088,30424618,8192,8000.0
1768152609.2133498,7329280,30424618,8192,4939.795903791135
1768152609.213423,7337472,30424618,8192,8000.0
1768152609.2158313,7345664,30424618,8192,3341.827212212118
1768152609.2159042,7353856,30424618,8192,8000.0
1768152609.2159562,7362048,30424618,8192,8000.0
1768152609.2160065,7370240,30424618,8192,8000.0
1768152609.2169292,7378432,30424618,8192,8000.0
1768152609.2169938,7386624,30424618,8192,8000.0
1768152609.2194386,7394816,30424618,8192,3291.232980168063
1768152609.2195082,7403008,30424618,8192,8000.0
1768152609.2222533,7411200,30424618,8192,2928.472234232516
1768152609.2223155,7419392,30424618,8192,8000.0
1768152609.2270308,7427584,30424618,8192,1701.331225964057
1768152609.2270894,7435776,30424618,8192,8000.0
1768152609.2271347,7443968,30424618,8192,8000.0
1768152609.2271802,7452160,30424618,8192,8000.0
1768152609.2356353,7460352,30424618,8192,947.7662190487565
1768152609.2356942,7468544,30424618,8192,8000.0
1768152609.2359397,7476736,30424618,8192,8000.0
1768152609.2361448,7484928,30424618,8192,8000.0
1768152609.2387214,7493120,30424618,8192,3120.368246941793
1768152609.2389052,7501312,30424618,8192,8000.0
1768152609.2389536,7509504,30424618,8192,8000.0
1768152609.2390099,7517696,30424618,8192,8000.0
1768152609.2413359,7525888,30424618,8192,3455.1266403052036
1768152609.2413855,7534080,30424618,8192,8000.0
1768152609.2414227,7542272,30424618,8192,8000.0
1768152609.2414615,7550464,30424618,8192,8000.0
1768152609.2433655,7558656,30424618,8192,4222.972996610534
1768152609.2434363,7566848,30424618,8192,8000.0
1768152609.2458317,7575040,30424618,8192,3355.1417614823667
1768152609.2460072,7583232,30424618,8192,8000.0
1768152609.2462525,7591424,30424618,8192,8000.0
1768152609.2463262,7599616,30424618,8192,8000.0
1768152609.248092,7607808,30424618,8192,4557.106290804218
1768152609.2481554,7616000,30424618,8192,8000.0
1768152609.2481933,7624192,30424618,8192,8000.0
1768152609.2482302,7632384,30424618,8192,8000.0
1768152609.2497058,7640576,30424618,8192,5457.398670138082
1768152609.249753,7648768,30424618,8192,8000.0
1768152609.2519534,7656960,30424618,8192,3653.8021969982233
1768152609.2520018,7665152,30424618,8192,8000.0
1768152609.252313,7673344,30424618,8192,8000.0
1768152609.2526116,7681536,30424618,8192,8000.0
1768152609.256674,7689728,30424618,8192,1979.1202586792083
1768152609.256859,7697920,30424618,8192,8000.0
1768152609.257084,7706112,30424618,8192,8000.0
1768152609.2572222,7714304,30424618,8192,8000.0
1768152609.2610042,7722496,30424618,8192,2124.4954126069233
1768152609.2610688,7730688,30424618,8192,8000.0
1768152609.2611148,7738880,30424618,8192,8000.0
1768152609.2611587,7747072,30424618,8192,8000.0
1768152609.2612011,7755264,30424618,8192,8000.0
1768152609.2612476,7763456,30424618,8192,8000.0
1768152609.2643359,7771648,30424618,8192,2597.4868872027437
1768152609.2643726,7779840,30424618,8192,8000.0
1768152609.2644038,7788032,30424618,8192,8000.0
1768152609.264437,7796224,30424618,8192,8000.0
1768152609.2691412,7804416,30424618,8192,1705.8296411306262
1768152609.2692087,7812608,30424618,8192,8000.0
1768152609.2692583,7820800,30424618,8192,8000.0
1768152609.2693172,7828992,30424618,8192,8000.0
1768152609.2693627,7837184,30424618,8192,8000.0
1768152609.2694128,7845376,30424618,8192,8000.0
1768152609.2733772,7853568,30424618,8192,2023.01177924652
1768152609.2734356,7861760,30424618,8192,8000.0
1768152609.2738485,7869952,30424618,8192,8000.0
1768152609.2739203,7878144,30424618,8192,8000.0
1768152609.2777314,7886336,30424618,8192,2105.5957164160136
1768152609.277787,7894528,30424618,8192,8000.0
1768152609.277834,7902720,30424618,8192,8000.0
1768152609.2778783,7910912,30424618,8192,8000.0
1768152609.2835011,7919104,30424618,8192,1426.1520662407022
1768152609.283557,7927296,30424618,8192,8000.0
1768152609.2837746,7935488,30424618,8192,8000.0
1768152609.2839506,7943680,30424618,8192,8000.0
1768152609.2839885,7951872,30424618,8192,8000.0
1768152609.2840238,7960064,30424618,8192,8000.0
1768152609.2886806,7968256,30424618,8192,1723.3208549441804
1768152609.288742,7976448,30424618,8192,8000.0
1768152609.2887866,7984640,30424618,8192,8000.0
1768152609.2888339,7992832,30424618,8192,8000.0
1768152609.2942019,8001024,30424618,8192,1494.181989708069
1768152609.2942586,8009216,30424618,8192,8000.0
1768152609.2963235,8017408,30424618,8192,3899.205271910926
1768152609.2963846,8025600,30424618,8192,8000.0
1768152609.2964325,8033792,30424618,8192,8000.0
1768152609.29648,8041984,30424618,8192,8000.0
1768152609.2984002,8050176,30424618,8192,4192.872424783677
1768152609.2984557,8058368,30424618,8192,8000.0
1768152609.2985017,8066560,30424618,8192,8000.0
1768152609.2985473,8074752,30424618,8192,8000.0
1768152609.3017995,8082944,30424618,8192,2514.300071119524
1768152609.301908,8091136,30424618,8192,8000.0
1768152609.3019643,8099328,30424618,8192,8000.0
1768152609.3019948,8105024,30424618,8192,5562.5
1768152609.3030696,8113216,30424618,8192,7540.766949242747
1768152609.3031301,8121408,30424618,8192,8000.0
1768152609.303569,8129600,30424618,8192,8000.0
1768152609.3038225,8137792,30424618,8192,8000.0
1768152609.305513,8145984,30424618,8192,4789.845779731772
1768152609.3058035,8154176,30424618,8192,8000.0
1768152609.3061619,8162368,30424618,8192,8000.0
1768152609.3063838,8170560,30424618,8192,8000.0
1768152609.3069658,8178752,30424618,8192,8000.0
1768152609.3070185,8186944,30424618,8192,8000.0
1768152609.3086596,8195136,30424618,8192,4910.385267817395
1768152609.3087568,8203328,30424618,8192,8000.0
1768152609.3091283,8211520,30424618,8192,8000.0
1768152609.309181,8219712,30424618,8192,8000.0
1768152609.311529,8227904,30424618,8192,3426.711094041696
1768152609.3115966,8236096,30424618,8192,8000.0
1768152609.3116498,8244288,30424618,8192,8000.0
1768152609.3117025,8252480,30424618,8192,8000.0
1768152609.3166237,8260672,30424618,8192,1631.1882902196605
1768152609.316693,8268864,30424618,8192,8000.0
1768152609.3167498,8277056,30424618,8192,8000.0
1768152609.3168023,8285248,30424618,8192,8000.0
1768152609.3173504,8293440,30424618,8192,8000.0
1768152609.3174112,8301632,30424618,8192,8000.0
1768152609.32182,8309824,30424618,8192,1821.4521392842614
1768152609.321891,8318016,30424618,8192,8000.0
1768152609.322384,8326208,30424618,8192,8000.0
1768152609.322472,8334400,30424618,8192,8000.0
1768152609.3238146,8342592,30424618,8192,6022.281976396191
1768152609.3238866,8350784,30424618,8192,8000.0
1768152609.3262086,8358976,30424618,8192,3466.9555920573016
1768152609.3262715,8367168,30424618,8192,8000.0
1768152609.326325,8375360,30424618,8192,8000.0
1768152609.3263767,8383552,30424618,8192,8000.0
1768152609.3319347,8391744,30424618,8192,1444.3040777562742
1768152609.3323653,8399936,30424618,8192,8000.0
1768152609.332623,8408128,30424618,8192,8000.0
1768152609.3326936,8416320,30424618,8192,8000.0
1768152609.3370795,8424512,30424618,8192,1830.5379077666116
1768152609.3371432,8432704,30424618,8192,8000.0
1768152609.3382168,8440896,30424618,8192,7552.156846919736
1768152609.338273,8449088,30424618,8192,8000.0
1768152609.3383324,8457280,30424618,8192,8000.0
1768152609.338389,8465472,30424618,8192,8000.0
1768152609.3406684,8473664,30424618,8192,3534.193309914496
1768152609.3407376,8481856,30424618,8192,8000.0
1768152609.3407931,8490048,30424618,8192,8000.0
1768152609.340847,8498240,30424618,8192,8000.0
1768152609.3426507,8506432,30424618,8192,4482.54616405409
1768152609.342726,8514624,30424618,8192,8000.0
1768152609.3427835,8522816,30424618,8192,8000.0
1768152609.3428397,8531008,30424618,8192,8000.0
1768152609.3448753,8539200,30424618,8192,3958.0446797069644
1768152609.3449411,8547392,30424618,8192,8000.0
1768152609.3450115,8555584,30424618,8192,8000.0
1768152609.3450363,8557440,30424618,8192,1812.5
1768152609.3470676,8565632,30424618,8192,3964.1244430743473
1768152609.3471272,8573824,30424618,8192,8000.0
1768152609.3471754,8582016,30424618,8192,8000.0
1768152609.3474686,8590208,30424618,8192,8000.0
1768152609.348369,8598400,30424618,8192,8000.0
1768152609.3485959,8606592,30424618,8192,8000.0
1768152609.351885,8614784,30424618,8192,2443.8673234527128
1768152609.35212,8622976,30424618,8192,8000.0
1768152609.352265,8631168,30424618,8192,8000.0
1768152609.3529153,8639360,30424618,8192,8000.0
1768152609.355356,8647552,30424618,8192,3304.2832788625715
1768152609.355464,8655744,30424618,8192,8000.0
1768152609.3555124,8663936,30424618,8192,8000.0
1768152609.3555534,8672128,30424618,8192,8000.0
1768152609.3557026,8680320,30424618,8192,8000.0
1768152609.355808,8688512,30424618,8192,8000.0
1768152609.3575242,8696704,30424618,8192,4693.458335814857
1768152609.3575754,8704896,30424618,8192,8000.0
1768152609.359884,8713088,30424618,8192,3481.2880223428256
1768152609.3599389,8721280,30424618,8192,8000.0
1768152609.3599803,8729472,30424618,8192,8000.0
1768152609.3600261,8737664,30424618,8192,8000.0
1768152609.363447,8745856,30424618,8192,2347.624506216196
1768152609.3635058,8754048,30424618,8192,8000.0
1768152609.3635511,8762240,30424618,8192,8000.0
1768152609.3635943,8770432,30424618,8192,8000.0
1768152609.363631,8778624,30424618,8192,8000.0
1768152609.363875,8786816,30424618,8192,8000.0
1768152609.3652654,8795008,30424618,8192,5787.036832344595
1768152609.3653069,8803200,30424618,8192,8000.0
1768152609.3653398,8811392,30424618,8192,8000.0
1768152609.3653796,8819584,30424618,8192,8000.0
1768152609.3675225,8827776,30424618,8192,3746.8973761049942
1768152609.3675616,8835968,30424618,8192,8000.0
1768152609.3675935,8844160,30424618,8192,8000.0
1768152609.3678017,8852352,30424618,8192,8000.0
1768152609.370139,8860544,30424618,8192,3437.4595067988384
1768152609.370305,8868736,30424618,8192,8000.0
1768152609.370345,8876928,30424618,8192,8000.0
1768152609.370366,8883904,30424618,8192,6812.5
1768152609.3722842,8892096,30424618,8192,4195.950726267694
1768152609.3723357,8900288,30424618,8192,8000.0
1768152609.372378,8908480,30424618,8192,8000.0
1768152609.3725588,8916672,30424618,8192,8000.0
1768152609.3747568,8924864,30424618,8192,3662.5005975059203
1768152609.3748193,8933056,30424618,8192,8000.0
1768152609.3770876,8941248,30424618,8192,3549.088247986889
1768152609.3771496,8949440,30424618,8192,8000.0
1768152609.3771942,8957632,30424618,8192,8000.0
1768152609.3772595,8965824,30424618,8192,8000.0
1768152609.3783364,8974016,30424618,8192,7513.148299437537
1768152609.3784053,8982208,30424618,8192,8000.0
1768152609.382355,8990400,30424618,8192,2032.468780308327
1768152609.3824167,8998592,30424618,8192,8000.0
1768152609.3824627,9006784,30424618,8192,8000.0
1768152609.3825154,9014976,30424618,8192,8000.0
1768152609.3861403,9023168,30424618,8192,2215.084710744867
1768152609.386198,9031360,30424618,8192,8000.0
1768152609.3862433,9039552,30424618,8192,8000.0
1768152609.386489,9047744,30424618,8192,8000.0
1768152609.3878794,9055936,30424618,8192,5816.4897670644
1768152609.3879356,9064128,30424618,8192,8000.0
1768152609.3879795,9072320,30424618,8192,8000.0
1768152609.3880289,9080512,30424618,8192,8000.0
1768152609.3907032,9088704,30424618,8192,3008.310333913608
1768152609.390776,9096896,30424618,8192,8000.0
1768152609.392918,9105088,30424618,8192,3760.989113517389
1768152609.3933678,9113280,30424618,8192,8000.0
1768152609.3934536,9121472,30424618,8192,8000.0
1768152609.3935156,9129664,30424618,8192,8000.0
1768152609.3957212,9137856,30424618,8192,3651.8007381242505
1768152609.3957913,9146048,30424618,8192,8000.0
1768152609.3958974,9154240,30424618,8192,8000.0
1768152609.3959546,9162432,30424618,8192,8000.0
1768152609.9346538,9170624,30424618,8192,14.850996241091302
1768152609.9350255,9178816,30424618,8192,8000.0
1768152609.9352596,9187008,30424618,8192,8000.0
1768152609.935551,9195200,30424618,8192,8000.0
1768152609.9357545,9203392,30424618,8192,8000.0
1768152609.9358094,9211584,30424618,8192,8000.0
1768152609.935851,9219776,30424618,8192,8000.0
1768152609.9358945,9227968,30424618,8192,8000.0
1768152609.9359329,9236160,30424618,8192,8000.0
1768152609.9359806,9244352,30424618,8192,8000.0
1768152609.9360225,9252544,30424618,8192,8000.0
1768152609.9360616,9260736,30424618,8192,8000.0
1768152609.9361014,9268928,30424618,8192,8000.0
1768152609.9361403,9277120,30424618,8192,8000.0
1768152609.9361806,9285312,30424618,8192,8000.0
1768152609.9362216,9293504,30424618,8192,8000.0
1768152609.9371421,9301696,30424618,8192,8000.0
1768152609.9371908,9309888,30424618,8192,8000.0
1768152609.9372318,9318080,30424618,8192,8000.0
1768152609.9372718,9326272,30424618,8192,8000.0
1768152609.9373095,9334464,30424618,8192,8000.0
1768152609.9373481,9342656,30424618,8192,8000.0
1768152609.937424,9350848,30424618,8192,8000.0
1768152609.9374657,9359040,30424618,8192,8000.0
1768152609.9375033,9367232,30424618,8192,8000.0
1768152609.937781,9375424,30424618,8192,8000.0
1768152609.9378245,9383616,30424618,8192,8000.0
1768152609.9378538,9391808,30424618,8192,8000.0
1768152609.9378822,9400000,30424618,8192,8000.0
1768152609.9379106,9408192,30424618,8192,8000.0
1768152609.9379387,9416384,30424618,8192,8000.0
1768152609.93797,9424576,30424618,8192,8000.0
1768152609.9387052,9432768,30424618,8192,8000.0
1768152609.939126,9440960,30424618,8192,8000.0
1768152609.9397454,9449152,30424618,8192,8000.0
1768152609.9398313,9457344,30424618,8192,8000.0
1768152609.9398782,9465536,30424618,8192,8000.0
1768152609.9399154,9473728,30424618,8192,8000.0
1768152609.9399517,9481920,30424618,8192,8000.0
1768152609.9399931,9490112,30424618,8192,8000.0
1768152609.940028,9498304,30424618,8192,8000.0
1768152609.9400644,9506496,30424618,8192,8000.0
1768152609.9400983,9514688,30424618,8192,8000.0
1768152609.9401278,9522880,30424618,8192,8000.0
1768152609.9401572,9531072,30424618,8192,8000.0
1768152609.9401858,9539264,30424618,8192,8000.0
1768152609.9402156,9547456,30424618,8192,8000.0
1768152609.940247,9555648,30424618,8192,8000.0
1768152609.9414408,9563840,30424618,8192,6745.932308883593
1768152609.9414802,9572032,30424618,8192,8000.0
1768152609.9415114,9580224,30424618,8192,8000.0
1768152609.9415429,9588416,30424618,8192,8000.0
1768152609.9415727,9596608,30424618,8192,8000.0
1768152609.9416013,9604800,30424618,8192,8000.0
1768152609.9416301,9612992,30424618,8192,8000.0
1768152609.9416628,9621184,30424618,8192,8000.0
1768152609.941693,9629376,30424618,8192,8000.0
1768152609.9418385,9637568,30424618,8192,8000.0
1768152609.941979,9645760,30424618,8192,8000.0
1768152609.9420938,9653952,30424618,8192,8000.0
1768152609.9422085,9662144,30424618,8192,8000.0
1768152609.9423287,9670336,30424618,8192,8000.0
1768152609.9424527,9678528,30424618,8192,8000.0
1768152609.9425676,9686720,30424618,8192,8000.0
1768152609.943827,9694912,30424618,8192,6392.328694704819
1768152609.9439485,9703104,30424618,8192,8000.0
1768152609.943985,9711296,30424618,8192,8000.0
1768152609.9440134,9719488,30424618,8192,8000.0
1768152609.944042,9727680,30424618,8192,8000.0
1768152609.9440699,9735872,30424618,8192,8000.0
1768152609.9440985,9744064,30424618,8192,8000.0
1768152609.9441295,9752256,30424618,8192,8000.0
1768152609.9441574,9760448,30424618,8192,8000.0
1768152609.9441884,9768640,30424618,8192,8000.0
1768152609.9442174,9776832,30424618,8192,8000.0
1768152609.9442453,9785024,30424618,8192,8000.0
1768152609.9442732,9793216,30424618,8192,8000.0
1768152609.9443014,9801408,30424618,8192,8000.0
1768152609.9443297,9809600,30424618,8192,8000.0
1768152609.944361,9817792,30424618,8192,8000.0
1768152609.9448311,9825984,30424618,8192,8000.0
1768152609.9449866,9834176,30424618,8192,8000.0
1768152609.945025,9842368,30424618,8192,8000.0
1768152609.9450564,9850560,30424618,8192,8000.0
1768152609.9450867,9858752,30424618,8192,8000.0
1768152609.9451172,9866944,30424618,8192,8000.0
1768152609.9515078,9875136,30424618,8192,1253.7023311451512
1768152609.9515562,9883328,30424618,8192,8000.0
1768152609.9515922,9891520,30424618,8192,8000.0
1768152609.9517744,9899712,30424618,8192,8000.0
1768152609.9519627,9907904,30424618,8192,8000.0
1768152609.9521098,9916096,30424618,8192,8000.0
1768152609.9522612,9924288,30424618,8192,8000.0
1768152609.95238,9932480,30424618,8192,8000.0
1768152609.9563403,9940672,30424618,8192,2026.8044193167023
1768152609.9564536,9948864,30424618,8192,8000.0
1768152609.9565046,9957056,30424618,8192,8000.0
1768152609.956635,9965248,30424618,8192,8000.0
1768152609.9566813,9973440,30424618,8192,8000.0
1768152609.9567223,9981632,30424618,8192,8000.0
1768152609.957095,9989824,30424618,8192,8000.0
1768152609.957135,9998016,30424618,8192,8000.0
1768152609.9636965,10006208,30424618,8192,1221.4113319183198
1768152609.9637454,10014400,30424618,8192,8000.0
1768152609.9637802,10022592,30424618,8192,8000.0
1768152609.9638264,10030784,30424618,8192,8000.0
1768152609.9651616,10038976,30424618,8192,6034.09224293623
1768152609.9652188,10047168,30424618,8192,8000.0
1768152609.965256,10055360,30424618,8192,8000.0
1768152609.965276,10062272,30424618,8192,6750.0
1768152609.9666958,10070464,30424618,8192,5662.514898905376
1768152609.9667346,10078656,30424618,8192,8000.0
1768152609.9678178,10086848,30424618,8192,7448.095067550358
1768152609.9681115,10095040,30424618,8192,8000.0
1768152609.9689953,10103232,30424618,8192,8000.0
1768152609.9690473,10111424,30424618,8192,8000.0
1768152609.9709258,10119616,30424618,8192,4282.884208925569
1768152609.9709847,10127808,30424618,8192,8000.0
1768152609.9710317,10136000,30424618,8192,8000.0
1768152609.9710793,10144192,30424618,8192,8000.0
1768152609.9730523,10152384,30424618,8192,4076.0178814700157
1768152609.9732566,10160576,30424618,8192,8000.0
1768152609.977158,10168768,30424618,8192,2055.2873128110095
1768152609.9772892,10176960,30424618,8192,8000.0
1768152609.9774232,10185152,30424618,8192,8000.0
1768152609.9774637,10193344,30424618,8192,8000.0
1768152609.979092,10201536,30424618,8192,4933.0945207345885
1768152609.9791267,10209728,30424618,8192,8000.0
1768152609.9791574,10217920,30424618,8192,8000.0
1768152609.9792712,10226112,30424618,8192,8000.0
1768152609.982926,10234304,30424618,8192,2194.7873510810114
1768152609.9829767,10242496,30424618,8192,8000.0
1768152609.984859,10250688,30424618,8192,4272.1354023590175
1768152609.984909,10258880,30424618,8192,8000.0
1768152609.9849474,10267072,30424618,8192,8000.0
1768152609.985021,10275264,30424618,8192,8000.0
1768152609.9875789,10283456,30424618,8192,3139.471189513209
1768152609.9876351,10291648,30424618,8192,8000.0
1768152609.9876802,10299840,30424618,8192,8000.0
1768152609.9877234,10308032,30424618,8192,8000.0
1768152609.9914868,10316224,30424618,8192,2132.3666345630095
1768152609.9915419,10324416,30424618,8192,8000.0
1768152609.991586,10332608,30424618,8192,8000.0
1768152609.9916315,10340800,30424618,8192,8000.0
1768152610.1260674,10348992,30424618,8192,59.51428904792289
1768152610.126373,10357184,30424618,8192,8000.0
1768152610.1324756,10365376,30424618,8192,1314.0388825383325
1768152610.1325395,10373568,30424618,8192,8000.0
1768152610.1339695,10381760,30424618,8192,5634.596021807168
1768152610.1340315,10389952,30424618,8192,8000.0
1768152610.1343966,10398144,30424618,8192,8000.0
1768152610.1344454,10406336,30424618,8192,8000.0
1768152610.1368878,10414528,30424618,8192,3288.797831674102
1768152610.1371112,10422720,30424618,8192,8000.0
1768152610.1392155,10430912,30424618,8192,3825.7376980329814
1768152610.1394558,10439104,30424618,8192,8000.0
1768152610.1398802,10447296,30424618,8192,8000.0
1768152610.140054,10455488,30424618,8192,8000.0
1768152610.141465,10463680,30424618,8192,5711.837968751221
1768152610.1415143,10471872,30424618,8192,8000.0
1768152610.1433065,10480064,30424618,8192,4484.807516364908
1768152610.1435397,10488256,30424618,8192,8000.0
1768152610.147594,10496448,30424618,8192,1978.0926509729113
1768152610.1476433,10504640,30424618,8192,8000.0
1768152610.1554408,10512832,30424618,8192,1027.4192466693019
1768152610.155485,10521024,30424618,8192,8000.0
1768152610.15552,10529216,30424618,8192,8000.0
1768152610.1555543,10537408,30424618,8192,8000.0
1768152610.1566224,10545600,30424618,8192,7539.347281524575
1768152610.156665,10553792,30424618,8192,8000.0
1768152610.1581445,10561984,30424618,8192,5434.782488099065
1768152610.158189,10570176,30424618,8192,8000.0
1768152610.1597464,10578368,30424618,8192,5163.289269923972
1768152610.1597915,10586560,30424618,8192,8000.0
1768152610.162545,10594752,30424618,8192,2913.859217804324
1768152610.162589,10602944,30424618,8192,8000.0
1768152610.1626232,10611136,30424618,8192,8000.0
1768152610.1628544,10619328,30424618,8192,8000.0
1768152610.1652684,10627520,30424618,8192,3327.0949860897126
1768152610.1653233,10635712,30424618,8192,8000.0
1768152610.1653574,10643904,30424618,8192,8000.0
1768152610.1653936,10652096,30424618,8192,8000.0
1768152610.1678429,10660288,30424618,8192,3276.271335306231
1768152610.1678824,10668480,30424618,8192,8000.0
1768152610.170621,10676672,30424618,8192,2929.3298372078193
1768152610.1708233,10684864,30424618,8192,8000.0
1768152610.1709821,10693056,30424618,8192,8000.0
1768152610.1711411,10701248,30424618,8192,8000.0
1768152610.174495,10709440,30424618,8192,2392.2013619499235
1768152610.1746483,10717632,30424618,8192,8000.0
1768152610.1746972,10725824,30424618,8192,8000.0
1768152610.1747365,10734016,30424618,8192,8000.0
1768152610.1750588,10742208,30424618,8192,8000.0
1768152610.1752198,10750400,30424618,8192,8000.0
1768152610.1803613,10758592,30424618,8192,1559.4238442350643
1768152610.1804075,10766784,30424618,8192,8000.0
1768152610.1804419,10774976,30424618,8192,8000.0
1768152610.180478,10783168,30424618,8192,8000.0
1768152610.181252,10791360,30424618,8192,8000.0
1768152610.1812947,10799552,30424618,8192,8000.0
1768152610.1844084,10807744,30424618,8192,2577.4026205843174
1768152610.1844604,10815936,30424618,8192,8000.0
1768152610.184499,10824128,30424618,8192,8000.0
1768152610.1845357,10832320,30424618,8192,8000.0
1768152610.1897779,10840512,30424618,8192,1529.6952058203653
1768152610.1898298,10848704,30424618,8192,8000.0
1768152610.1898677,10856896,30424618,8192,8000.0
1768152610.1899533,10865088,30424618,8192,8000.0
1768152610.1899927,10873280,30424618,8192,8000.0
1768152610.1902459,10881472,30424618,8192,8000.0
1768152610.193852,10889664,30424618,8192,2225.2510254463537
1768152610.1938975,10897856,30424618,8192,8000.0
1768152610.1939352,10906048,30424618,8192,8000.0
1768152610.1939747,10914240,30424618,8192,8000.0
1768152610.1982768,10922432,30424618,8192,1863.9328614516653
1768152610.198335,10930624,30424618,8192,8000.0
1768152610.1983757,10938816,30424618,8192,8000.0
1768152610.1985922,10947008,30424618,8192,8000.0
1768152610.2049448,10955200,30424618,8192,1261.7898326874506
1768152610.2051272,10963392,30424618,8192,8000.0
1768152610.2052925,10971584,30424618,8192,8000.0
1768152610.2054846,10979776,30424618,8192,8000.0
1768152610.2056117,10987968,30424618,8192,8000.0
1768152610.205756,10996160,30424618,8192,8000.0
1768152610.2067208,11004352,30424618,8192,8000.0
1768152610.2068806,11012544,30424618,8192,8000.0
1768152610.2080338,11020736,30424618,8192,7000.962816576433
1768152610.2080793,11028928,30424618,8192,8000.0
1768152610.2081153,11037120,30424618,8192,8000.0
1768152610.2081542,11045312,30424618,8192,8000.0
1768152610.21163,11053504,30424618,8192,2309.4020309046855
1768152610.211688,11061696,30424618,8192,8000.0
1768152610.21173,11069888,30424618,8192,8000.0
1768152610.2117834,11078080,30424618,8192,8000.0
1768152610.2135062,11086272,30424618,8192,4676.447953228631
1768152610.2135668,11094464,30424618,8192,8000.0
1768152610.21569,11102656,30424618,8192,3789.673124748254
1768152610.215747,11110848,30424618,8192,8000.0
1768152610.2157915,11119040,30424618,8192,8000.0
1768152610.215836,11127232,30424618,8192,8000.0
1768152610.2179236,11135424,30424618,8192,3851.5235736671702
1768152610.2181604,11143616,30424618,8192,8000.0
1768152610.2182133,11151808,30424618,8192,8000.0
1768152610.2182603,11160000,30424618,8192,8000.0
1768152610.2203326,11168192,30424618,8192,3880.669450846079
1768152610.2203984,11176384,30424618,8192,8000.0
1768152610.2204478,11184576,30424618,8192,8000.0
1768152610.2205083,11192768,30424618,8192,8000.0
1768152610.2246318,11200960,30424618,8192,1946.6141187138855
1768152610.2250433,11209152,30424618,8192,8000.0
1768152610.22511,11217344,30424618,8192,8000.0
1768152610.22516,11225536,30424618,8192,8000.0
1768152610.230976,11233728,30424618,8192,1378.7160560010157
1768152610.2310276,11241920,30424618,8192,8000.0
1768152610.231082,11250112,30424618,8192,8000.0
1768152610.2311234,11258304,30424618,8192,8000.0
1768152610.235925,11266496,30424618,8192,1669.553586251248
1768152610.2362854,11274688,30424618,8192,8000.0
1768152610.2364502,11282880,30424618,8192,8000.0
1768152610.2366188,11291072,30424618,8192,8000.0
1768152610.2378623,11299264,30424618,8192,6487.187399203331
1768152610.2379124,11307456,30424618,8192,8000.0
1768152610.2436519,11315648,30424618,8192,1397.0626886237044
1768152610.2437067,11323840,30424618,8192,8000.0
1768152610.2437613,11332032,30424618,8192,8000.0
1768152610.243813,11340224,30424618,8192,8000.0
1768152610.2456758,11348416,30424618,8192,4318.255106004795
1768152610.2457383,11356608,30424618,8192,8000.0
1768152610.2457783,11364800,30424618,8192,8000.0
1768152610.2458196,11372992,30424618,8192,8000.0
1768152610.2478633,11381184,30424618,8192,3931.976558558231
1768152610.2479126,11389376,30424618,8192,8000.0
1768152610.2500787,11397568,30424618,8192,3707.82328267447
1768152610.2501218,11405760,30424618,8192,8000.0
1768152610.250159,11413952,30424618,8192,8000.0
1768152610.250196,11422144,30424618,8192,8000.0
1768152610.2518075,11430336,30424618,8192,4990.64223750961
1768152610.2518492,11438528,30424618,8192,8000.0
1768152610.2518847,11446720,30424618,8192,8000.0
1768152610.2519217,11454912,30424618,8192,8000.0
1768152610.3191335,11463104,30424618,8192,119.04850474580465
1768152610.319395,11471296,30424618,8192,8000.0
1768152610.3263927,11479488,30424618,8192,1145.4917777000924
1768152610.326446,11487680,30424618,8192,8000.0
1768152610.3281748,11495872,30424618,8192,4654.409920091463
1768152610.3282201,11504064,30424618,8192,8000.0
1768152610.3422632,11512256,30424618,8192,570.1701305042413
1768152610.3423114,11520448,30424618,8192,8000.0
1768152610.3435278,11528640,30424618,8192,6628.551248872163
1768152610.3439205,11536832,30424618,8192,8000.0
1768152610.3467522,11545024,30424618,8192,2838.7919384304632
1768152610.3469253,11553216,30424618,8192,8000.0
1768152610.3481286,11561408,30424618,8192,6714.22515336728
1768152610.3483405,11569600,30424618,8192,8000.0
1768152610.3503141,11577792,30424618,8192,4078.719211637876
1768152610.3505056,11585984,30424618,8192,8000.0
1768152610.351681,11594176,30424618,8192,6865.185465916073
1768152610.3517358,11602368,30424618,8192,8000.0
1768152610.3538194,11610560,30424618,8192,3856.7230364629227
1768152610.3538988,11618752,30424618,8192,8000.0
1768152610.3604894,11626944,30424618,8192,1216.1751237554329
1768152610.3605404,11635136,30424618,8192,8000.0
1768152610.3605785,11643328,30424618,8192,8000.0
1768152610.3606162,11651520,30424618,8192,8000.0
1768152610.3622854,11659712,30424618,8192,4819.857623463851
1768152610.3623343,11667904,30424618,8192,8000.0
1768152610.36237,11676096,30424618,8192,8000.0
1768152610.362417,11684288,30424618,8192,8000.0
1768152610.3645282,11692480,30424618,8192,3806.080111728576
1768152610.3645716,11700672,30424618,8192,8000.0
1768152610.365429,11708864,30424618,8192,8000.0
1768152610.3655314,11717056,30424618,8192,8000.0
1768152610.3677397,11725248,30424618,8192,3639.3413216565655
1768152610.3679347,11733440,30424618,8192,8000.0
1768152610.367982,11741632,30424618,8192,8000.0
1768152610.3680193,11749824,30424618,8192,8000.0
1768152610.3697445,11758016,30424618,8192,4663.09156204714
1768152610.3697996,11766208,30424618,8192,8000.0
1768152610.370203,11774400,30424618,8192,8000.0
1768152610.3702466,11782592,30424618,8192,8000.0
1768152610.372891,11790784,30424618,8192,3038.590066493983
1768152610.373316,11798976,30424618,8192,8000.0
1768152610.3736842,11807168,30424618,8192,8000.0
1768152610.3737235,11815360,30424618,8192,8000.0
1768152610.3754077,11823552,30424618,8192,4779.828963730476
1768152610.3754601,11831744,30424618,8192,8000.0
1768152610.377386,11839936,30424618,8192,4175.365009154035
1768152610.3774323,11848128,30424618,8192,8000.0
1768152610.3796322,11856320,30424618,8192,3653.9692785620864
1768152610.3799636,11864512,30424618,8192,8000.0
1768152610.3805645,11872704,30424618,8192,8000.0
1768152610.3812242,11880896,30424618,8192,8000.0
1768152610.3826056,11889088,30424618,8192,5848.808571599767
1768152610.3826547,11897280,30424618,8192,8000.0
1768152610.384135,11905472,30424618,8192,5434.413729369513
1768152610.384177,11913664,30424618,8192,8000.0
1768152610.386385,11921856,30424618,8192,3638.513510625737
1768152610.3864353,11930048,30424618,8192,8000.0
1768152610.3877425,11938240,30424618,8192,6163.328805512311
1768152610.3877854,11946432,30424618,8192,8000.0
1768152610.389857,11954624,30424618,8192,3878.0357901637094
1768152610.389905,11962816,30424618,8192,8000.0
1768152610.3923013,11971008,30424618,8192,3350.6449716928805
1768152610.3923488,11979200,30424618,8192,8000.0
1768152610.3928037,11987392,30424618,8192,8000.0
1768152610.3928459,11995584,30424618,8192,8000.0
1768152610.3957634,12003776,30424618,8192,2750.842421323386
1768152610.3958082,12011968,30424618,8192,8000.0
1768152610.397263,12020160,30424618,8192,5531.356051882454
1768152610.3973053,12028352,30424618,8192,8000.0
1768152610.3988597,12036544,30424618,8192,5174.309503468817
1768152610.3989031,12044736,30424618,8192,8000.0
1768152610.400624,12052928,30424618,8192,4669.079001934639
1768152610.400912,12061120,30424618,8192,8000.0
1768152610.4025335,12069312,30424618,8192,4961.8555702018375
1768152610.4025724,12077504,30424618,8192,8000.0
1768152610.4050834,12085696,30424618,8192,3196.1646446616437
1768152610.4051533,12093888,30424618,8192,8000.0
1768152610.4056268,12102080,30424618,8192,8000.0
1768152610.4056664,12110272,30424618,8192,8000.0
1768152610.408125,12118464,30424618,8192,3263.974149431878
1768152610.4084365,12126656,30424618,8192,8000.0
1768152610.40913,12134848,30424618,8192,8000.0
1768152610.4091718,12143040,30424618,8192,8000.0
1768152610.4115853,12151232,30424618,8192,3325.2973016497317
1768152610.4116268,12159424,30424618,8192,8000.0
1768152610.4169972,12167616,30424618,8192,1492.7043894531898
1768152610.4170413,12175808,30424618,8192,8000.0
1768152610.4170754,12184000,30424618,8192,8000.0
1768152610.4173005,12192192,30424618,8192,8000.0
1768152610.4183931,12200384,30424618,8192,7396.449110815624
1768152610.418567,12208576,30424618,8192,8000.0
1768152610.419502,12216768,30424618,8192,8000.0
1768152610.419551,12224960,30424618,8192,8000.0
1768152610.4205673,12233152,30424618,8192,7945.177480568736
1768152610.4206157,12241344,30424618,8192,8000.0
1768152610.4219298,12249536,30424618,8192,6131.678689738086
1768152610.4220111,12257728,30424618,8192,8000.0
1768152610.4227898,12265920,30424618,8192,8000.0
1768152610.4228404,12274112,30424618,8192,8000.0
1768152610.4252112,12282304,30424618,8192,3387.2469347449205
1768152610.425254,12290496,30424618,8192,8000.0
1768152610.4264858,12298688,30424618,8192,6539.1531671266885
1768152610.4265494,12306880,30424618,8192,8000.0
1768152610.428139,12315072,30424618,8192,5061.048756859386
1768152610.4282851,12323264,30424618,8192,8000.0
1768152610.430615,12331456,30424618,8192,3446.4932234165117
1768152610.4306529,12339648,30424618,8192,8000.0
1768152610.4312706,12347840,30424618,8192,8000.0
1768152610.4313052,12356032,30424618,8192,8000.0
1768152610.4318728,12364224,30424618,8192,8000.0
1768152610.4318883,12364544,30424618,8192,312.5
1768152610.4344993,12372736,30424618,8192,3073.730955246995
1768152610.4345405,12380928,30424618,8192,8000.0
1768152610.4355333,12389120,30424618,8192,8000.0
1768152610.43559,12397312,30424618,8192,8000.0
1768152610.4373715,12405504,30424618,8192,4511.617420333106
1768152610.4374132,12413696,30424618,8192,8000.0
1768152610.4395876,12421888,30424618,8192,3695.320680456111
1768152610.4396348,12430080,30424618,8192,8000.0
1768152610.4405878,12438272,30424618,8192,8000.0
1768152610.4406652,12446464,30424618,8192,8000.0
1768152610.4430385,12454656,30424618,8192,3386.3866386121385
1768152610.443097,12462848,30424618,8192,8000.0
1768152610.449917,12471040,30424618,8192,1175.0190674627493
1768152610.4499657,12479232,30424618,8192,8000.0
1768152610.450002,12487424,30424618,8192,8000.0
1768152610.4500384,12495616,30424618,8192,8000.0
1768152610.4519126,12503808,30424618,8192,4287.015953160875
1768152610.4519494,12512000,30424618,8192,8000.0
1768152610.4521687,12520192,30424618,8192,8000.0
1768152610.452811,12528384,30424618,8192,8000.0
1768152610.4531775,12536576,30424618,8192,8000.0
1768152610.4532151,12544768,30424618,8192,8000.0
1768152610.4552279,12552960,30424618,8192,3991.816756092098
1768152610.4552696,12561152,30424618,8192,8000.0
1768152610.4553034,12569344,30424618,8192,8000.0
1768152610.4553375,12577536,30424618,8192,8000.0
1768152610.45924,12585728,30424618,8192,2055.7625880070227
1768152610.459296,12593920,30424618,8192,8000.0
1768152610.4593298,12602112,30424618,8192,8000.0
1768152610.4593651,12610304,30424618,8192,8000.0
1768152610.4641018,12618496,30424618,8192,1692.6559830819815
1768152610.4641423,12626688,30424618,8192,8000.0
1768152610.4641733,12634880,30424618,8192,8000.0
1768152610.4642048,12643072,30424618,8192,8000.0
1768152610.465503,12651264,30424618,8192,6196.2670575369975
1768152610.4655437,12659456,30424618,8192,8000.0
1768152610.4678116,12667648,30424618,8192,3538.413745462125
1768152610.4678478,12675840,30424618,8192,8000.0
1768152610.467864,12683712,30424618,8192,7687.5
1768152610.4689035,12691904,30424618,8192,7745.932028703451
1768152610.46894,12700096,30424618,8192,8000.0
1768152610.4720716,12708288,30424618,8192,2561.393274964531
1768152610.472262,12716480,30424618,8192,8000.0
1768152610.4722824,12720256,30424618,8192,3687.5
1768152610.4727066,12728448,30424618,8192,8000.0
1768152610.4727488,12736640,30424618,8192,8000.0
1768152610.4744344,12744832,30424618,8192,4770.423477992853
1768152610.4744768,12753024,30424618,8192,8000.0
1768152610.4765613,12761216,30424618,8192,3852.2658657719535
1768152610.4766011,12769408,30424618,8192,8000.0
1768152610.4803817,12777600,30424618,8192,2120.1039628907406
1768152610.480714,12785792,30424618,8192,8000.0
1768152610.4807546,12793984,30424618,8192,8000.0
1768152610.4807887,12802176,30424618,8192,8000.0
1768152610.4810493,12810368,30424618,8192,8000.0
1768152610.481089,12818560,30424618,8192,8000.0
1768152610.4847946,12826752,30424618,8192,2163.390108988218
1768152610.4848356,12834944,30424618,8192,8000.0
1768152610.4848673,12843136,30424618,8192,8000.0
1768152610.4850903,12851328,30424618,8192,8000.0
1768152610.4897602,12859520,30424618,8192,1717.4384544295779
1768152610.4898326,12867712,30424618,8192,8000.0
1768152610.4898684,12875904,30424618,8192,8000.0
1768152610.489904,12884096,30424618,8192,8000.0
1768152610.4901917,12892288,30424618,8192,8000.0
1768152610.4902244,12900480,30424618,8192,8000.0
1768152610.4933429,12908672,30424618,8192,2571.355152500632
1768152610.4933813,12916864,30424618,8192,8000.0
1768152610.4934137,12925056,30424618,8192,8000.0
1768152610.4934487,12933248,30424618,8192,8000.0
1768152610.4966416,12941440,30424618,8192,2511.5374350209663
1768152610.4966788,12949632,30424618,8192,8000.0
1768152610.4967096,12957824,30424618,8192,8000.0
1768152610.4967434,12966016,30424618,8192,8000.0
1768152610.4975245,12974208,30424618,8192,8000.0
1768152610.497564,12982400,30424618,8192,8000.0
1768152610.4997451,12990592,30424618,8192,3681.20740751137
1768152610.4997842,12998784,30424618,8192,8000.0
1768152610.5018635,13006976,30424618,8192,3861.5628578659826
1768152610.501904,13015168,30424618,8192,8000.0
1768152610.5019367,13023360,30424618,8192,8000.0
1768152610.5019708,13031552,30424618,8192,8000.0
1768152610.5033026,13039744,30424618,8192,6035.458477538737
1768152610.5035672,13047936,30424618,8192,8000.0
1768152610.5052586,13056128,30424618,8192,4753.6992761483125
1768152610.5053003,13064320,30424618,8192,8000.0
1768152610.5053325,13072512,30424618,8192,8000.0
1768152610.5053673,13080704,30424618,8192,8000.0
1768152610.5059102,13088896,30424618,8192,8000.0
1768152610.5059495,13097088,30424618,8192,8000.0
1768152610.5082493,13105280,30424618,8192,3489.6399628974104
1768152610.5082948,13113472,30424618,8192,8000.0
1768152610.5083277,13121664,30424618,8192,8000.0
1768152610.5083866,13129856,30424618,8192,8000.0
1768152610.5135763,13138048,30424618,8192,1544.1332631307603
1768152610.5136154,13146240,30424618,8192,8000.0
1768152610.513646,13154432,30424618,8192,8000.0
1768152610.513662,13158784,30424618,8192,4250.0
1768152610.5220065,13166976,30424618,8192,960.0383875222224
1768152610.5222666,13175168,30424618,8192,8000.0
1768152610.522289,13179008,30424618,8192,3750.0
1768152610.5240214,13187200,30424618,8192,4640.639857808415
1768152610.5246572,13195392,30424618,8192,8000.0
1768152610.5247223,13203584,30424618,8192,8000.0
1768152610.524762,13211776,30424618,8192,8000.0
1768152610.525938,13219968,30424618,8192,6844.626661816693
1768152610.526005,13228160,30424618,8192,8000.0
1768152610.5260386,13236352,30424618,8192,8000.0
1768152610.526071,13244544,30424618,8192,8000.0
1768152610.5283458,13252736,30424618,8192,3527.025770580419
1768152610.528382,13260928,30424618,8192,8000.0
1768152610.5284128,13269120,30424618,8192,8000.0
1768152610.5284448,13277312,30424618,8192,8000.0
1768152610.5303576,13285504,30424618,8192,4196.611316573468
1768152610.5303924,13293696,30424618,8192,8000.0
1768152610.530423,13301888,30424618,8192,8000.0
1768152610.530438,13306240,30424618,8192,4250.0
1768152610.5324225,13314432,30424618,8192,4045.103288425595
1768152610.5324602,13322624,30424618,8192,8000.0
1768152610.5352585,13330816,30424618,8192,2866.8697938925197
1768152610.5352983,13339008,30424618,8192,8000.0
1768152610.5353305,13347200,30424618,8192,8000.0
1768152610.5353627,13355392,30424618,8192,8000.0
1768152610.535403,13363584,30424618,8192,8000.0
1768152610.5356765,13371776,30424618,8192,8000.0
1768152610.5357175,13379968,30424618,8192,8000.0
1768152610.5357494,13388160,30424618,8192,8000.0
1768152610.5357788,13396352,30424618,8192,8000.0
1768152610.5358155,13404544,30424618,8192,8000.0
1768152610.5358438,13412736,30424618,8192,8000.0
1768152610.5358737,13420928,30424618,8192,8000.0
1768152610.538973,13429120,30424618,8192,2588.6616485726427
1768152610.539278,13437312,30424618,8192,8000.0
1768152610.539327,13445504,30424618,8192,8000.0
1768152610.5393677,13453696,30424618,8192,8000.0
1768152610.5409496,13461888,30424618,8192,5083.884491370943
1768152610.5410178,13470080,30424618,8192,8000.0
1768152610.5432892,13478272,30424618,8192,3533.4130004056874
1768152610.5433247,13486464,30424618,8192,8000.0
1768152610.543355,13494656,30424618,8192,8000.0
1768152610.5435314,13502848,30424618,8192,8000.0
1768152610.545745,13511040,30424618,8192,3627.624504219996
1768152610.5459151,13519232,30424618,8192,8000.0
1768152610.5460484,13527424,30424618,8192,8000.0
1768152610.546087,13535616,30424618,8192,8000.0
1768152610.5481517,13543808,30424618,8192,3888.9700079579616
1768152610.54819,13552000,30424618,8192,8000.0
1768152610.548222,13560192,30424618,8192,8000.0
1768152610.5482557,13568384,30424618,8192,8000.0
1768152610.5498261,13576576,30424618,8192,5119.345023984076
1768152610.5498688,13584768,30424618,8192,8000.0
1768152610.549902,13592960,30424618,8192,8000.0
1768152610.549936,13601152,30424618,8192,8000.0
1768152610.5519228,13609344,30424618,8192,4041.8328614100715
1768152610.5519626,13617536,30424618,8192,8000.0
1768152610.5539224,13625728,30424618,8192,4098.151031373875
1768152610.5541723,13633920,30424618,8192,8000.0
1768152610.5542123,13642112,30424618,8192,8000.0
1768152610.5542462,13650304,30424618,8192,8000.0
1768152610.5562172,13658496,30424618,8192,4075.3947081854026
1768152610.5562546,13666688,30424618,8192,8000.0
1768152610.5562859,13674880,30424618,8192,8000.0
1768152610.5563188,13683072,30424618,8192,8000.0
1768152610.5593681,13691264,30424618,8192,2630.5404835683753
1768152610.5595868,13699456,30424618,8192,8000.0
1768152610.5596323,13707648,30424618,8192,8000.0
1768152610.5596697,13715840,30424618,8192,8000.0
1768152610.5616527,13724032,30424618,8192,4051.453183132856
1768152610.5616996,13732224,30424618,8192,8000.0
1768152610.561746,13740416,30424618,8192,8000.0
1768152610.5617867,13748608,30424618,8192,8000.0
1768152610.5679233,13756800,30424618,8192,1305.7387528997901
1768152610.5681846,13764992,30424618,8192,8000.0
1768152610.5700004,13773184,30424618,8192,4428.207635545942
1768152610.5700412,13781376,30424618,8192,8000.0
1768152610.5700731,13789568,30424618,8192,8000.0
1768152610.5701056,13797760,30424618,8192,8000.0
1768152610.5722752,13805952,30424618,8192,3701.3044362238093
1768152610.5723183,13814144,30424618,8192,8000.0
1768152610.5723534,13822336,30424618,8192,8000.0
1768152610.5725477,13830528,30424618,8192,8000.0
1768152610.5746298,13838720,30424618,8192,3858.5828031672063
1768152610.5747986,13846912,30424618,8192,8000.0
1768152610.5750005,13855104,30424618,8192,8000.0
1768152610.5751488,13863296,30424618,8192,8000.0
1768152610.576445,13871488,30424618,8192,6207.806713877191
1768152610.5764813,13879680,30424618,8192,8000.0
1768152610.5765119,13887872,30424618,8192,8000.0
1768152610.5766337,13896064,30424618,8192,8000.0
1768152610.577952,13904256,30424618,8192,6102.212187396883
1768152610.577987,13912448,30424618,8192,8000.0
1768152610.5795941,13920640,30424618,8192,4999.374835929482
1768152610.579631,13928832,30424618,8192,8000.0
1768152610.5810764,13937024,30424618,8192,5562.895908941371
1768152610.5811129,13945216,30424618,8192,8000.0
1768152610.5842528,13953408,30424618,8192,2555.420613313054
1768152610.5843287,13961600,30424618,8192,8000.0
1768152610.5843728,13969792,30424618,8192,8000.0
1768152610.5844126,13977984,30424618,8192,8000.0
1768152610.5861502,13986176,30424618,8192,4627.219593272919
1768152610.5861928,13994368,30424618,8192,8000.0
1768152610.5874422,14002560,30424618,8192,6443.2994459957945
1768152610.5874841,14010752,30424618,8192,8000.0
1768152610.588621,14018944,30424618,8192,7088.428273059229
1768152610.5888212,14027136,30424618,8192,8000.0
1768152610.5912018,14035328,30424618,8192,3373.8193131220773
1768152610.5912478,14043520,30424618,8192,8000.0
1768152610.592425,14051712,30424618,8192,6843.455630428275
1768152610.5924666,14059904,30424618,8192,8000.0
1768152610.5942175,14068096,30424618,8192,4594.7961221551095
1768152610.594272,14076288,30424618,8192,8000.0
1768152610.597546,14084480,30424618,8192,2449.4793439451632
1768152610.5979066,14092672,30424618,8192,8000.0
1768152610.5982385,14100864,30424618,8192,8000.0
1768152610.5982788,14109056,30424618,8192,8000.0
1768152610.599985,14117248,30424618,8192,4710.869985853572
1768152610.600027,14125440,30424618,8192,8000.0
1768152610.6020668,14133632,30424618,8192,3937.589235951747
1768152610.6021097,14141824,30424618,8192,8000.0
1768152610.602849,14150016,30424618,8192,8000.0
1768152610.603115,14158208,30424618,8192,8000.0
1768152610.6046734,14166400,30424618,8192,5164.956430945841
1768152610.6048295,14174592,30424618,8192,8000.0
1768152610.606677,14182784,30424618,8192,4350.900294739017
1768152610.6068666,14190976,30424618,8192,8000.0
1768152610.607872,14199168,30424618,8192,8000.0
1768152610.607918,14207360,30424618,8192,8000.0
1768152610.613358,14215552,30424618,8192,1472.9167668373436
1768152610.6134017,14223744,30424618,8192,8000.0
1768152610.6134365,14231936,30424618,8192,8000.0
1768152610.6134708,14240128,30424618,8192,8000.0
1768152610.6158588,14248320,30424618,8192,3361.2031993889527
1768152610.6159012,14256512,30424618,8192,8000.0
1768152610.6159346,14264704,30424618,8192,8000.0
1768152610.615969,14272896,30424618,8192,8000.0
1768152610.6171155,14281088,30424618,8192,7023.088757514977
1768152610.617156,14289280,30424618,8192,8000.0
1768152610.618492,14297472,30424618,8192,6022.281976396191
1768152610.6185308,14305664,30424618,8192,8000.0
1768152610.6196988,14313856,30424618,8192,6893.581109838897
1768152610.6197383,14322048,30424618,8192,8000.0
1768152610.6213734,14330240,30424618,8192,4916.118921765009
1768152610.621415,14338432,30424618,8192,8000.0
1768152610.622749,14346624,30424618,8192,6028.181853876531
1768152610.6229641,14354816,30424618,8192,8000.0
1768152610.6323957,14363008,30424618,8192,849.0946500871848
1768152610.6324382,14371200,30424618,8192,8000.0
1768152610.639326,14379392,30424618,8192,1163.0273618825101
1768152610.6393669,14387584,30424618,8192,8000.0
1768152610.6393986,14395776,30424618,8192,8000.0
1768152610.639443,14403968,30424618,8192,8000.0
1768152610.6411774,14412160,30424618,8192,4632.578623722678
1768152610.641486,14420352,30424618,8192,8000.0
1768152610.641529,14428544,30424618,8192,8000.0
1768152610.6415622,14436736,30424618,8192,8000.0
1768152610.644272,14444928,30424618,8192,2960.331715448612
1768152610.6443064,14453120,30424618,8192,8000.0
1768152610.6443353,14461312,30424618,8192,8000.0
1768152610.6443658,14469504,30424618,8192,8000.0
1768152610.6461968,14477696,30424618,8192,4415.986296457853
1768152610.646376,14485888,30424618,8192,8000.0
1768152610.646517,14494080,30424618,8192,8000.0
1768152610.6466446,14502272,30424618,8192,8000.0
1768152610.648697,14510464,30424618,8192,3913.320249502261
1768152610.6488733,14518656,30424618,8192,8000.0
1768152610.6490278,14526848,30424618,8192,8000.0
1768152610.6491978,14535040,30424618,8192,8000.0
1768152610.6514215,14543232,30424618,8192,3615.002117149055
1768152610.6515052,14551424,30424618,8192,8000.0
1768152610.6529803,14559616,30424618,8192,5455.165827031505
1768152610.6530201,14567808,30424618,8192,8000.0
1768152610.6530533,14576000,30424618,8192,8000.0
1768152610.6530883,14584192,30424618,8192,8000.0
1768152610.6550765,14592384,30424618,8192,4039.180153979046
1768152610.655118,14600576,30424618,8192,8000.0
1768152610.6551526,14608768,30424618,8192,8000.0
1768152610.6552203,14616960,30424618,8192,8000.0
1768152610.6573262,14625152,30424618,8192,3813.155549853782
1768152610.6573668,14633344,30424618,8192,8000.0
1768152610.6574,14641536,30424618,8192,8000.0
1768152610.6574345,14649728,30424618,8192,8000.0
1768152610.6593091,14657920,30424618,8192,4285.637463242521
1768152610.6593497,14666112,30424618,8192,8000.0
1768152610.6593838,14674304,30424618,8192,8000.0
1768152610.6597517,14682496,30424618,8192,8000.0
1768152610.6615446,14690688,30424618,8192,4485.5621979631005
1768152610.6615841,14698880,30424618,8192,8000.0
1768152610.6633296,14707072,30424618,8192,4604.051055509521
1768152610.663366,14715264,30424618,8192,8000.0
1768152610.663397,14723456,30424618,8192,8000.0
1768152610.6634293,14731648,30424618,8192,8000.0
1768152610.6685808,14739840,30424618,8192,1555.6031099260188
1768152610.6687818,14748032,30424618,8192,8000.0
1768152610.6688256,14756224,30424618,8192,8000.0
1768152610.6688635,14764416,30424618,8192,8000.0
1768152610.67074,14772608,30424618,8192,4280.592531206144
1768152610.6707785,14780800,30424618,8192,8000.0
1768152610.6708255,14788992,30424618,8192,8000.0
1768152610.6708622,14797184,30424618,8192,8000.0
1768152610.6724663,14805376,30424618,8192,5012.217499803433
1768152610.6726394,14813568,30424618,8192,8000.0
1768152610.6726775,14821760,30424618,8192,8000.0
1768152610.6727116,14829952,30424618,8192,8000.0
1768152610.6757894,14838144,30424618,8192,2606.37250550388
1768152610.6758323,14846336,30424618,8192,8000.0
1768152610.6778247,14854528,30424618,8192,4076.848753217543
1768152610.677871,14862720,30424618,8192,8000.0
1768152610.6779041,14870912,30424618,8192,8000.0
1768152610.678645,14879104,30424618,8192,8000.0
1768152610.6799273,14887296,30424618,8192,6298.221282980907
1768152610.679966,14895488,30424618,8192,8000.0
1768152610.6799974,14903680,30424618,8192,8000.0
1768152610.6800303,14911872,30424618,8192,8000.0
1768152610.681951,14920064,30424618,8192,4183.00651231872
1768152610.6819932,14928256,30424618,8192,8000.0
1768152610.6820652,14936448,30424618,8192,8000.0
1768152610.682391,14944640,30424618,8192,8000.0
1768152610.6841607,14952832,30424618,8192,4546.746209042086
1768152610.6844943,14961024,30424618,8192,8000.0
1768152610.6846626,14969216,30424618,8192,8000.0
1768152610.6851473,14977408,30424618,8192,8000.0
1768152610.6857889,14985600,30424618,8192,8000.0
1768152610.6858287,14993792,30424618,8192,8000.0
1768152610.6877463,15001984,30424618,8192,4188.262411021601
1768152610.6877928,15010176,30424618,8192,8000.0
1768152610.6888387,15018368,30424618,8192,7698.229431388671
1768152610.6888764,15026560,30424618,8192,8000.0
1768152610.6909475,15034752,30424618,8192,3875.5932283531356
1768152610.6909866,15042944,30424618,8192,8000.0
1768152610.692718,15051136,30424618,8192,4637.681525987006
1768152610.6927795,15059328,30424618,8192,8000.0
1768152610.6936748,15067520,30424618,8192,8000.0
1768152610.6937108,15075712,30424618,8192,8000.0
1768152610.6953535,15083904,30424618,8192,4889.377471637553
1768152610.6953902,15092096,30424618,8192,8000.0
1768152610.6971018,15100288,30424618,8192,4691.256497357803
1768152610.697138,15108480,30424618,8192,8000.0
1768152610.6984448,15116672,30424618,8192,6156.6882584825335
1768152610.6984844,15124864,30424618,8192,8000.0
1768152610.700757,15133056,30424618,8192,3532.7888555496825
1768152610.70094,15141248,30424618,8192,8000.0
1768152610.701409,15149440,30424618,8192,8000.0
1768152610.7014463,15157632,30424618,8192,8000.0
1768152610.703786,15165824,30424618,8192,3429.6492206721587
1768152610.7038252,15174016,30424618,8192,8000.0
1768152610.7056243,15182208,30424618,8192,4465.532205946819
1768152610.705665,15190400,30424618,8192,8000.0
1768152610.7079473,15198592,30424618,8192,3516.792542869168
1768152610.7082632,15206784,30424618,8192,8000.0
1768152610.7089446,15214976,30424618,8192,8000.0
1768152610.708982,15223168,30424618,8192,8000.0
1768152610.7112427,15231360,30424618,8192,3550.66346222705
1768152610.711284,15239552,30424618,8192,8000.0
1768152610.7165608,15247744,30424618,8192,1518.9777453035115
1768152610.7166026,15255936,30424618,8192,8000.0
1768152610.7166345,15264128,30424618,8192,8000.0
1768152610.7170084,15272320,30424618,8192,8000.0
1768152610.717937,15280512,30424618,8192,8000.0
1768152610.7180936,15288704,30424618,8192,8000.0
1768152610.7193048,15296896,30424618,8192,6651.14688983925
1768152610.7196164,15305088,30424618,8192,8000.0
1768152610.7233272,15313280,30424618,8192,2163.565566075487
1768152610.7234046,15321472,30424618,8192,8000.0
1768152610.7242892,15329664,30424618,8192,8000.0
1768152610.72433,15337856,30424618,8192,8000.0
1768152610.7243614,15346048,30424618,8192,8000.0
1768152610.7243943,15354240,30424618,8192,8000.0
1768152610.7271419,15362432,30424618,8192,2920.9874005530537
1768152610.7272034,15370624,30424618,8192,8000.0
1768152610.727242,15378816,30424618,8192,8000.0
1768152610.7272806,15387008,30424618,8192,8000.0
1768152610.727821,15395200,30424618,8192,8000.0
1768152610.7278666,15403392,30424618,8192,8000.0
1768152610.7305236,15411584,30424618,8192,3020.235412090351
1768152610.7305639,15419776,30424618,8192,8000.0
1768152610.7319772,15427968,30424618,8192,5692.734214554092
1768152610.7320192,15436160,30424618,8192,8000.0
1768152610.734378,15444352,30424618,8192,3402.807354081241
1768152610.7344186,15452544,30424618,8192,8000.0
1768152610.7353601,15460736,30424618,8192,8000.0
1768152610.7356613,15468928,30424618,8192,8000.0
1768152610.7363203,15477120,30424618,8192,8000.0
1768152610.7363577,15485312,30424618,8192,8000.0
1768152610.7393992,15493504,30424618,8192,2637.5655888720903
1768152610.7394476,15501696,30424618,8192,8000.0
1768152610.7401462,15509888,30424618,8192,8000.0
1768152610.7401931,15518080,30424618,8192,8000.0
1768152610.740501,15526272,30424618,8192,8000.0
1768152610.7407193,15534464,30424618,8192,8000.0
1768152610.7431717,15542656,30424618,8192,3274.2600952515813
1768152610.743214,15550848,30424618,8192,8000.0
1768152610.7446377,15559040,30424618,8192,5648.12170052497
1768152610.7446795,15567232,30424618,8192,8000.0
1768152610.746516,15575424,30424618,8192,4373.735539481347
1768152610.7465553,15583616,30424618,8192,8000.0
1768152610.748177,15591808,30424618,8192,4958.165287095252
1768152610.7483888,15600000,30424618,8192,8000.0
1768152610.750565,15608192,30424618,8192,3692.5915976566266
1768152610.7507195,15616384,30424618,8192,8000.0
1768152610.7520556,15624576,30424618,8192,6026.818911305459
1768152610.7522488,15632768,30424618,8192,8000.0
1768152610.752768,15640960,30424618,8192,8000.0
1768152610.752901,15649152,30424618,8192,8000.0
1768152610.7547781,15657344,30424618,8192,4284.031769404623
1768152610.7548397,15665536,30424618,8192,8000.0
1768152610.756771,15673728,30424618,8192,4158.004197002318
1768152610.7568114,15681920,30424618,8192,8000.0
1768152610.7586915,15690112,30424618,8192,4270.082854405595
1768152610.7587292,15698304,30424618,8192,8000.0
1768152610.7595549,15706496,30424618,8192,8000.0
1768152610.759591,15714688,30424618,8192,8000.0
1768152610.7610717,15722880,30424618,8192,5427.039620218056
1768152610.7612865,15731072,30424618,8192,8000.0
1768152610.7725737,15739264,30424618,8192,709.4714471392979
1768152610.7726164,15747456,30424618,8192,8000.0
1768152610.7726474,15755648,30424618,8192,8000.0
1768152610.772679,15763840,30424618,8192,8000.0
1768152610.7741103,15772032,30424618,8192,5623.110960403898
1768152610.7741516,15780224,30424618,8192,8000.0
1768152610.7741838,15788416,30424618,8192,8000.0
1768152610.774386,15796608,30424618,8192,8000.0
1768152610.7763357,15804800,30424618,8192,4123.286530154763
1768152610.77638,15812992,30424618,8192,8000.0
1768152610.778694,15821184,30424618,8192,3469.8128395362937
1768152610.7787335,15829376,30424618,8192,8000.0
1768152610.778778,15837568,30424618,8192,8000.0
1768152610.7788117,15845760,30424618,8192,8000.0
1768152610.7806146,15853952,30424618,8192,4456.576115683013
1768152610.7808096,15862144,30424618,8192,8000.0
1768152610.780851,15870336,30424618,8192,8000.0
1768152610.780887,15878528,30424618,8192,8000.0
1768152610.78261,15886720,30424618,8192,4660.918116703441
1768152610.7826452,15894912,30424618,8192,8000.0
1768152610.7826762,15903104,30424618,8192,8000.0
1768152610.7827082,15911296,30424618,8192,8000.0
1768152610.7853258,15919488,30424618,8192,3063.4907376845576
1768152610.785669,15927680,30424618,8192,8000.0
1768152610.7857096,15935872,30424618,8192,8000.0
1768152610.785743,15944064,30424618,8192,8000.0
1768152610.7873926,15952256,30424618,8192,4869.7340983050335
1768152610.787429,15960448,30424618,8192,8000.0
1768152610.7896407,15968640,30424618,8192,3628.1178708023303
1768152610.7896757,15976832,30424618,8192,8000.0
1768152610.789706,15985024,30424618,8192,8000.0
1768152610.7899601,15993216,30424618,8192,8000.0
1768152610.7927287,16001408,30424618,8192,2900.757897829396
1768152610.7927878,16009600,30424618,8192,8000.0
1768152610.7928185,16017792,30424618,8192,8000.0
1768152610.7928524,16025984,30424618,8192,8000.0
1768152610.7939246,16034176,30424618,8192,7508.917096640674
1768152610.793958,16042368,30424618,8192,8000.0
1768152610.7939866,16050560,30424618,8192,8000.0
1768152610.7940257,16058752,30424618,8192,8000.0
1768152610.7963398,16066944,30424618,8192,3468.6092878676895
1768152610.7963786,16075136,30424618,8192,8000.0
1768152610.7978182,16083328,30424618,8192,5582.303762169953
1768152610.797856,16091520,30424618,8192,8000.0
1768152610.7994022,16099712,30424618,8192,5199.194265226901
1768152610.799441,16107904,30424618,8192,8000.0
1768152610.8007364,16116096,30424618,8192,6211.662823457269
1768152610.800775,16124288,30424618,8192,8000.0
1768152610.8010101,16132480,30424618,8192,8000.0
1768152610.8010447,16140672,30424618,8192,8000.0
1768152610.8032904,16148864,30424618,8192,3574.141200248611
1768152610.8033295,16157056,30424618,8192,8000.0
1768152610.8054578,16165248,30424618,8192,3773.584767868406
1768152610.8055022,16173440,30424618,8192,8000.0
1768152610.806784,16181632,30424618,8192,6279.4340878275825
1768152610.8069944,16189824,30424618,8192,8000.0
1768152610.8091671,16198016,30424618,8192,3697.1994649995427
1768152610.8092074,16206208,30424618,8192,8000.0
1768152610.810239,16214400,30424618,8192,7814.027096868976
1768152610.8102822,16222592,30424618,8192,8000.0
1768152610.8121212,16230784,30424618,8192,4368.481189578525
1768152610.8121607,16238976,30424618,8192,8000.0
1768152610.8129978,16247168,30424618,8192,8000.0
1768152610.8133554,16255360,30424618,8192,8000.0
1768152610.81809,16263552,30424618,8192,1693.1575252136286
1768152610.8181272,16271744,30424618,8192,8000.0
1768152610.818156,16279936,30424618,8192,8000.0
1768152610.8181865,16288128,30424618,8192,8000.0
1768152610.8195584,16296320,30424618,8192,5857.372302089288
1768152610.8195934,16304512,30424618,8192,8000.0
1768152610.8216033,16312704,30424618,8192,3994.607281889701
1768152610.821814,16320896,30424618,8192,8000.0
1768152610.8231535,16329088,30424618,8192,6007.810627331411
1768152610.8233185,16337280,30424618,8192,8000.0
1768152610.8246033,16345472,30424618,8192,6299.2131364893685
1768152610.8247428,16353664,30424618,8192,8000.0
1768152610.8252387,16361856,30424618,8192,8000.0
1768152610.8252757,16370048,30424618,8192,8000.0
1768152610.8260214,16378240,30424618,8192,8000.0
1768152610.8260574,16386432,30424618,8192,8000.0
1768152610.8282716,16394624,30424618,8192,3625.1589176898024
1768152610.8283136,16402816,30424618,8192,8000.0
1768152610.8305407,16411008,30424618,8192,3603.928434414716
1768152610.830579,16419200,30424618,8192,8000.0
1768152610.831937,16427392,30424618,8192,5918.911733298283
1768152610.8319736,16435584,30424618,8192,8000.0
1768152610.8360655,16443776,30424618,8192,1959.0077566123002
1768152610.8361115,16451968,30424618,8192,8000.0
1768152610.8384044,16460160,30424618,8192,3502.0134047820175
1768152610.8384435,16468352,30424618,8192,8000.0
1768152610.8384748,16476544,30424618,8192,8000.0
1768152610.838519,16484736,30424618,8192,8000.0
1768152610.840085,16492928,30424618,8192,5133.470252015567
1768152610.840126,16501120,30424618,8192,8000.0
1768152610.841634,16509312,30424618,8192,5333.333286974165
1768152610.841921,16517504,30424618,8192,8000.0
1768152610.8434675,16525696,30424618,8192,5205.961017418587
1768152610.8435054,16533888,30424618,8192,8000.0
1768152610.8435373,16542080,30424618,8192,8000.0
1768152610.8435705,16550272,30424618,8192,8000.0
1768152610.8463442,16558464,30424618,8192,2892.4722304977827
1768152610.846386,16566656,30424618,8192,8000.0
1768152610.847227,16574848,30424618,8192,8000.0
1768152610.847459,16583040,30424618,8192,8000.0
1768152610.8477535,16591232,30424618,8192,8000.0
1768152610.8477895,16599424,30424618,8192,8000.0
1768152610.849621,16607616,30424618,8192,4385.724379886272
1768152610.849663,16615808,30424618,8192,8000.0
1768152610.852345,16624000,30424618,8192,2991.99629393679
1768152610.85239,16632192,30424618,8192,8000.0
1768152610.8549182,16640384,30424618,8192,3175.4852857741334
1768152610.8551326,16648576,30424618,8192,8000.0
1768152610.8565505,16656768,30424618,8192,5677.383117554781
1768152610.8567069,16664960,30424618,8192,8000.0
1768152610.8630145,16673152,30424618,8192,1270.2041864341234
1768152610.8631918,16681344,30424618,8192,8000.0
1768152610.8633165,16689536,30424618,8192,8000.0
1768152610.8634577,16697728,30424618,8192,8000.0
1768152610.8648298,16705920,30424618,8192,5865.962148549623
1768152610.864866,16714112,30424618,8192,8000.0
1768152610.8648982,16722304,30424618,8192,8000.0
1768152610.8649304,16730496,30424618,8192,8000.0
1768152610.8667018,16738688,30424618,8192,4533.348317245498
1768152610.8667371,16746880,30424618,8192,8000.0
1768152610.8667674,16755072,30424618,8192,8000.0
1768152610.8667994,16763264,30424618,8192,8000.0
1768152610.8722677,16771456,30424618,8192,1465.4161445904194
1768152610.8725142,16779648,30424618,8192,8000.0
1768152610.8752446,16787840,30424618,8192,2940.8522466407826
1768152610.8752844,16796032,30424618,8192,8000.0
1768152610.8753145,16804224,30424618,8192,8000.0
1768152610.8753462,16812416,30424618,8192,8000.0
1768152610.8773766,16820608,30424618,8192,3957.0655541960878
1768152610.877427,16828800,30424618,8192,8000.0
1768152610.8774579,16836992,30424618,8192,8000.0
1768152610.8776314,16845184,30424618,8192,8000.0
1768152610.8797474,16853376,30424618,8192,3797.0476257939076
1768152610.879787,16861568,30424618,8192,8000.0
1768152610.8798203,16869760,30424618,8192,8000.0
1768152610.8798685,16877952,30424618,8192,8000.0
1768152610.8826976,16886144,30424618,8192,2836.6781954791622
1768152610.8827384,16894336,30424618,8192,8000.0
1768152610.8827727,16902528,30424618,8192,8000.0
1768152610.8829763,16910720,30424618,8192,8000.0
1768152610.8865564,16918912,30424618,8192,2240.206056713113
1768152610.8865938,16927104,30424618,8192,8000.0
1768152610.8866243,16935296,30424618,8192,8000.0
1768152610.886657,16943488,30424618,8192,8000.0
1768152610.88885,16951680,30424618,8192,3660.824613202594
1768152610.8888874,16959872,30424618,8192,8000.0
1768152610.8889194,16968064,30424618,8192,8000.0
1768152610.8891835,16976256,30424618,8192,8000.0
1768152610.8904817,16984448,30424618,8192,6220.839748789136
1768152610.8905284,16992640,30424618,8192,8000.0
1768152610.8926098,17000832,30424618,8192,3857.094932966749
1768152610.8926463,17009024,30424618,8192,8000.0
1768152610.892677,17017216,30424618,8192,8000.0
1768152610.8927088,17025408,30424618,8192,8000.0
1768152610.8933535,17033600,30424618,8192,8000.0
1768152610.8940713,17041792,30424618,8192,8000.0
1768152610.8959353,17049984,30424618,8192,4315.227288117712
1768152610.8959703,17058176,30424618,8192,8000.0
1768152610.8968525,17066368,30424618,8192,8000.0
1768152610.8968854,17074560,30424618,8192,8000.0
1768152610.8993275,17082752,30424618,8192,3284.611703363273
1768152610.8993604,17090944,30424618,8192,8000.0
1768152610.89939,17099136,30424618,8192,8000.0
1768152610.8994281,17107328,30424618,8192,8000.0
1768152610.9017699,17115520,30424618,8192,3425.244259158187
1768152610.9018042,17123712,30424618,8192,8000.0
1768152610.901834,17131904,30424618,8192,8000.0
1768152610.9018655,17140096,30424618,8192,8000.0
1768152610.9033651,17148288,30424618,8192,5355.827517971229
1768152610.9033997,17156480,30424618,8192,8000.0
1768152610.9054587,17164672,30424618,8192,3899.775723506974
1768152610.905647,17172864,30424618,8192,8000.0
1768152610.9070454,17181056,30424618,8192,5753.7394765296385
1768152610.9070811,17189248,30424618,8192,8000.0
1768152610.9071114,17197440,30424618,8192,8000.0
1768152610.9071436,17205632,30424618,8192,8000.0
1768152610.9083738,17213824,30424618,8192,6540.2223631625075
1768152610.9084136,17222016,30424618,8192,8000.0
1768152610.909847,17230208,30424618,8192,5610.491497819958
1768152610.9100316,17238400,30424618,8192,8000.0
1768152610.9110043,17246592,30424618,8192,8000.0
1768152610.911046,17254784,30424618,8192,8000.0
1768152610.9131923,17262976,30424618,8192,3741.9896327801657
1768152610.9132614,17271168,30424618,8192,8000.0
1768152610.9146101,17279360,30424618,8192,5968.812606867487
1768152610.91465,17287552,30424618,8192,8000.0
1768152610.915892,17295744,30424618,8192,6481.931171402921
1768152610.9162776,17303936,30424618,8192,8000.0
1768152610.9218962,17312128,30424618,8192,1426.966041438147
1768152610.9219398,17320320,30424618,8192,8000.0
1768152610.9219728,17328512,30424618,8192,8000.0
1768152610.9220064,17336704,30424618,8192,8000.0
1768152610.926971,17344896,30424618,8192,1614.237607437351
1768152610.9270122,17353088,30424618,8192,8000.0
1768152610.9270422,17361280,30424618,8192,8000.0
1768152610.9272747,17369472,30424618,8192,8000.0
1768152610.9336834,17377664,30424618,8192,1250.0781165792582
1768152610.9342794,17385856,30424618,8192,8000.0
1768152610.9343343,17394048,30424618,8192,8000.0
1768152610.9343708,17402240,30424618,8192,8000.0
1768152610.940259,17410432,30424618,8192,1360.7988016324798
1768152610.9402993,17418624,30424618,8192,8000.0
1768152610.9403307,17426816,30424618,8192,8000.0
1768152610.940362,17435008,30424618,8192,8000.0
1768152610.9403915,17443200,30424618,8192,8000.0
1768152610.940423,17451392,30424618,8192,8000.0
1768152610.942084,17459584,30424618,8192,4837.344239497103
1768152610.9421215,17467776,30424618,8192,8000.0
1768152610.9421523,17475968,30424618,8192,8000.0
1768152610.9421842,17484160,30424618,8192,8000.0
1768152610.948172,17492352,30424618,8192,1338.1059358807934
1768152610.9482143,17500544,30424618,8192,8000.0
1768152610.9502428,17508736,30424618,8192,3959.2199963795215
1768152610.9503088,17516928,30424618,8192,8000.0
1768152610.9503436,17525120,30424618,8192,8000.0
1768152610.9503775,17533312,30424618,8192,8000.0
1768152610.9524891,17541504,30424618,8192,3801.920047092826
1768152610.9525273,17549696,30424618,8192,8000.0
1768152610.9525597,17557888,30424618,8192,8000.0
1768152610.9528446,17566080,30424618,8192,8000.0
1768152610.9547813,17574272,30424618,8192,4150.02307145353
1768152610.9548182,17582464,30424618,8192,8000.0
1768152610.954849,17590656,30424618,8192,8000.0
1768152610.9548807,17598848,30424618,8192,8000.0
1768152610.956906,17607040,30424618,8192,3964.3211115321087
1768152610.9569397,17615232,30424618,8192,8000.0
1768152610.9569685,17623424,30424618,8192,8000.0
1768152610.95721,17631616,30424618,8192,8000.0
1768152610.9588404,17639808,30424618,8192,4929.447586058682
1768152610.9588766,17648000,30424618,8192,8000.0
1768152610.9610806,17656192,30424618,8192,3641.8262443486874
1768152610.9611158,17664384,30424618,8192,8000.0
1768152610.961147,17672576,30424618,8192,8000.0
1768152610.961179,17680768,30424618,8192,8000.0
1768152610.9634132,17688960,30424618,8192,3591.309087910293
1768152610.9635942,17697152,30424618,8192,8000.0
1768152610.9637442,17705344,30424618,8192,8000.0
1768152610.963935,17713536,30424618,8192,8000.0
1768152610.9655697,17721728,30424618,8192,4917.62955970135
1768152610.9661744,17729920,30424618,8192,8000.0
1768152610.9662259,17738112,30424618,8192,8000.0
1768152610.966262,17746304,30424618,8192,8000.0
1768152610.9692664,17754496,30424618,8192,2669.2470388300717
1768152610.9693024,17762688,30424618,8192,8000.0
1768152610.9693332,17770880,30424618,8192,8000.0
1768152610.969378,17779072,30424618,8192,8000.0
1768152610.9740195,17787264,30424618,8192,1727.3395118197725
1768152610.9740682,17795456,30424618,8192,8000.0
1768152610.9741056,17803648,30424618,8192,8000.0
1768152610.9741445,17811840,30424618,8192,8000.0
1768152610.9760458,17820032,30424618,8192,4227.2124776058145
1768152610.976279,17828224,30424618,8192,8000.0
1768152610.9785097,17836416,30424618,8192,3602.7921188846567
1768152610.978553,17844608,30424618,8192,8000.0
1768152610.9785855,17852800,30424618,8192,8000.0
1768152610.9786193,17860992,30424618,8192,8000.0
1768152610.98042,17869184,30424618,8192,4463.040375625639
1768152610.9804604,17877376,30424618,8192,8000.0
1768152610.9804924,17885568,30424618,8192,8000.0
1768152610.9807382,17893760,30424618,8192,8000.0
1768152610.982333,17901952,30424618,8192,5045.72663906964
1768152610.9824028,17910144,30424618,8192,8000.0
1768152610.9824524,17918336,30424618,8192,8000.0
1768152610.9824886,17926528,30424618,8192,8000.0
1768152610.9844222,17934720,30424618,8192,4154.980799150617
1768152610.9844632,17942912,30424618,8192,8000.0
1768152610.984497,17951104,30424618,8192,8000.0
1768152610.98473,17959296,30424618,8192,8000.0
1768152610.9866507,17967488,30424618,8192,4185.414082393354
1768152610.986696,17975680,30424618,8192,8000.0
1768152610.9891298,17983872,30424618,8192,3298.2890684403073
1768152610.989171,17992064,30424618,8192,8000.0
1768152610.9892042,18000256,30424618,8192,8000.0
1768152610.9892395,18008448,30424618,8192,8000.0
1768152610.991805,18016640,30424618,8192,3125.6104122553243
1768152610.992008,18024832,30424618,8192,8000.0
1768152610.992166,18033024,30424618,8192,8000.0
1768152610.9923232,18041216,30424618,8192,8000.0
1768152610.9940004,18049408,30424618,8192,4791.853782078888
1768152610.9941733,18057600,30424618,8192,8000.0
1768152610.994337,18065792,30424618,8192,8000.0
1768152610.994965,18073984,30424618,8192,8000.0
1768152610.9964259,18082176,30424618,8192,5514.958937319029
1768152610.9965537,18090368,30424618,8192,8000.0
1768152610.9965904,18098560,30424618,8192,8000.0
1768152610.9966218,18106752,30424618,8192,8000.0
1768152610.99903,18114944,30424618,8192,3331.6676517915366
1768152610.9990656,18123136,30424618,8192,8000.0
1768152611.0012596,18131328,30424618,8192,3657.644659883295
1768152611.0012934,18139520,30424618,8192,8000.0
1768152611.001322,18147712,30424618,8192,8000.0
1768152611.0013595,18155904,30424618,8192,8000.0
1768152611.0033123,18164096,30424618,8192,4160.1664621679865
1768152611.0033581,18172288,30424618,8192,8000.0
1768152611.003393,18180480,30424618,8192,8000.0
1768152611.003428,18188672,30424618,8192,8000.0
1768152611.0054793,18196864,30424618,8192,3915.043631875534
1768152611.005531,18205056,30424618,8192,8000.0
1768152611.0055685,18213248,30424618,8192,8000.0
1768152611.0057652,18221440,30424618,8192,8000.0
1768152611.0073884,18229632,30424618,8192,4951.107208858341
1768152611.0074246,18237824,30424618,8192,8000.0
1768152611.0074549,18246016,30424618,8192,8000.0
1768152611.0074868,18254208,30424618,8192,8000.0
1768152611.0097282,18262400,30424618,8192,3579.8986501720574
1768152611.0097663,18270592,30424618,8192,8000.0
1768152611.0120964,18278784,30424618,8192,3444.2672880027817
1768152611.0122743,18286976,30424618,8192,8000.0
1768152611.0123124,18295168,30424618,8192,8000.0
1768152611.012355,18303360,30424618,8192,8000.0
1768152611.0144806,18311552,30424618,8192,3777.1481421753133
1768152611.0145175,18319744,30424618,8192,8000.0
1768152611.0145488,18327936,30424618,8192,8000.0
1768152611.0145814,18336128,30424618,8192,8000.0
1768152611.016777,18344320,30424618,8192,3655.805850972429
1768152611.0172122,18352512,30424618,8192,8000.0
1768152611.0172615,18360704,30424618,8192,8000.0
1768152611.0172951,18368896,30424618,8192,8000.0
1768152611.0187662,18377088,30424618,8192,5466.7214564882415
1768152611.0188015,18385280,30424618,8192,8000.0
1768152611.0188308,18393472,30424618,8192,8000.0
1768152611.0188625,18401664,30424618,8192,8000.0
1768152611.0205085,18409856,30424618,8192,4881.620978741203
1768152611.0207007,18418048,30424618,8192,8000.0
1768152611.022058,18426240,30424618,8192,5940.446461491489
1768152611.022127,18434432,30424618,8192,8000.0
1768152611.023158,18442624,30424618,8192,7840.831364477067
1768152611.0232046,18450816,30424618,8192,8000.0
1768152611.024521,18459008,30424618,8192,6113.871613412471
1768152611.0245652,18467200,30424618,8192,8000.0
1768152611.0307446,18475392,30424618,8192,1296.6805091509887
1768152611.0307958,18483584,30424618,8192,8000.0
1768152611.0308297,18491776,30424618,8192,8000.0
1768152611.0308642,18499968,30424618,8192,8000.0
1768152611.0330114,18508160,30424618,8192,3739.540782636557
1768152611.033054,18516352,30424618,8192,8000.0
1768152611.0330875,18524544,30424618,8192,8000.0
1768152611.0331213,18532736,30424618,8192,8000.0
1768152611.0341935,18540928,30424618,8192,7514.559760232105
1768152611.0342312,18549120,30424618,8192,8000.0
1768152611.0354676,18557312,30424618,8192,6509.887273130312
1768152611.0355058,18565504,30424618,8192,8000.0
1768152611.036811,18573696,30424618,8192,6165.703349172397
1768152611.0368528,18581888,30424618,8192,8000.0
1768152611.0378113,18590080,30424618,8192,8000.0
1768152611.0378492,18598272,30424618,8192,8000.0
1768152611.0391316,18606464,30424618,8192,6271.558805985405
1768152611.0394228,18614656,30424618,8192,8000.0
1768152611.0409896,18622848,30424618,8192,5131.824118681655
1768152611.0410244,18631040,30424618,8192,8000.0
1768152611.0432699,18639232,30424618,8192,3573.6620317567426
1768152611.0433066,18647424,30424618,8192,8000.0
1768152611.0464091,18655616,30424618,8192,2583.979279276366
1768152611.0464435,18663808,30424618,8192,8000.0
1768152611.0464723,18672000,30424618,8192,8000.0
1768152611.0467148,18680192,30424618,8192,8000.0
1768152611.0476062,18688384,30424618,8192,8000.0
1768152611.0476427,18696576,30424618,8192,8000.0
1768152611.0515995,18704768,30424618,8192,2025.8293061906302
1768152611.0516405,18712960,30424618,8192,8000.0
1768152611.053519,18721152,30424618,8192,4276.4742178043825
1768152611.0535748,18729344,30424618,8192,8000.0
1768152611.0575838,18737536,30424618,8192,2000.3000687186316
1768152611.0578,18745728,30424618,8192,8000.0
1768152611.0579724,18753920,30424618,8192,8000.0
1768152611.058146,18762112,30424618,8192,8000.0
1768152611.0615296,18770304,30424618,8192,2370.3703088851967
1768152611.061685,18778496,30424618,8192,8000.0
1768152611.0617259,18786688,30424618,8192,8000.0
1768152611.0617614,18794880,30424618,8192,8000.0
1768152611.064697,18803072,30424618,8192,2732.613800631878
1768152611.0647407,18811264,30424618,8192,8000.0
1768152611.0647745,18819456,30424618,8192,8000.0
1768152611.064806,18827648,30424618,8192,8000.0
1768152611.0648372,18835840,30424618,8192,8000.0
1768152611.0648694,18844032,30424618,8192,8000.0
1768152611.0691004,18852224,30424618,8192,1894.343058657379
1768152611.0691423,18860416,30424618,8192,8000.0
1768152611.0691743,18868608,30424618,8192,8000.0
1768152611.0693896,18876800,30424618,8192,8000.0
1768152611.0732725,18884992,30424618,8192,2065.0490827319895
1768152611.0733101,18893184,30424618,8192,8000.0
1768152611.0733645,18901376,30424618,8192,8000.0
1768152611.0733988,18909568,30424618,8192,8000.0
1768152611.0787902,18917760,30424618,8192,1485.966927815666
1768152611.0788252,18925952,30424618,8192,8000.0
1768152611.0788538,18934144,30424618,8192,8000.0
1768152611.0790615,18942336,30424618,8192,8000.0
1768152611.0807889,18950528,30424618,8192,4651.432752102874
1768152611.0808332,18958720,30424618,8192,8000.0
1768152611.0833948,18966912,30424618,8192,3133.3230318322876
1768152611.0834436,18975104,30424618,8192,8000.0
1768152611.083508,18983296,30424618,8192,8000.0
1768152611.0835488,18991488,30424618,8192,8000.0
1768152611.0838134,18999680,30424618,8192,8000.0
1768152611.0840375,19007872,30424618,8192,8000.0
1768152611.0865984,19016064,30424618,8192,3134.9190921037302
1768152611.0866468,19024256,30424618,8192,8000.0
1768152611.0866907,19032448,30424618,8192,8000.0
1768152611.0867252,19040640,30424618,8192,8000.0
1768152611.090021,19048832,30424618,8192,2433.8301544785577
1768152611.090063,19057024,30424618,8192,8000.0
1768152611.0900965,19065216,30424618,8192,8000.0
1768152611.09031,19073408,30424618,8192,8000.0
1768152611.090802,19081600,30424618,8192,8000.0
1768152611.0909665,19089792,30424618,8192,8000.0
1768152611.095677,19097984,30424618,8192,1701.7293618550498
1768152611.0958612,19106176,30424618,8192,8000.0
1768152611.096037,19114368,30424618,8192,8000.0
1768152611.096175,19122560,30424618,8192,8000.0
1768152611.0993447,19130752,30424618,8192,2530.924760101715
1768152611.0994925,19138944,30424618,8192,8000.0
1768152611.099531,19147136,30424618,8192,8000.0
1768152611.099564,19155328,30424618,8192,8000.0
1768152611.103433,19163520,30424618,8192,2071.6263866919057
1768152611.1034691,19171712,30424618,8192,8000.0
1768152611.1034973,19179904,30424618,8192,8000.0
1768152611.1035268,19188096,30424618,8192,8000.0
1768152611.105347,19196288,30424618,8192,4414.52419944705
1768152611.105391,19204480,30424618,8192,8000.0
1768152611.1077127,19212672,30424618,8192,3456.6191862134974
1768152611.1077492,19220864,30424618,8192,8000.0
1768152611.1077793,19229056,30424618,8192,8000.0
1768152611.1078122,19237248,30424618,8192,8000.0
1768152611.1121037,19245440,30424618,8192,1867.1957439785604
1768152611.11214,19253632,30424618,8192,8000.0
1768152611.1121702,19261824,30424618,8192,8000.0
1768152611.1123605,19270016,30424618,8192,8000.0
1768152611.116597,19278208,30424618,8192,1892.371299073772
1768152611.1166391,19286400,30424618,8192,8000.0
1768152611.1166718,19294592,30424618,8192,8000.0
1768152611.1167054,19302784,30424618,8192,8000.0
1768152611.1167495,19310976,30424618,8192,8000.0
1768152611.1167903,19319168,30424618,8192,8000.0
1768152611.1213243,19327360,30424618,8192,1767.4089755842626
1768152611.1215289,19335552,30424618,8192,8000.0
1768152611.1215773,19343744,30424618,8192,8000.0
1768152611.1216187,19351936,30424618,8192,8000.0
1768152611.1273768,19360128,30424618,8192,1391.4011389814607
1768152611.127419,19368320,30424618,8192,8000.0
1768152611.1274514,19376512,30424618,8192,8000.0
1768152611.1274855,19384704,30424618,8192,8000.0
1768152611.1305103,19392896,30424618,8192,2651.5527805786323
1768152611.133127,19401088,30424618,8192,3072.668571986081
1768152611.1331987,19409280,30424618,8192,8000.0
1768152611.1332393,19417472,30424618,8192,8000.0
1768152611.1336484,19425664,30424618,8192,8000.0
1768152611.1336837,19433856,30424618,8192,8000.0
1768152611.133962,19442048,30424618,8192,8000.0
1768152611.133994,19450240,30424618,8192,8000.0
1768152611.134023,19458432,30424618,8192,8000.0
1768152611.134224,19466624,30424618,8192,8000.0
1768152611.13974,19474816,30424618,8192,1454.1753058922945
1768152611.1401155,19483008,30424618,8192,8000.0
1768152611.1410487,19491200,30424618,8192,8000.0
1768152611.1410897,19499392,30424618,8192,8000.0
1768152611.1411235,19507584,30424618,8192,8000.0
1768152611.141161,19515776,30424618,8192,8000.0
1768152611.1426592,19523968,30424618,8192,5369.848534735965
1768152611.1427023,19532160,30424618,8192,8000.0
1768152611.1427357,19540352,30424618,8192,8000.0
1768152611.1427705,19548544,30424618,8192,8000.0
1768152611.1434908,19556736,30424618,8192,8000.0
1768152611.1435432,19564928,30424618,8192,8000.0
1768152611.1469865,19573120,30424618,8192,2328.831030296655
1768152611.1470418,19581312,30424618,8192,8000.0
1768152611.1474988,19589504,30424618,8192,8000.0
1768152611.1475487,19597696,30424618,8192,8000.0
1768152611.151366,19605888,30424618,8192,2100.0131140583503
1768152611.151415,19614080,30424618,8192,8000.0
1768152611.1514568,19622272,30424618,8192,8000.0
1768152611.1515014,19630464,30424618,8192,8000.0
1768152611.155624,19638656,30424618,8192,1945.0995638720706
1768152611.1556647,19646848,30424618,8192,8000.0
1768152611.1556976,19655040,30424618,8192,8000.0
1768152611.156,19663232,30424618,8192,8000.0
1768152611.1564953,19671424,30424618,8192,8000.0
1768152611.1565387,19679616,30424618,8192,8000.0
1768152611.1629689,19687808,30424618,8192,1246.4553969626088
1768152611.163105,19696000,30424618,8192,8000.0
1768152611.1631427,19704192,30424618,8192,8000.0
1768152611.1631777,19712384,30424618,8192,8000.0
1768152611.1646976,19720576,30424618,8192,5292.055351993669
1768152611.1649442,19728768,30424618,8192,8000.0
1768152611.164992,19736960,30424618,8192,8000.0
1768152611.1650293,19745152,30424618,8192,8000.0
1768152611.1653147,19753344,30424618,8192,8000.0
1768152611.1653502,19761536,30424618,8192,8000.0
1768152611.169274,19769728,30424618,8192,2043.005253167797
1768152611.16932,19777920,30424618,8192,8000.0
1768152611.1708179,19786112,30424618,8192,5372.372406434638
1768152611.171049,19794304,30424618,8192,8000.0
1768152611.1730888,19802496,30424618,8192,3941.4687850731448
1768152611.1733549,19810688,30424618,8192,8000.0
1768152611.1735628,19818880,30424618,8192,8000.0
1768152611.173883,19827072,30424618,8192,8000.0
1768152611.1801028,19835264,30424618,8192,1288.8466676776964
1768152611.1806245,19843456,30424618,8192,8000.0
1768152611.1806943,19851648,30424618,8192,8000.0
1768152611.1807506,19859840,30424618,8192,8000.0
1768152611.1832073,19868032,30424618,8192,3267.439938271922
1768152611.1832502,19876224,30424618,8192,8000.0
1768152611.1832826,19884416,30424618,8192,8000.0
1768152611.1833177,19892608,30424618,8192,8000.0
1768152611.1852179,19900800,30424618,8192,4227.6592613573375
1768152611.185259,19908992,30424618,8192,8000.0
1768152611.1852913,19917184,30424618,8192,8000.0
1768152611.1855054,19925376,30424618,8192,8000.0
1768152611.1873853,19933568,30424618,8192,4274.8743179868825
1768152611.1874213,19941760,30424618,8192,8000.0
1768152611.187451,19949952,30424618,8192,8000.0
1768152611.187482,19958144,30424618,8192,8000.0
1768152611.192591,19966336,30424618,8192,1569.0274530293946
1768152611.1926348,19974528,30424618,8192,8000.0
1768152611.193777,19982720,30424618,8192,7052.808483796788
1768152611.193983,19990912,30424618,8192,8000.0
1768152611.1940289,19999104,30424618,8192,8000.0
1768152611.1940658,20007296,30424618,8192,8000.0
1768152611.1960535,20015488,30424618,8192,4040.812323301317
1768152611.1960924,20023680,30424618,8192,8000.0
1768152611.1961253,20031872,30424618,8192,8000.0
1768152611.1961577,20040064,30424618,8192,8000.0
1768152611.1989133,20048256,30424618,8192,2912.7980272848854
1768152611.1993258,20056448,30424618,8192,8000.0
1768152611.1993837,20064640,30424618,8192,8000.0
1768152611.1994216,20072832,30424618,8192,8000.0
1768152611.2007966,20081024,30424618,8192,5854.372294909264
1768152611.2008388,20089216,30424618,8192,8000.0
1768152611.200873,20097408,30424618,8192,8000.0
1768152611.2009134,20105600,30424618,8192,8000.0
1768152611.2036455,20113792,30424618,8192,2937.1811469831005
1768152611.2041569,20121984,30424618,8192,8000.0
1768152611.2055488,20130176,30424618,8192,5797.94258676942
1768152611.2055905,20138368,30424618,8192,8000.0
1768152611.2056243,20146560,30424618,8192,8000.0
1768152611.2058814,20154752,30424618,8192,8000.0
1768152611.2093043,20162944,30424618,8192,2345.6971059366115
1768152611.2093637,20171136,30424618,8192,8000.0
1768152611.2095068,20179328,30424618,8192,8000.0
1768152611.209926,20187520,30424618,8192,8000.0
1768152611.2143292,20195712,30424618,8192,1822.61407964184
1768152611.214522,20203904,30424618,8192,8000.0
1768152611.214562,20212096,30424618,8192,8000.0
1768152611.2146492,20220288,30424618,8192,8000.0
1768152611.2157667,20228480,30424618,8192,7220.868714948783
1768152611.2158036,20236672,30424618,8192,8000.0
1768152611.2158346,20244864,30424618,8192,8000.0
1768152611.2158716,20253056,30424618,8192,8000.0
1768152611.2182274,20261248,30424618,8192,3407.300044009641
1768152611.2182677,20269440,30424618,8192,8000.0
1768152611.2237427,20277632,30424618,8192,1463.9681033177367
1768152611.223788,20285824,30424618,8192,8000.0
1768152611.2238274,20294016,30424618,8192,8000.0
1768152611.2238615,20302208,30424618,8192,8000.0
1768152611.2250478,20310400,30424618,8192,6791.170771969882
1768152611.22509,20318592,30424618,8192,8000.0
1768152611.2251275,20326784,30424618,8192,8000.0
1768152611.2251673,20334976,30424618,8192,8000.0
1768152611.2300234,20343168,30424618,8192,1650.7778902273349
1768152611.230076,20351360,30424618,8192,8000.0
1768152611.2301254,20359552,30424618,8192,8000.0
1768152611.2301674,20367744,30424618,8192,8000.0
1768152611.2327218,20375936,30424618,8192,3142.0604728708995
1768152611.2329175,20384128,30424618,8192,8000.0
1768152611.2329583,20392320,30424618,8192,8000.0
1768152611.2329924,20400512,30424618,8192,8000.0
1768152611.235231,20408704,30424618,8192,3586.8005952297067
1768152611.2352731,20416896,30424618,8192,8000.0
1768152611.2376869,20425088,30424618,8192,3327.0949860897126
1768152611.2377274,20433280,30424618,8192,8000.0
1768152611.2377615,20441472,30424618,8192,8000.0
1768152611.2382402,20449664,30424618,8192,8000.0
1768152611.2392151,20457856,30424618,8192,8000.0
1768152611.23925,20466048,30424618,8192,8000.0
1768152611.2392805,20474240,30424618,8192,8000.0
1768152611.2393103,20482432,30424618,8192,8000.0
1768152611.2422853,20490624,30424618,8192,2695.781091493671
1768152611.242319,20498816,30424618,8192,8000.0
1768152611.242348,20507008,30424618,8192,8000.0
1768152611.2425365,20515200,30424618,8192,8000.0
1768152611.2440162,20523392,30424618,8192,5437.36864295
1768152611.2442608,20531584,30424618,8192,8000.0
1768152611.2444322,20539776,30424618,8192,8000.0
1768152611.2445989,20547968,30424618,8192,8000.0
1768152611.2459311,20556160,30424618,8192,6042.752689669751
1768152611.2460794,20564352,30424618,8192,8000.0
1768152611.2479312,20572544,30424618,8192,4340.748629198579
1768152611.2479732,20580736,30424618,8192,8000.0
1768152611.248006,20588928,30424618,8192,8000.0
1768152611.2480407,20597120,30424618,8192,8000.0
1768152611.2504358,20605312,30424618,8192,3352.6108331720925
1768152611.2504768,20613504,30424618,8192,8000.0
1768152611.2505107,20621696,30424618,8192,8000.0
1768152611.2505465,20629888,30424618,8192,8000.0
1768152611.252847,20638080,30424618,8192,3489.7923677578515
1768152611.2528856,20646272,30424618,8192,8000.0
1768152611.252917,20654464,30424618,8192,8000.0
1768152611.2529495,20662656,30424618,8192,8000.0
1768152611.2551637,20670848,30424618,8192,3625.980279835787
1768152611.2552013,20679040,30424618,8192,8000.0
1768152611.255518,20687232,30424618,8192,8000.0
1768152611.255586,20695424,30424618,8192,8000.0
1768152611.256746,20703616,30424618,8192,6941.431401933353
1768152611.257029,20711808,30424618,8192,8000.0
1768152611.2570727,20720000,30424618,8192,8000.0
1768152611.2571056,20728192,30424618,8192,8000.0
1768152611.2598562,20736384,30424618,8192,2917.1529362182914
1768152611.2598944,20744576,30424618,8192,8000.0
1768152611.2619343,20752768,30424618,8192,3937.395210802938
1768152611.2619717,20760960,30424618,8192,8000.0
1768152611.2620037,20769152,30424618,8192,8000.0
1768152611.262197,20777344,30424618,8192,8000.0
1768152611.2650325,20785536,30424618,8192,2830.055081725464
1768152611.2650707,20793728,30424618,8192,8000.0
1768152611.2651045,20801920,30424618,8192,8000.0
1768152611.265137,20810112,30424618,8192,8000.0
1768152611.2682724,20818304,30424618,8192,2558.280688861782
1768152611.2683127,20826496,30424618,8192,8000.0
1768152611.268345,20834688,30424618,8192,8000.0
1768152611.2686372,20842880,30424618,8192,8000.0
1768152611.2711604,20851072,30424618,8192,3182.6861267730224
1768152611.2712014,20859264,30424618,8192,8000.0
1768152611.2712343,20867456,30424618,8192,8000.0
1768152611.2712688,20875648,30424618,8192,8000.0
1768152611.2756286,20883840,30424618,8192,1838.488731920565
1768152611.275668,20892032,30424618,8192,8000.0
1768152611.277751,20900224,30424618,8192,3855.2357347618013
1768152611.2779763,20908416,30424618,8192,8000.0
1768152611.2781193,20916608,30424618,8192,8000.0
1768152611.2788656,20924800,30424618,8192,8000.0
1768152611.28339,20932992,30424618,8192,1773.87525297662
1768152611.2834308,20941184,30424618,8192,8000.0
1768152611.2834632,20949376,30424618,8192,8000.0
1768152611.2834966,20957568,30424618,8192,8000.0
1768152611.285272,20965760,30424618,8192,4527.447777877188
1768152611.2854753,20973952,30424618,8192,8000.0
1768152611.2855134,20982144,30424618,8192,8000.0
1768152611.285545,20990336,30424618,8192,8000.0
1768152611.287807,20998528,30424618,8192,3550.978672882925
1768152611.2878468,21006720,30424618,8192,8000.0
1768152611.2878785,21014912,30424618,8192,8000.0
1768152611.2879112,21023104,30424618,8192,8000.0
1768152611.2898874,21031296,30424618,8192,4063.801983945258
1768152611.2899318,21039488,30424618,8192,8000.0
1768152611.293073,21047680,30424618,8192,2553.381641462359
1768152611.293131,21055872,30424618,8192,8000.0
1768152611.2932603,21064064,30424618,8192,8000.0
1768152611.293404,21072256,30424618,8192,8000.0
1768152611.29443,21080448,30424618,8192,7870.1413058441285
1768152611.2944682,21088640,30424618,8192,8000.0
1768152611.294501,21096832,30424618,8192,8000.0
1768152611.294684,21105024,30424618,8192,8000.0
1768152611.2969334,21113216,30424618,8192,3569.5162206970977
1768152611.2970657,21121408,30424618,8192,8000.0
1768152611.2972684,21129600,30424618,8192,8000.0
1768152611.2973216,21137792,30424618,8192,8000.0
1768152611.2992969,21145984,30424618,8192,4068.3481016914793
1768152611.299349,21154176,30424618,8192,8000.0
1768152611.299381,21162368,30424618,8192,8000.0
1768152611.299592,21170560,30424618,8192,8000.0
1768152611.3016088,21178752,30424618,8192,3985.453490644726
1768152611.3016531,21186944,30424618,8192,8000.0
1768152611.301922,21195136,30424618,8192,8000.0
1768152611.301957,21203328,30424618,8192,8000.0
1768152611.303486,21211520,30424618,8192,5259.697774484914
1768152611.3035257,21219712,30424618,8192,8000.0
1768152611.305678,21227904,30424618,8192,3731.517484616604
1768152611.306075,21236096,30424618,8192,8000.0
1768152611.3062627,21244288,30424618,8192,8000.0
1768152611.306436,21252480,30424618,8192,8000.0
1768152611.3087127,21260672,30424618,8192,3528.5814571427104
1768152611.3093197,21268864,30424618,8192,8000.0
1768152611.3099205,21277056,30424618,8192,8000.0
1768152611.3100946,21285248,30424618,8192,8000.0
1768152611.3109176,21293440,30424618,8192,8000.0
1768152611.3109639,21301632,30424618,8192,8000.0
1768152611.3133032,21309824,30424618,8192,3431.414859018308
1768152611.3133438,21318016,30424618,8192,8000.0
1768152611.3153896,21326208,30424618,8192,3926.3803077958214
1768152611.315434,21334400,30424618,8192,8000.0
1768152611.3161025,21342592,30424618,8192,8000.0
1768152611.3161442,21350784,30424618,8192,8000.0
1768152611.3176293,21358976,30424618,8192,5413.818920243724
1768152611.3176706,21367168,30424618,8192,8000.0
1768152611.3200412,21375360,30424618,8192,3386.3866386121385
1768152611.3200798,21383552,30424618,8192,8000.0
1768152611.3226624,21391744,30424618,8192,3108.0030573720387
1768152611.3227026,21399936,30424618,8192,8000.0
1768152611.3233454,21408128,30424618,8192,8000.0
1768152611.3233848,21416320,30424618,8192,8000.0
1768152611.3245363,21424512,30424618,8192,7001.57483000267
1768152611.3247654,21432704,30424618,8192,8000.0
1768152611.3262396,21440896,30424618,8192,5460.377771389278
1768152611.3262796,21449088,30424618,8192,8000.0
1768152611.331604,21457280,30424618,8192,1505.5989280895324
1768152611.3316684,21465472,30424618,8192,8000.0
1768152611.3351128,21473664,30424618,8192,2329.2378635004698
1768152611.3351538,21481856,30424618,8192,8000.0
1768152611.3351867,21490048,30424618,8192,8000.0
1768152611.3354723,21498240,30424618,8192,8000.0
1768152611.3434272,21506432,30424618,8192,1007.4171023842338
1768152611.3434703,21514624,30424618,8192,8000.0
1768152611.3435025,21522816,30424618,8192,8000.0
1768152611.3435364,21531008,30424618,8192,8000.0
1768152611.3452487,21539200,30424618,8192,4695.662242105597
1768152611.3452868,21547392,30424618,8192,8000.0
1768152611.3453193,21555584,30424618,8192,8000.0
1768152611.3456473,21563776,30424618,8192,8000.0
1768152611.348048,21571968,30424618,8192,3346.300349299541
1768152611.348088,21580160,30424618,8192,8000.0
1768152611.3481212,21588352,30424618,8192,8000.0
1768152611.3481562,21596544,30424618,8192,8000.0
1768152611.3496554,21604736,30424618,8192,5364.086785840014
1768152611.349696,21612928,30424618,8192,8000.0
1768152611.352153,21621120,30424618,8192,3269.710061105789
1768152611.3523962,21629312,30424618,8192,8000.0
1768152611.352554,21637504,30424618,8192,8000.0
1768152611.3534665,21645696,30424618,8192,8000.0
1768152611.3552551,21653888,30424618,8192,4507.804408078529
1768152611.3552954,21662080,30424618,8192,8000.0
1768152611.3553288,21670272,30424618,8192,8000.0
1768152611.3553646,21678464,30424618,8192,8000.0
1768152611.3608117,21686656,30424618,8192,1471.8057681346827
1768152611.360857,21694848,30424618,8192,8000.0
1768152611.3608913,21703040,30424618,8192,8000.0
1768152611.3609257,21711232,30424618,8192,8000.0
1768152611.362304,21719424,30424618,8192,5837.286335685254
1768152611.3623497,21727616,30424618,8192,8000.0
1768152611.362386,21735808,30424618,8192,8000.0
1768152611.3624232,21744000,30424618,8192,8000.0
1768152611.3644736,21752192,30424618,8192,3918.495401263941
1768152611.3646407,21760384,30424618,8192,8000.0
1768152611.3691013,21768576,30424618,8192,1798.6824690884432
1768152611.3691442,21776768,30424618,8192,8000.0
1768152611.3691761,21784960,30424618,8192,8000.0
1768152611.3692114,21793152,30424618,8192,8000.0
1768152611.3727586,21801344,30424618,8192,2263.7878722373225
1768152611.372867,21809536,30424618,8192,8000.0
1768152611.3729053,21817728,30424618,8192,8000.0
1768152611.3731136,21825920,30424618,8192,8000.0
1768152611.3735445,21834112,30424618,8192,8000.0
1768152611.3735816,21842304,30424618,8192,8000.0
1768152611.3736143,21850496,30424618,8192,8000.0
1768152611.3736482,21858688,30424618,8192,8000.0
1768152611.3778903,21866880,30424618,8192,1890.9400480487343
1768152611.3779373,21875072,30424618,8192,8000.0
1768152611.3779724,21883264,30424618,8192,8000.0
1768152611.3782117,21891456,30424618,8192,8000.0
1768152611.385423,21899648,30424618,8192,1111.4661666281618
1768152611.3854737,21907840,30424618,8192,8000.0
1768152611.387222,21916032,30424618,8192,4602.197333973396
1768152611.3872697,21924224,30424618,8192,8000.0
1768152611.3873057,21932416,30424618,8192,8000.0
1768152611.3873525,21940608,30424618,8192,8000.0
1768152611.3897128,21948800,30424618,8192,3404.6898441668727
1768152611.389948,21956992,30424618,8192,8000.0
1768152611.3901246,21965184,30424618,8192,8000.0
1768152611.3902953,21973376,30424618,8192,8000.0
1768152611.393875,21981568,30424618,8192,2243.8504327771316
1768152611.3941507,21989760,30424618,8192,8000.0
1768152611.3943186,21997952,30424618,8192,8000.0
1768152611.3950064,22006144,30424618,8192,8000.0
1768152611.3956296,22014336,30424618,8192,8000.0
1768152611.3964138,22022528,30424618,8192,8000.0
1768152611.3964767,22030720,30424618,8192,8000.0
1768152611.3965173,22038912,30424618,8192,8000.0
1768152611.3998992,22047104,30424618,8192,2371.494581514639
1768152611.3999374,22055296,30424618,8192,8000.0
1768152611.399968,22063488,30424618,8192,8000.0
1768152611.3999987,22071680,30424618,8192,8000.0
1768152611.4009943,22079872,30424618,8192,8000.0
1768152611.4010434,22088064,30424618,8192,8000.0
1768152611.4036217,22096256,30424618,8192,3113.6886869386017
1768152611.403666,22104448,30424618,8192,8000.0
1768152611.4037,22112640,30424618,8192,8000.0
1768152611.403734,22120832,30424618,8192,8000.0
1768152611.406138,22129024,30424618,8192,3340.989830031196
1768152611.4061873,22137216,30424618,8192,8000.0
1768152611.406222,22145408,30424618,8192,8000.0
1768152611.4064248,22153600,30424618,8192,8000.0
1768152611.4088156,22161792,30424618,8192,3362.898720190015
1768152611.4088614,22169984,30424618,8192,8000.0
1768152611.4088948,22178176,30424618,8192,8000.0
1768152611.4089298,22186368,30424618,8192,8000.0
1768152611.4113324,22194560,30424618,8192,3345.4607241770286
1768152611.4113815,22202752,30424618,8192,8000.0
1768152611.4114163,22210944,30424618,8192,8000.0
1768152611.4116447,22219136,30424618,8192,8000.0
1768152611.4136124,22227328,30424618,8192,4092.699439083886
1768152611.4136727,22235520,30424618,8192,8000.0
1768152611.415529,22243712,30424618,8192,4332.755968776178
1768152611.4155777,22251904,30424618,8192,8000.0
1768152611.4156137,22260096,30424618,8192,8000.0
1768152611.4156525,22268288,30424618,8192,8000.0
1768152611.4173758,22276480,30424618,8192,4667.989233111186
1768152611.4178393,22284672,30424618,8192,8000.0
1768152611.4178987,22292864,30424618,8192,8000.0
1768152611.4179375,22301056,30424618,8192,8000.0
1768152611.41952,22309248,30424618,8192,5082.592515869909
1768152611.419562,22317440,30424618,8192,8000.0
1768152611.4195948,22325632,30424618,8192,8000.0
1768152611.4196274,22333824,30424618,8192,8000.0
1768152611.422074,22342016,30424618,8192,3283.6678015284842
1768152611.422325,22350208,30424618,8192,8000.0
1768152611.4224973,22358400,30424618,8192,8000.0
1768152611.4247642,22366592,30424618,8192,3552.24044260674
1768152611.425323,22374784,30424618,8192,8000.0
1768152611.425368,22382976,30424618,8192,8000.0
1768152611.4256802,22391168,30424618,8192,8000.0
1768152611.4257178,22399360,30424618,8192,8000.0
1768152611.425749,22407552,30424618,8192,8000.0
1768152611.4257834,22415744,30424618,8192,8000.0
1768152611.4279222,22423936,30424618,8192,3757.2798801160525
1768152611.4279687,22432128,30424618,8192,8000.0
1768152611.4280035,22440320,30424618,8192,8000.0
1768152611.4280503,22448512,30424618,8192,8000.0
1768152611.430091,22456704,30424618,8192,3938.1705233944126
1768152611.4301345,22464896,30424618,8192,8000.0
1768152611.4302,22473088,30424618,8192,8000.0
1768152611.430238,22481280,30424618,8192,8000.0
1768152611.4345772,22489472,30424618,8192,1848.129916992194
1768152611.43463,22497664,30424618,8192,8000.0
1768152611.4346685,22505856,30424618,8192,8000.0
1768152611.4347064,22514048,30424618,8192,8000.0
1768152611.4386065,22522240,30424618,8192,2057.295663539785
1768152611.438664,22530432,30424618,8192,8000.0
1768152611.440451,22538624,30424618,8192,4500.449965643858
1768152611.4407668,22546816,30424618,8192,8000.0
1768152611.4408174,22555008,30424618,8192,8000.0
1768152611.440854,22563200,30424618,8192,8000.0
1768152611.4424753,22571392,30424618,8192,4961.240141589905
1768152611.4425166,22579584,30424618,8192,8000.0
1768152611.4425485,22587776,30424618,8192,8000.0
1768152611.4425807,22595968,30424618,8192,8000.0
1768152611.4445548,22604160,30424618,8192,4070.003933577409
1768152611.444807,22612352,30424618,8192,8000.0
1768152611.4448576,22620544,30424618,8192,8000.0
1768152611.444896,22628736,30424618,8192,8000.0
1768152611.4468648,22636928,30424618,8192,4079.759473787761
1768152611.4469063,22645120,30424618,8192,8000.0
1768152611.4469383,22653312,30424618,8192,8000.0
1768152611.4469717,22661504,30424618,8192,8000.0
1768152611.449068,22669696,30424618,8192,3829.2167863621785
1768152611.449312,22677888,30424618,8192,8000.0
1768152611.451486,22686080,30424618,8192,3696.0039791507647
1768152611.45167,22694272,30424618,8192,8000.0
1768152611.451835,22702464,30424618,8192,8000.0
1768152611.4520082,22710656,30424618,8192,8000.0
1768152611.4537296,22718848,30424618,8192,4673.170488513243
1768152611.4545002,22727040,30424618,8192,8000.0
1768152611.454589,22735232,30424618,8192,8000.0
1768152611.4546344,22743424,30424618,8192,8000.0
1768152611.4559257,22751616,30424618,8192,6233.927623476613
1768152611.455968,22759808,30424618,8192,8000.0
1768152611.4560025,22768000,30424618,8192,8000.0
1768152611.4560385,22776192,30424618,8192,8000.0
1768152611.4577568,22784384,30424618,8192,4679.73065575157
1768152611.4578016,22792576,30424618,8192,8000.0
1768152611.4589183,22800768,30424618,8192,7216.3084705531
1768152611.4590778,22808960,30424618,8192,8000.0
1768152611.462833,22817152,30424618,8192,2136.8092175537104
1768152611.4628813,22825344,30424618,8192,8000.0
1768152611.462913,22833536,30424618,8192,8000.0
1768152611.4629464,22841728,30424618,8192,8000.0
1768152611.4632428,22849920,30424618,8192,8000.0
1768152611.4632766,22858112,30424618,8192,8000.0
1768152611.4655557,22866304,30424618,8192,3524.0739228338857
1768152611.4657943,22874496,30424618,8192,8000.0
1768152611.4670746,22882688,30424618,8192,6301.693559660491
1768152611.46712,22890880,30424618,8192,8000.0
1768152611.4683914,22899072,30424618,8192,6334.626884316959
1768152611.468435,22907264,30424618,8192,8000.0
1768152611.4692466,22915456,30424618,8192,8000.0
1768152611.4692872,22923648,30424618,8192,8000.0
1768152611.469878,22931840,30424618,8192,8000.0
1768152611.4701817,22940032,30424618,8192,8000.0
1768152611.4734704,22948224,30424618,8192,2441.182809537197
1768152611.4735446,22956416,30424618,8192,8000.0
1768152611.474199,22964608,30424618,8192,8000.0
1768152611.4742405,22972800,30424618,8192,8000.0
1768152611.4754977,22980992,30424618,8192,6403.585581982454
1768152611.475549,22989184,30424618,8192,8000.0
1768152611.4795206,22997376,30424618,8192,2019.6410036093423
1768152611.479857,23005568,30424618,8192,8000.0
1768152611.4799244,23013760,30424618,8192,8000.0
1768152611.4799635,23021952,30424618,8192,8000.0
1768152611.4802847,23030144,30424618,8192,8000.0
1768152611.480321,23038336,30424618,8192,8000.0
1768152611.4864697,23046528,30424618,8192,1303.2075560822536
1768152611.4865108,23054720,30424618,8192,8000.0
1768152611.486544,23062912,30424618,8192,8000.0
1768152611.4871573,23071104,30424618,8192,8000.0
1768152611.4890325,23079296,30424618,8192,4300.1505900174425
1768152611.489726,23087488,30424618,8192,8000.0
1768152611.4898076,23095680,30424618,8192,8000.0
1768152611.4898515,23103872,30424618,8192,8000.0
1768152611.490355,23112064,30424618,8192,8000.0
1768152611.4903932,23120256,30424618,8192,8000.0
1768152611.4908261,23128448,30424618,8192,8000.0
1768152611.49088,23136640,30424618,8192,8000.0
1768152611.4923143,23144832,30424618,8192,5611.671707519273
1768152611.4923644,23153024,30424618,8192,8000.0
1768152611.4963405,23161216,30424618,8192,2017.2475016557582
1768152611.4963882,23169408,30424618,8192,8000.0
1768152611.4964232,23177600,30424618,8192,8000.0
1768152611.4964585,23185792,30424618,8192,8000.0
1768152611.4978814,23193984,30424618,8192,5656.108358428802
1768152611.4979305,23202176,30424618,8192,8000.0
1768152611.4992342,23210368,30424618,8192,6175.222068499478
1768152611.4992774,23218560,30424618,8192,8000.0
1768152611.5004313,23226752,30424618,8192,6987.509907453427
1768152611.5004814,23234944,30424618,8192,8000.0
1768152611.5016952,23243136,30424618,8192,6645.6217219873115
1768152611.5017495,23251328,30424618,8192,8000.0
1768152611.503516,23259520,30424618,8192,4550.107763687109
1768152611.5037239,23267712,30424618,8192,8000.0
1768152611.5047429,23275904,30424618,8192,7919.223847462971
1768152611.5047905,23284096,30424618,8192,8000.0
1768152611.506847,23292288,30424618,8192,3906.0590608357415
1768152611.506892,23300480,30424618,8192,8000.0
1768152611.5077236,23308672,30424618,8192,8000.0
1768152611.507768,23316864,30424618,8192,8000.0
1768152611.508871,23325056,30424618,8192,7308.606197770773
1768152611.509261,23333248,30424618,8192,8000.0
1768152611.5113075,23341440,30424618,8192,3929.466046913333
1768152611.5113466,23349632,30424618,8192,8000.0
1768152611.5122852,23357824,30424618,8192,8000.0
1768152611.512323,23366016,30424618,8192,8000.0
1768152611.5136821,23374208,30424618,8192,5915.4094090158
1768152611.51372,23382400,30424618,8192,8000.0
1768152611.5171063,23390592,30424618,8192,2369.738455575342
1768152611.5173812,23398784,30424618,8192,8000.0
1768152611.518225,23406976,30424618,8192,8000.0
1768152611.5185,23415168,30424618,8192,8000.0
1768152611.5230665,23423360,30424618,8192,1757.816850971961
1768152611.523309,23431552,30424618,8192,8000.0
1768152611.52355,23439744,30424618,8192,8000.0
1768152611.5242772,23447936,30424618,8192,8000.0
1768152611.5264986,23456128,30424618,8192,3635.868044497607
1768152611.5265498,23464320,30424618,8192,8000.0
1768152611.5265925,23472512,30424618,8192,8000.0
1768152611.526634,23480704,30424618,8192,8000.0
1768152611.5269887,23488896,30424618,8192,8000.0
1768152611.5270321,23497088,30424618,8192,8000.0
1768152611.5308783,23505280,30424618,8192,2085.3426526282465
1768152611.530923,23513472,30424618,8192,8000.0
1768152611.530956,23521664,30424618,8192,8000.0
1768152611.530992,23529856,30424618,8192,8000.0
1768152611.5354195,23538048,30424618,8192,1810.8561318659033
1768152611.535466,23546240,30424618,8192,8000.0
1768152611.535501,23554432,30424618,8192,8000.0
1768152611.5355363,23562624,30424618,8192,8000.0
1768152611.5365279,23570816,30424618,8192,8000.0
1768152611.5365927,23579008,30424618,8192,8000.0
1768152611.5391448,23587200,30424618,8192,3150.4743827164175
1768152611.539518,23595392,30424618,8192,8000.0
1768152611.5409338,23603584,30424618,8192,5696.788977458384
1768152611.540971,23611776,30424618,8192,8000.0
1768152611.5410018,23619968,30424618,8192,8000.0
1768152611.5410342,23628160,30424618,8192,8000.0
1768152611.543531,23636352,30424618,8192,3218.2797403251834
1768152611.5435863,23644544,30424618,8192,8000.0
1768152611.5454216,23652736,30424618,8192,4388.130039315953
1768152611.5457144,23660928,30424618,8192,8000.0
1768152611.5458112,23669120,30424618,8192,8000.0
1768152611.5458689,23677312,30424618,8192,8000.0
1768152611.5478687,23685504,30424618,8192,4018.4849807980213
1768152611.5479124,23693696,30424618,8192,8000.0
1768152611.5479465,23701888,30424618,8192,8000.0
1768152611.5479834,23710080,30424618,8192,8000.0
1768152611.5488653,23718272,30424618,8192,8000.0
1768152611.5491536,23726464,30424618,8192,8000.0
1768152611.5515456,23734656,30424618,8192,3369.697943703648
1768152611.5515869,23742848,30424618,8192,8000.0
1768152611.551619,23751040,30424618,8192,8000.0
1768152611.5516539,23759232,30424618,8192,8000.0
1768152611.5533116,23767424,30424618,8192,4848.4848747568685
1768152611.5533497,23775616,30424618,8192,8000.0
1768152611.5533814,23783808,30424618,8192,8000.0
1768152611.5536072,23792000,30424618,8192,8000.0
1768152611.5551178,23800192,30424618,8192,5346.521057610915
1768152611.555396,23808384,30424618,8192,8000.0
1768152611.5578804,23816576,30424618,8192,3242.410674067019
1768152611.5579832,23824768,30424618,8192,8000.0
1768152611.5589774,23832960,30424618,8192,8000.0
1768152611.5590348,23841152,30424618,8192,8000.0
1768152611.5590787,23849344,30424618,8192,8000.0
1768152611.5592587,23857536,30424618,8192,8000.0
1768152611.5600555,23865728,30424618,8192,8000.0
1768152611.5601087,23873920,30424618,8192,8000.0
1768152611.5626526,23882112,30424618,8192,3160.1816261079343
1768152611.5627534,23890304,30424618,8192,8000.0
1768152611.56505,23898496,30424618,8192,3504.4683196609412
1768152611.5651064,23906688,30424618,8192,8000.0
1768152611.565462,23914880,30424618,8192,8000.0
1768152611.5655167,23923072,30424618,8192,8000.0
1768152611.566839,23931264,30424618,8192,6090.13402615339
1768152611.566886,23939456,30424618,8192,8000.0
1768152611.567973,23947648,30424618,8192,7412.211942553626
1768152611.5680156,23955840,30424618,8192,8000.0
1768152611.5697582,23964032,30424618,8192,4609.622427727922
1768152611.5697956,23972224,30424618,8192,8000.0
1768152611.5713956,23980416,30424618,8192,5033.662267403771
1768152611.5721877,23988608,30424618,8192,8000.0
1768152611.574157,23996800,30424618,8192,4097.521072461563
1768152611.574213,24004992,30424618,8192,8000.0
1768152611.5755768,24013184,30424618,8192,5912.349672374869
1768152611.5756316,24021376,30424618,8192,8000.0
1768152611.576733,24029568,30424618,8192,7316.627411114331
1768152611.5767753,24037760,30424618,8192,8000.0
1768152611.5790944,24045952,30424618,8192,3462.7537353631783
1768152611.5793211,24054144,30424618,8192,8000.0
1768152611.5799284,24062336,30424618,8192,8000.0
1768152611.579967,24070528,30424618,8192,8000.0
1768152611.5824609,24078720,30424618,8192,3218.538997730332
1768152611.582506,24086912,30424618,8192,8000.0
1768152611.5831761,24095104,30424618,8192,8000.0
1768152611.5832145,24103296,30424618,8192,8000.0
1768152611.58895,24111488,30424618,8192,1397.5995827995182
1768152611.5894394,24119680,30424618,8192,8000.0
1768152611.589633,24127872,30424618,8192,8000.0
1768152611.5897884,24136064,30424618,8192,8000.0
1768152611.5911014,24144256,30424618,8192,6136.851101283819
1768152611.5912795,24152448,30424618,8192,8000.0
1768152611.591462,24160640,30424618,8192,8000.0
1768152611.5916517,24168832,30424618,8192,8000.0
1768152611.5951767,24177024,30424618,8192,2275.895353587808
1768152611.595238,24185216,30424618,8192,8000.0
1768152611.5952907,24193408,30424618,8192,8000.0
1768152611.595332,24201600,30424618,8192,8000.0
1768152611.5969574,24209792,30424618,8192,4948.3520275220335
1768152611.5970001,24217984,30424618,8192,8000.0
1768152611.5970347,24226176,30424618,8192,8000.0
1768152611.5970724,24234368,30424618,8192,8000.0
1768152611.598346,24242560,30424618,8192,6317.118910005558
1768152611.5983832,24250752,30424618,8192,8000.0
1768152611.5992017,24258944,30424618,8192,8000.0
1768152611.599239,24267136,30424618,8192,8000.0
1768152611.6007392,24275328,30424618,8192,5361.570691271824
1768152611.6007802,24283520,30424618,8192,8000.0
1768152611.6041262,24291712,30424618,8192,2399.520090093028
1768152611.6042156,24299904,30424618,8192,8000.0
1768152611.6059904,24308096,30424618,8192,4534.376718780723
1768152611.6062112,24316288,30424618,8192,8000.0
1768152611.606255,24324480,30424618,8192,8000.0
1768152611.6062927,24332672,30424618,8192,8000.0
1768152611.609039,24340864,30424618,8192,2924.617857634715
1768152611.6090899,24349056,30424618,8192,8000.0
1768152611.6100132,24357248,30424618,8192,8000.0
1768152611.6100614,24365440,30424618,8192,8000.0
1768152611.6136553,24373632,30424618,8192,2231.20907114176
1768152611.6143277,24381824,30424618,8192,8000.0
1768152611.6144085,24390016,30424618,8192,8000.0
1768152611.6144521,24398208,30424618,8192,8000.0
1768152611.6182394,24406400,30424618,8192,2116.794102502654
1768152611.6182766,24414592,30424618,8192,8000.0
1768152611.6183069,24422784,30424618,8192,8000.0
1768152611.6183379,24430976,30424618,8192,8000.0
1768152611.6188676,24439168,30424618,8192,8000.0
1768152611.6191308,24447360,30424618,8192,8000.0
1768152611.622799,24455552,30424618,8192,2188.363369932015
1768152611.622854,24463744,30424618,8192,8000.0
1768152611.622895,24471936,30424618,8192,8000.0
1768152611.623045,24480128,30424618,8192,8000.0
1768152611.6269693,24488320,30424618,8192,2044.4148563451452
1768152611.6270175,24496512,30424618,8192,8000.0
1768152611.6270518,24504704,30424618,8192,8000.0
1768152611.627275,24512896,30424618,8192,8000.0
1768152611.6277719,24521088,30424618,8192,8000.0
1768152611.6279995,24529280,30424618,8192,8000.0
1768152611.6316962,24537472,30424618,8192,2171.9653628306514
1768152611.6323662,24545664,30424618,8192,8000.0
1768152611.6324637,24553856,30424618,8192,8000.0
1768152611.6325212,24562048,30424618,8192,8000.0
1768152611.6352696,24570240,30424618,8192,2922.8015017325556
1768152611.6353266,24578432,30424618,8192,8000.0
1768152611.6353703,24586624,30424618,8192,8000.0
1768152611.6355374,24594816,30424618,8192,8000.0
1768152611.6361878,24603008,30424618,8192,8000.0
1768152611.6362383,24611200,30424618,8192,8000.0
1768152611.6385746,24619392,30424618,8192,3442.192846615981
1768152611.638628,24627584,30424618,8192,8000.0
1768152611.6393042,24635776,30424618,8192,8000.0
1768152611.6394765,24643968,30424618,8192,8000.0
1768152611.640174,24652160,30424618,8192,8000.0
1768152611.6402106,24660352,30424618,8192,8000.0
1768152611.6420422,24668544,30424618,8192,4386.686327069533
1768152611.6420817,24676736,30424618,8192,8000.0
1768152611.646827,24684928,30424618,8192,1689.5459467061225
1768152611.6468706,24693120,30424618,8192,8000.0
1768152611.6469066,24701312,30424618,8192,8000.0
1768152611.6471546,24709504,30424618,8192,8000.0
1768152611.6485715,24717696,30424618,8192,5687.473338607032
1768152611.6486146,24725888,30424618,8192,8000.0
1768152611.6486504,24734080,30424618,8192,8000.0
1768152611.6486866,24742272,30424618,8192,8000.0
1768152611.650749,24750464,30424618,8192,3894.8392610495084
1768152611.6507912,24758656,30424618,8192,8000.0
1768152611.650826,24766848,30424618,8192,8000.0
1768152611.6510353,24775040,30424618,8192,8000.0
1768152611.6527853,24783232,30424618,8192,4597.172178119568
1768152611.6528316,24791424,30424618,8192,8000.0
1768152611.6528687,24799616,30424618,8192,8000.0
1768152611.6529226,24807808,30424618,8192,8000.0
1768152611.656559,24816000,30424618,8192,2206.2878377392644
1768152611.6566048,24824192,30424618,8192,8000.0
1768152611.6566405,24832384,30424618,8192,8000.0
1768152611.6568637,24840576,30424618,8192,8000.0
1768152611.6586092,24848768,30424618,8192,4612.811950227434
1768152611.658662,24856960,30424618,8192,8000.0
1768152611.659039,24865152,30424618,8192,8000.0
1768152611.6590843,24873344,30424618,8192,8000.0
1768152611.6627018,24881536,30424618,8192,2217.7866532376383
1768152611.6627429,24889728,30424618,8192,8000.0
1768152611.6627753,24897920,30424618,8192,8000.0
1768152611.663186,24906112,30424618,8192,8000.0
1768152611.6635199,24914304,30424618,8192,8000.0
1768152611.6635587,24922496,30424618,8192,8000.0
1768152611.6668308,24930688,30424618,8192,2452.407925905883
1768152611.6668742,24938880,30424618,8192,8000.0
1768152611.6685603,24947072,30424618,8192,4765.024449781793
1768152611.6685977,24955264,30424618,8192,8000.0
1768152611.6716821,24963456,30424618,8192,2603.2345183646107
1768152611.6719692,24971648,30424618,8192,8000.0
1768152611.6721995,24979840,30424618,8192,8000.0
1768152611.6726804,24988032,30424618,8192,8000.0
1768152611.6734605,24996224,30424618,8192,8000.0
1768152611.6742935,25004416,30424618,8192,8000.0
1768152611.6764214,25012608,30424618,8192,3787.340988391094
1768152611.6764681,25020800,30424618,8192,8000.0
1768152611.6765075,25028992,30424618,8192,8000.0
1768152611.676547,25037184,30424618,8192,8000.0
1768152611.6804762,25045376,30424618,8192,2042.2750813320251
1768152611.6805322,25053568,30424618,8192,8000.0
1768152611.6805754,25061760,30424618,8192,8000.0
1768152611.6806223,25069952,30424618,8192,8000.0
1768152611.6844525,25078144,30424618,8192,2094.514936150945
1768152611.6844988,25086336,30424618,8192,8000.0
1768152611.6845338,25094528,30424618,8192,8000.0
1768152611.6845722,25102720,30424618,8192,8000.0
1768152611.6851275,25110912,30424618,8192,8000.0
1768152611.6851802,25119104,30424618,8192,8000.0
1768152611.6920962,25127296,30424618,8192,1159.1682886655992
1768152611.692149,25135488,30424618,8192,8000.0
1768152611.6921918,25143680,30424618,8192,8000.0
1768152611.6922355,25151872,30424618,8192,8000.0
1768152611.6941705,25160064,30424618,8192,4154.765261593196
1768152611.6946058,25168256,30424618,8192,8000.0
1768152611.6963127,25176448,30424618,8192,4725.618198774823
1768152611.696366,25184640,30424618,8192,8000.0
1768152611.6964066,25192832,30424618,8192,8000.0
1768152611.6964488,25201024,30424618,8192,8000.0
1768152611.6984284,25209216,30424618,8192,4058.647473543583
1768152611.6984668,25217408,30424618,8192,8000.0
1768152611.6984973,25225600,30424618,8192,8000.0
1768152611.6987228,25233792,30424618,8192,8000.0
1768152611.7006826,25241984,30424618,8192,4102.563724009983
1768152611.7007313,25250176,30424618,8192,8000.0
1768152611.7007718,25258368,30424618,8192,8000.0
1768152611.700816,25266560,30424618,8192,8000.0
1768152611.7024946,25274752,30424618,8192,4787.265771625063
1768152611.7025316,25282944,30424618,8192,8000.0
1768152611.7025633,25291136,30424618,8192,8000.0
1768152611.7029884,25299328,30424618,8192,8000.0
1768152611.7055027,25307520,30424618,8192,3196.5476248753957
1768152611.7055464,25315712,30424618,8192,8000.0
1768152611.7055805,25323904,30424618,8192,8000.0
1768152611.7056167,25332096,30424618,8192,8000.0
1768152611.7076423,25340288,30424618,8192,3976.340635652285
1768152611.7076917,25348480,30424618,8192,8000.0
1768152611.709797,25356672,30424618,8192,3822.4473447750274
1768152611.7100816,25364864,30424618,8192,8000.0
1768152611.710275,25373056,30424618,8192,8000.0
1768152611.7103226,25381248,30424618,8192,8000.0
1768152611.71168,25389440,30424618,8192,5930.31863416611
1768152611.711722,25397632,30424618,8192,8000.0
1768152611.7117665,25405824,30424618,8192,8000.0
1768152611.711805,25414016,30424618,8192,8000.0
1768152611.7138822,25422208,30424618,8192,3866.602369246008
1768152611.7142055,25430400,30424618,8192,8000.0
1768152611.7142808,25438592,30424618,8192,8000.0
1768152611.7143242,25446784,30424618,8192,8000.0
1768152611.71568,25454976,30424618,8192,5941.328821854573
1768152611.7157283,25463168,30424618,8192,8000.0
1768152611.7169144,25471360,30424618,8192,6808.5100619487985
1768152611.7169669,25479552,30424618,8192,8000.0
1768152611.7184687,25487744,30424618,8192,5362.290290950161
1768152611.7185283,25495936,30424618,8192,8000.0
1768152611.7192621,25504128,30424618,8192,8000.0
1768152611.7193074,25512320,30424618,8192,8000.0
1768152611.7206683,25520512,30424618,8192,5917.160562410073
1768152611.7207143,25528704,30424618,8192,8000.0
1768152611.7223952,25536896,30424618,8192,4787.838792407567
1768152611.72245,25545088,30424618,8192,8000.0
1768152611.7254944,25553280,30424618,8192,2637.652450563599
1768152611.7257493,25561472,30424618,8192,8000.0
1768152611.7257934,25569664,30424618,8192,8000.0
1768152611.7258303,25577856,30424618,8192,8000.0
1768152611.727123,25586048,30424618,8192,6228.589218875307
1768152611.7271652,25594240,30424618,8192,8000.0
1768152611.7293396,25602432,30424618,8192,3692.2511424735153
1768152611.7293832,25610624,30424618,8192,8000.0
1768152611.730141,25618816,30424618,8192,8000.0
1768152611.7304265,25627008,30424618,8192,8000.0
1768152611.7327442,25635200,30424618,8192,3466.3547025908574
1768152611.7327862,25643392,30424618,8192,8000.0
1768152611.734022,25651584,30424618,8192,6516.780528106011
1768152611.7340677,25659776,30424618,8192,8000.0
1768152611.7358768,25667968,30424618,8192,4451.864351334067
1768152611.7359347,25676160,30424618,8192,8000.0
1768152611.7386599,25684352,30424618,8192,2952.9010727637833
1768152611.7392974,25692544,30424618,8192,8000.0
1768152611.7439945,25700736,30424618,8192,1710.5713350767421
1768152611.744293,25708928,30424618,8192,8000.0
1768152611.74453,25717120,30424618,8192,8000.0
1768152611.7447772,25725312,30424618,8192,8000.0
1768152611.7462027,25733504,30424618,8192,5669.335372285615
1768152611.746285,25741696,30424618,8192,8000.0
1768152611.7463262,25749888,30424618,8192,8000.0
1768152611.7463746,25758080,30424618,8192,8000.0
1768152611.746795,25766272,30424618,8192,8000.0
1768152611.7468367,25774464,30424618,8192,8000.0
1768152611.7484624,25782656,30424618,8192,4951.720125955656
1768152611.748558,25790848,30424618,8192,8000.0
1768152611.7510328,25799040,30424618,8192,3244.251547357369
1768152611.7510774,25807232,30424618,8192,8000.0
1768152611.7522442,25815424,30424618,8192,6916.228132596133
1768152611.7522986,25823616,30424618,8192,8000.0
1768152611.7528522,25831808,30424618,8192,8000.0
1768152611.752896,25840000,30424618,8192,8000.0
1768152611.7546697,25848192,30424618,8192,4535.40438968713
1768152611.7547212,25856384,30424618,8192,8000.0
1768152611.7556555,25864576,30424618,8192,8000.0
1768152611.7557054,25872768,30424618,8192,8000.0
1768152611.7670147,25880960,30424618,8192,708.0648514034432
1768152611.7672517,25889152,30424618,8192,8000.0
1768152611.7672997,25897344,30424618,8192,8000.0
1768152611.7673392,25905536,30424618,8192,8000.0
1768152611.7701309,25913728,30424618,8192,2874.8023552474538
1768152611.7701764,25921920,30424618,8192,8000.0
1768152611.7720988,25930112,30424618,8192,4182.569116141918
1768152611.772144,25938304,30424618,8192,8000.0
1768152611.772181,25946496,30424618,8192,8000.0
1768152611.7725403,25954688,30424618,8192,8000.0
1768152611.7739542,25962880,30424618,8192,5702.473087806473
1768152611.773995,25971072,30424618,8192,8000.0
1768152611.7740293,25979264,30424618,8192,8000.0
1768152611.7740638,25987456,30424618,8192,8000.0
1768152611.7772892,25995648,30424618,8192,2486.7888962148554
1768152611.7773309,26003840,30424618,8192,8000.0
1768152611.7773647,26012032,30424618,8192,8000.0
1768152611.7777052,26020224,30424618,8192,8000.0
1768152611.7790565,26028416,30424618,8192,5971.932116899202
1768152611.7791045,26036608,30424618,8192,8000.0
1768152611.7810018,26044800,30424618,8192,4236.390721493904
1768152611.7810445,26052992,30424618,8192,8000.0
1768152611.78108,26061184,30424618,8192,8000.0
1768152611.7811165,26069376,30424618,8192,8000.0
1768152611.783638,26077568,30424618,8192,3183.8259638536633
1768152611.7838976,26085760,30424618,8192,8000.0
1768152611.784081,26093952,30424618,8192,8000.0
1768152611.784259,26102144,30424618,8192,8000.0
1768152611.7856994,26110336,30424618,8192,5592.449934577929
1768152611.785745,26118528,30424618,8192,8000.0
1768152611.7857807,26126720,30424618,8192,8000.0
1768152611.7858174,26134912,30424618,8192,8000.0
1768152611.788821,26143104,30424618,8192,2672.7248659271345
1768152611.7888682,26151296,30424618,8192,8000.0
1768152611.7889042,26159488,30424618,8192,8000.0
1768152611.7889397,26167680,30424618,8192,8000.0
1768152611.7896159,26175872,30424618,8192,8000.0
1768152611.7896607,26184064,30424618,8192,8000.0
1768152611.7947164,26192256,30424618,8192,1585.822709394114
1768152611.794765,26200448,30424618,8192,8000.0
1768152611.7948015,26208640,30424618,8192,8000.0
1768152611.7950253,26216832,30424618,8192,8000.0
1768152611.796837,26225024,30424618,8192,4441.730396546386
1768152611.7968853,26233216,30424618,8192,8000.0
1768152611.7969205,26241408,30424618,8192,8000.0
1768152611.7969596,26249600,30424618,8192,8000.0
1768152611.7985463,26257792,30424618,8192,5067.460471811299
1768152611.7985857,26265984,30424618,8192,8000.0
1768152611.7986174,26274176,30424618,8192,8000.0
1768152611.7988284,26282368,30424618,8192,8000.0
1768152611.8008852,26290560,30424618,8192,3906.6315197526296
1768152611.8009284,26298752,30424618,8192,8000.0
1768152611.8009615,26306944,30424618,8192,8000.0
1768152611.8009973,26315136,30424618,8192,8000.0
1768152611.8025515,26323328,30424618,8192,5181.68275795506
1768152611.802606,26331520,30424618,8192,8000.0
1768152611.8045933,26339712,30424618,8192,4046.9442473827753
1768152611.8049147,26347904,30424618,8192,8000.0
1768152611.8053305,26356096,30424618,8192,8000.0
1768152611.80538,26364288,30424618,8192,8000.0
1768152611.8061898,26372480,30424618,8192,8000.0
1768152611.8062377,26380672,30424618,8192,8000.0
1768152611.8075683,26388864,30424618,8192,6048.2349295972
1768152611.8076098,26397056,30424618,8192,8000.0
1768152611.8091893,26405248,30424618,8192,5094.89210460682
1768152611.809398,26413440,30424618,8192,8000.0
1768152611.8116722,26421632,30424618,8192,3530.1385166627197
1768152611.8118458,26429824,30424618,8192,8000.0
1768152611.8129907,26438016,30424618,8192,7056.539695494439
1768152611.813174,26446208,30424618,8192,8000.0
1768152611.8159833,26454400,30424618,8192,2857.244885463606
1768152611.816569,26462592,30424618,8192,8000.0
1768152611.816912,26470784,30424618,8192,8000.0
1768152611.8170779,26478976,30424618,8192,8000.0
1768152611.8174567,26487168,30424618,8192,8000.0
1768152611.8174934,26495360,30424618,8192,8000.0
1768152611.819221,26503552,30424618,8192,4652.786339878609
1768152611.8192594,26511744,30424618,8192,8000.0
1768152611.8216417,26519936,30424618,8192,3370.9756947466044
1768152611.8217285,26528128,30424618,8192,8000.0
1768152611.8227265,26536320,30424618,8192,8000.0
1768152611.822775,26544512,30424618,8192,8000.0
1768152611.8259733,26552704,30424618,8192,2507.679708476365
1768152611.8260133,26560896,30424618,8192,8000.0
1768152611.8274763,26569088,30424618,8192,5495.259801420654
1768152611.8275154,26577280,30424618,8192,8000.0
1768152611.8279343,26585472,30424618,8192,8000.0
1768152611.8279743,26593664,30424618,8192,8000.0
1768152611.8318062,26601856,30424618,8192,2093.1449509651475
1768152611.832037,26610048,30424618,8192,8000.0
1768152611.8324609,26618240,30424618,8192,8000.0
1768152611.8325026,26626432,30424618,8192,8000.0
1768152611.8365068,26634624,30424618,8192,2001.8016566491344
1768152611.8365486,26642816,30424618,8192,8000.0
1768152611.8365812,26651008,30424618,8192,8000.0
1768152611.8366156,26659200,30424618,8192,8000.0
1768152611.8424296,26667392,30424618,8192,1378.3122665631292
1768152611.8426535,26675584,30424618,8192,8000.0
1768152611.8427007,26683776,30424618,8192,8000.0
1768152611.842742,26691968,30424618,8192,8000.0
1768152611.8458354,26700160,30424618,8192,2594.5385279068305
1768152611.8458781,26708352,30424618,8192,8000.0
1768152611.8459115,26716544,30424618,8192,8000.0
1768152611.845945,26724736,30424618,8192,8000.0
1768152611.8520193,26732928,30424618,8192,1319.3917959931348
1768152611.8526645,26741120,30424618,8192,8000.0
1768152611.8527138,26749312,30424618,8192,8000.0
1768152611.852752,26757504,30424618,8192,8000.0
1768152611.8539238,26765696,30424618,8192,6870.492503287804
1768152611.8539615,26773888,30424618,8192,8000.0
1768152611.8539917,26782080,30424618,8192,8000.0
1768152611.854025,26790272,30424618,8192,8000.0
1768152611.8560004,26798464,30424618,8192,4064.420655126668
1768152611.8562217,26806656,30424618,8192,8000.0
1768152611.8582344,26814848,30424618,8192,3990.2243830811803
1768152611.8583884,26823040,30424618,8192,8000.0
1768152611.859092,26831232,30424618,8192,8000.0
1768152611.8591502,26839424,30424618,8192,8000.0
1768152611.8594718,26847616,30424618,8192,8000.0
1768152611.8595085,26855808,30424618,8192,8000.0
1768152611.862182,26864000,30424618,8192,3002.2142256932602
1768152611.862236,26872192,30424618,8192,8000.0
1768152611.862274,26880384,30424618,8192,8000.0
1768152611.8623135,26888576,30424618,8192,8000.0
1768152611.8642642,26896768,30424618,8192,4119.464711049001
1768152611.8643308,26904960,30424618,8192,8000.0
1768152611.864369,26913152,30424618,8192,8000.0
1768152611.8644032,26921344,30424618,8192,8000.0
1768152611.8664775,26929536,30424618,8192,3870.3436677327463
1768152611.8665154,26937728,30424618,8192,8000.0
1768152611.8665473,26945920,30424618,8192,8000.0
1768152611.8665814,26954112,30424618,8192,8000.0
1768152611.8686116,26962304,30424618,8192,3954.913910675356
1768152611.868654,26970496,30424618,8192,8000.0
1768152611.8686862,26978688,30424618,8192,8000.0
1768152611.868719,26986880,30424618,8192,8000.0
1768152611.8711886,26995072,30424618,8192,3252.0326890454785
1768152611.871556,27003264,30424618,8192,8000.0
1768152611.8721712,27011456,30424618,8192,8000.0
1768152611.8722124,27019648,30424618,8192,8000.0
1768152611.873344,27027840,30424618,8192,7141.582402142325
1768152611.8733957,27036032,30424618,8192,8000.0
1768152611.8758318,27044224,30424618,8192,3297.2015477773034
1768152611.875873,27052416,30424618,8192,8000.0
1768152611.8795319,27060608,30424618,8192,2191.2405301464955
1768152611.8797696,27068800,30424618,8192,8000.0
1768152611.8798118,27076992,30424618,8192,8000.0
1768152611.8798456,27085184,30424618,8192,8000.0
1768152611.880099,27093376,30424618,8192,8000.0
1768152611.8801355,27101568,30424618,8192,8000.0
1768152611.884184,27109760,30424618,8192,1980.8353509163594
1768152611.884234,27117952,30424618,8192,8000.0
1768152611.8842707,27126144,30424618,8192,8000.0
1768152611.8844988,27134336,30424618,8192,8000.0
1768152611.8900077,27142528,30424618,8192,1455.3657349233592
1768152611.8901842,27150720,30424618,8192,8000.0
1768152611.8903408,27158912,30424618,8192,8000.0
1768152611.890528,27167104,30424618,8192,8000.0
1768152611.890947,27175296,30424618,8192,8000.0
1768152611.8911276,27183488,30424618,8192,8000.0
1768152611.8960268,27191680,30424618,8192,1636.5272212608795
1768152611.896098,27199872,30424618,8192,8000.0
1768152611.8978012,27208064,30424618,8192,4716.703044493015
1768152611.8978395,27216256,30424618,8192,8000.0
1768152611.8978705,27224448,30424618,8192,8000.0
1768152611.8979032,27232640,30424618,8192,8000.0
1768152611.8999264,27240832,30424618,8192,3971.0116677671012
1768152611.8999755,27249024,30424618,8192,8000.0
1768152611.9000123,27257216,30424618,8192,8000.0
1768152611.9002898,27265408,30424618,8192,8000.0
1768152611.9020064,27273600,30424618,8192,4687.408247036481
1768152611.9020467,27281792,30424618,8192,8000.0
1768152611.9020772,27289984,30424618,8192,8000.0
1768152611.9021077,27298176,30424618,8192,8000.0
1768152611.9033587,27306368,30424618,8192,6431.384942283683
1768152611.9033957,27314560,30424618,8192,8000.0
1768152611.9055822,27322752,30424618,8192,3672.0828913833216
1768152611.9057987,27330944,30424618,8192,8000.0
1768152611.9058418,27339136,30424618,8192,8000.0
1768152611.9058783,27347328,30424618,8192,8000.0
1768152611.9093542,27355520,30424618,8192,2307.2708034010343
1768152611.9093947,27363712,30424618,8192,8000.0
1768152611.9094262,27371904,30424618,8192,8000.0
1768152611.9094594,27380096,30424618,8192,8000.0
1768152611.911754,27388288,30424618,8192,3499.1032581420964
1768152611.9119704,27396480,30424618,8192,8000.0
1768152611.912009,27404672,30424618,8192,8000.0
1768152611.9120438,27412864,30424618,8192,8000.0
1768152611.9131434,27421056,30424618,8192,7323.325217367581
1768152611.9131827,27429248,30424618,8192,8000.0
1768152611.9152937,27437440,30424618,8192,3804.4513048116155
1768152611.9153352,27445632,30424618,8192,8000.0
1768152611.9153693,27453824,30424618,8192,8000.0
1768152611.91565,27462016,30424618,8192,8000.0
1768152611.916232,27470208,30424618,8192,8000.0
1768152611.9162703,27478400,30424618,8192,8000.0
1768152611.9187002,27486592,30424618,8192,3301.4195316579817
1768152611.9187403,27494784,30424618,8192,8000.0
1768152611.9195347,27502976,30424618,8192,8000.0
1768152611.9195755,27511168,30424618,8192,8000.0
1768152611.922546,27519360,30424618,8192,2701.1512894440075
1768152611.9228725,27527552,30424618,8192,8000.0
1768152611.923054,27535744,30424618,8192,8000.0
1768152611.9232287,27543936,30424618,8192,8000.0
1768152611.925525,27552128,30424618,8192,3496.503558146859
1768152611.9260528,27560320,30424618,8192,8000.0
1768152611.9261026,27568512,30424618,8192,8000.0
1768152611.9261363,27576704,30424618,8192,8000.0
1768152611.92644,27584896,30424618,8192,8000.0
1768152611.926481,27593088,30424618,8192,8000.0
1768152611.928236,27601280,30424618,8192,4575.611878623913
1768152611.9282753,27609472,30424618,8192,8000.0
1768152611.9294271,27617664,30424618,8192,6985.678714478946
1768152611.9294677,27625856,30424618,8192,8000.0
1768152611.9314437,27634048,30424618,8192,4062.97594063753
1768152611.9314826,27642240,30424618,8192,8000.0
1768152611.9315155,27650432,30424618,8192,8000.0
1768152611.9315498,27658624,30424618,8192,8000.0
1768152611.93229,27666816,30424618,8192,8000.0
1768152611.932355,27675008,30424618,8192,8000.0
1768152611.9352136,27683200,30424618,8192,2807.6088059245244
1768152611.935255,27691392,30424618,8192,8000.0
1768152611.9368968,27699584,30424618,8192,4893.864344636641
1768152611.9369354,27707776,30424618,8192,8000.0
1768152611.936968,27715968,30424618,8192,8000.0
1768152611.9371781,27724160,30424618,8192,8000.0
1768152611.9396563,27732352,30424618,8192,3243.3310025725964
1768152611.9397082,27740544,30424618,8192,8000.0
1768152611.9397485,27748736,30424618,8192,8000.0
1768152611.9397924,27756928,30424618,8192,8000.0
1768152611.9416296,27765120,30424618,8192,4374.931751690938
1768152611.9416747,27773312,30424618,8192,8000.0
1768152611.941707,27781504,30424618,8192,8000.0
1768152611.9420226,27789696,30424618,8192,8000.0
1768152611.9462354,27797888,30424618,8192,1903.6740450849516
1768152611.9462714,27806080,30424618,8192,8000.0
1768152611.9463012,27814272,30424618,8192,8000.0
1768152611.9463315,27822464,30424618,8192,8000.0
1768152611.948452,27830656,30424618,8192,3788.9551742017384
1768152611.94887,27838848,30424618,8192,8000.0
1768152611.95036,27847040,30424618,8192,5422.258155423996
1768152611.9506269,27855232,30424618,8192,8000.0
1768152611.9506757,27863424,30424618,8192,8000.0
1768152611.950712,27871616,30424618,8192,8000.0
1768152611.952789,27879808,30424618,8192,3865.854542402424
1768152611.952829,27888000,30424618,8192,8000.0
1768152611.9528594,27896192,30424618,8192,8000.0
1768152611.952893,27904384,30424618,8192,8000.0
1768152611.95533,27912576,30424618,8192,3295.300111289155
1768152611.9561484,27920768,30424618,8192,8000.0
1768152611.956226,27928960,30424618,8192,8000.0
1768152611.9562666,27937152,30424618,8192,8000.0
1768152611.9568708,27945344,30424618,8192,8000.0
1768152611.9569066,27953536,30424618,8192,8000.0
1768152611.9569373,27961728,30424618,8192,8000.0
1768152611.9569697,27969920,30424618,8192,8000.0
1768152611.9590633,27978112,30424618,8192,3834.7233233867114
1768152611.959265,27986304,30424618,8192,8000.0
1768152611.961393,27994496,30424618,8192,3773.94121723272
1768152611.9615893,28002688,30424618,8192,8000.0
1768152611.9617674,28010880,30424618,8192,8000.0
1768152611.9624624,28019072,30424618,8192,8000.0
1768152611.963865,28027264,30424618,8192,5759.124681473228
1768152611.963914,28035456,30424618,8192,8000.0
1768152611.9639504,28043648,30424618,8192,8000.0
1768152611.964092,28051840,30424618,8192,8000.0
1768152611.9658325,28060032,30424618,8192,4619.471296139943
1768152611.9658697,28068224,30424618,8192,8000.0
1768152611.9668007,28076416,30424618,8192,8000.0
1768152611.9668362,28084608,30424618,8192,8000.0
1768152611.968027,28092800,30424618,8192,6751.05517831095
1768152611.9680629,28100992,30424618,8192,8000.0
1768152611.9702375,28109184,30424618,8192,3692.932512541664
1768152611.9702842,28117376,30424618,8192,8000.0
1768152611.9721975,28125568,30424618,8192,4199.695625841917
1768152611.9722385,28133760,30424618,8192,8000.0
1768152611.974053,28141952,30424618,8192,4428.943387077003
1768152611.9740913,28150144,30424618,8192,8000.0
1768152611.9755247,28158336,30424618,8192,5608.525279281712
1768152611.975564,28166528,30424618,8192,8000.0
1768152611.9792264,28174720,30424618,8192,2190.580443080783
1768152611.9794657,28182912,30424618,8192,8000.0
1768152611.9795089,28191104,30424618,8192,8000.0
1768152611.9795463,28199296,30424618,8192,8000.0
1768152611.9801903,28207488,30424618,8192,8000.0
1768152611.9802313,28215680,30424618,8192,8000.0
1768152611.984441,28223872,30424618,8192,1907.1230850293084
1768152611.9845002,28232064,30424618,8192,8000.0
1768152611.9845395,28240256,30424618,8192,8000.0
1768152611.9847977,28248448,30424618,8192,8000.0
1768152611.988866,28256640,30424618,8192,1972.6784462570208
1768152611.9889119,28264832,30424618,8192,8000.0
1768152611.9889455,28273024,30424618,8192,8000.0
1768152611.9889805,28281216,30424618,8192,8000.0
1768152611.989227,28289408,30424618,8192,8000.0
1768152611.9892645,28297600,30424618,8192,8000.0
1768152611.9934435,28305792,30424618,8192,1919.8464897831652
1768152611.9939852,28313984,30424618,8192,8000.0
1768152611.9984138,28322176,30424618,8192,1812.2918824845297
1768152611.9984577,28330368,30424618,8192,8000.0
1768152611.9984894,28338560,30424618,8192,8000.0
1768152611.9985223,28346752,30424618,8192,8000.0
1768152611.999797,28354944,30424618,8192,6345.680115449411
1768152611.9998503,28363136,30424618,8192,8000.0
1768152612.0018778,28371328,30424618,8192,3963.9282514294073
1768152612.0021389,28379520,30424618,8192,8000.0
1768152612.0028732,28387712,30424618,8192,8000.0
1768152612.0029507,28395904,30424618,8192,8000.0
1768152612.0038629,28404096,30424618,8192,8000.0
1768152612.003904,28412288,30424618,8192,8000.0
1768152612.0039365,28420480,30424618,8192,8000.0
1768152612.0040069,28428672,30424618,8192,8000.0
1768152612.005446,28436864,30424618,8192,5614.428991066683
1768152612.0055058,28445056,30424618,8192,8000.0
1768152612.007515,28453248,30424618,8192,4002.201270324197
1768152612.007565,28461440,30424618,8192,8000.0
1768152612.007605,28469632,30424618,8192,8000.0
1768152612.0076447,28477824,30424618,8192,8000.0
1768152612.0101402,28486016,30424618,8192,3217.373572033807
1768152612.01019,28494208,30424618,8192,8000.0
1768152612.0102272,28502400,30424618,8192,8000.0
1768152612.010266,28510592,30424618,8192,8000.0
1768152612.0122783,28518784,30424618,8192,3993.2112994329273
1768152612.012323,28526976,30424618,8192,8000.0
1768152612.013542,28535168,30424618,8192,6611.023786783239
1768152612.013585,28543360,30424618,8192,8000.0
1768152612.0136185,28551552,30424618,8192,8000.0
1768152612.0136507,28559744,30424618,8192,8000.0
1768152612.01521,28567936,30424618,8192,5164.289592599679
1768152612.0155516,28576128,30424618,8192,8000.0
1768152612.019438,28584320,30424618,8192,2063.3979876431786
1768152612.0194767,28592512,30424618,8192,8000.0
1768152612.0195072,28600704,30424618,8192,8000.0
1768152612.019539,28608896,30424618,8192,8000.0
1768152612.020995,28617088,30424618,8192,5532.503199488996
1768152612.0210426,28625280,30424618,8192,8000.0
1768152612.0210793,28633472,30424618,8192,8000.0
1768152612.0214012,28641664,30424618,8192,8000.0
1768152612.022232,28649856,30424618,8192,8000.0
1768152612.0222783,28658048,30424618,8192,8000.0
1768152612.023603,28666240,30424618,8192,6079.488747198212
1768152612.023645,28674432,30424618,8192,8000.0
1768152612.0245721,28682624,30424618,8192,8000.0
1768152612.0246115,28690816,30424618,8192,8000.0
1768152612.0267131,28699008,30424618,8192,3823.909024994822
1768152612.026983,28707200,30424618,8192,8000.0
1768152612.0281494,28715392,30424618,8192,6908.461656841067
1768152612.0284371,28723584,30424618,8192,8000.0
1768152612.0318756,28731776,30424618,8192,2335.2209643543747
1768152612.0321186,28739968,30424618,8192,8000.0
1768152612.0327392,28748160,30424618,8192,8000.0
1768152612.0328126,28756352,30424618,8192,8000.0
1768152612.033914,28764544,30424618,8192,7317.965992071149
1768152612.0339565,28772736,30424618,8192,8000.0
1768152612.0355978,28780928,30424618,8192,4899.258356714067
1768152612.0356433,28789120,30424618,8192,8000.0
1768152612.0361502,28797312,30424618,8192,8000.0
1768152612.036202,28805504,30424618,8192,8000.0
1768152612.0382032,28813696,30424618,8192,4016.6688781893804
1768152612.0382564,28821888,30424618,8192,8000.0
1768152612.039593,28830080,30424618,8192,6021.829186254702
1768152612.0397334,28838272,30424618,8192,8000.0
1768152612.0416439,28846464,30424618,8192,4211.634319981967
1768152612.041724,28854656,30424618,8192,8000.0
1768152612.043061,28862848,30424618,8192,6040.015294925856
1768152612.0431147,28871040,30424618,8192,8000.0
1768152612.048238,28879232,30424618,8192,1565.312660965684
1768152612.0483177,28887424,30424618,8192,8000.0
1768152612.0483584,28895616,30424618,8192,8000.0
1768152612.0486326,28903808,30424618,8192,8000.0
1768152612.0499701,28912000,30424618,8192,6041.83888670358
1768152612.050037,28920192,30424618,8192,8000.0
1768152612.0516603,28928384,30424618,8192,4960.624865624658
1768152612.051707,28936576,30424618,8192,8000.0
1768152612.0517435,28944768,30424618,8192,8000.0
1768152612.0517783,28952960,30424618,8192,8000.0
1768152612.053382,28961152,30424618,8192,5017.247044788324
1768152612.0536451,28969344,30424618,8192,8000.0
1768152612.0550976,28977536,30424618,8192,5552.085840166576
1768152612.055143,28985728,30424618,8192,8000.0
1768152612.0576615,28993920,30424618,8192,3189.5386020654555
1768152612.0577135,29002112,30424618,8192,8000.0
1768152612.0577524,29010304,30424618,8192,8000.0
1768152612.0577905,29018496,30424618,8192,8000.0
1768152612.0631547,29026688,30424618,8192,1494.4890673551693
1768152612.0634954,29034880,30424618,8192,8000.0
1768152612.0635395,29043072,30424618,8192,8000.0
1768152612.0635762,29051264,30424618,8192,8000.0
1768152612.063622,29059456,30424618,8192,8000.0
1768152612.063657,29067648,30424618,8192,8000.0
1768152612.0660264,29075840,30424618,8192,3389.5435305639817
1768152612.0660717,29084032,30424618,8192,8000.0
1768152612.0670054,29092224,30424618,8192,8000.0
1768152612.0673916,29100416,30424618,8192,8000.0
1768152612.0730686,29108608,30424618,8192,1412.504209302817
1768152612.073261,29116800,30424618,8192,8000.0
1768152612.0733023,29124992,30424618,8192,8000.0
1768152612.0733347,29133184,30424618,8192,8000.0
1768152612.0733516,29136896,30424618,8192,3625.0
1768152612.0751493,29145088,30424618,8192,4475.7746031725355
1768152612.0751913,29153280,30424618,8192,8000.0
1768152612.0752294,29161472,30424618,8192,8000.0
1768152612.0752695,29169664,30424618,8192,8000.0
1768152612.076901,29177856,30424618,8192,4930.662159965043
1768152612.0769575,29186048,30424618,8192,8000.0
1768152612.0790431,29194240,30424618,8192,3852.451159550659
1768152612.0790854,29202432,30424618,8192,8000.0
1768152612.0791192,29210624,30424618,8192,8000.0
1768152612.0791662,29218816,30424618,8192,8000.0
1768152612.0812593,29227008,30424618,8192,3839.3244310834343
1768152612.0813055,29235200,30424618,8192,8000.0
1768152612.081341,29243392,30424618,8192,8000.0
1768152612.0813777,29251584,30424618,8192,8000.0
1768152612.0840812,29259776,30424618,8192,2969.8928166510264
1768152612.0841217,29267968,30424618,8192,8000.0
1768152612.0841544,29276160,30424618,8192,8000.0
1768152612.0841887,29284352,30424618,8192,8000.0
1768152612.08558,29292544,30424618,8192,5780.764740431424
1768152612.0858662,29300736,30424618,8192,8000.0
1768152612.0872636,29308928,30424618,8192,5754.981692788162
1768152612.0874355,29317120,30424618,8192,8000.0
1768152612.087536,29325312,30424618,8192,8000.0
1768152612.0875885,29333504,30424618,8192,8000.0
1768152612.0896423,29341696,30424618,8192,3913.8939472467778
1768152612.0896878,29349888,30424618,8192,8000.0
1768152612.090718,29358080,30424618,8192,7824.7253566528325
1768152612.0908685,29366272,30424618,8192,8000.0
1768152612.0917704,29374464,30424618,8192,8000.0
1768152612.0918155,29382656,30424618,8192,8000.0
1768152612.0937002,29390848,30424618,8192,4268.032277798846
1768152612.093751,29399040,30424618,8192,8000.0
1768152612.0953634,29407232,30424618,8192,4989.708773342786
1768152612.0954065,29415424,30424618,8192,8000.0
1768152612.1002913,29423616,30424618,8192,1641.3960154569472
1768152612.1005683,29431808,30424618,8192,8000.0
1768152612.1007721,29440000,30424618,8192,8000.0
1768152612.1009588,29448192,30424618,8192,8000.0
1768152612.103473,29456384,30424618,8192,3194.5053316383855
1768152612.103823,29464576,30424618,8192,8000.0
1768152612.1040008,29472768,30424618,8192,8000.0
1768152612.1048162,29480960,30424618,8192,8000.0
1768152612.1052902,29489152,30424618,8192,8000.0
1768152612.1053329,29497344,30424618,8192,8000.0
1768152612.1078205,29505536,30424618,8192,3227.368061117574
1768152612.1078644,29513728,30424618,8192,8000.0
1768152612.107898,29521920,30424618,8192,8000.0
1768152612.1079342,29530112,30424618,8192,8000.0
1768152612.1090353,29538304,30424618,8192,7319.305062905816
1768152612.1090782,29546496,30424618,8192,8000.0
1768152612.1107984,29554688,30424618,8192,4673.989264978304
1768152612.110841,29562880,30424618,8192,8000.0
1768152612.112171,29571072,30424618,8192,6060.146239708829
1768152612.112214,29579264,30424618,8192,8000.0
1768152612.1132948,29587456,30424618,8192,7456.427174066366
1768152612.1133366,29595648,30424618,8192,8000.0
1768152612.1149056,29603840,30424618,8192,5128.862665745176
1768152612.1149518,29612032,30424618,8192,8000.0
1768152612.1165545,29620224,30424618,8192,5020.395639411283
1768152612.1168835,29628416,30424618,8192,8000.0
1768152612.1174562,29636608,30424618,8192,8000.0
1768152612.1175003,29644800,30424618,8192,8000.0
1768152612.119806,29652992,30424618,8192,3482.197219126124
1768152612.1198487,29661184,30424618,8192,8000.0
1768152612.1209908,29669376,30424618,8192,7065.889378916756
1768152612.1210408,29677568,30424618,8192,8000.0
1768152612.122424,29685760,30424618,8192,5824.111899737726
1768152612.122474,29693952,30424618,8192,8000.0
1768152612.1307929,29702144,30424618,8192,963.0084604412815
1768152612.1308393,29710336,30424618,8192,8000.0
1768152612.1308794,29718528,30424618,8192,8000.0
1768152612.1309202,29726720,30424618,8192,8000.0
1768152612.1325371,29734912,30424618,8192,4971.413916187342
1768152612.132575,29743104,30424618,8192,8000.0
1768152612.1350365,29751296,30424618,8192,3259.585290316852
1768152612.1353126,29759488,30424618,8192,8000.0
1768152612.1353638,29767680,30424618,8192,8000.0
1768152612.135408,29775872,30424618,8192,8000.0
1768152612.1375115,29784064,30424618,8192,3818.980540945596
1768152612.1375527,29792256,30424618,8192,8000.0
1768152612.137586,29800448,30424618,8192,8000.0
1768152612.1376312,29808640,30424618,8192,8000.0
1768152612.1395273,29816832,30424618,8192,4238.859630500875
1768152612.13957,29825024,30424618,8192,8000.0
1768152612.1396034,29833216,30424618,8192,8000.0
1768152612.139639,29841408,30424618,8192,8000.0
1768152612.141893,29849600,30424618,8192,3563.633154569513
1768152612.1419406,29857792,30424618,8192,8000.0
1768152612.141978,29865984,30424618,8192,8000.0
1768152612.1420155,29874176,30424618,8192,8000.0
1768152612.1445777,29882368,30424618,8192,3135.779116811491
1768152612.1448638,29890560,30424618,8192,8000.0
1768152612.1454773,29898752,30424618,8192,8000.0
1768152612.1455238,29906944,30424618,8192,8000.0
1768152612.1505234,29915136,30424618,8192,1604.1065050795614
1768152612.1505783,29923328,30424618,8192,8000.0
1768152612.1506195,29931520,30424618,8192,8000.0
1768152612.1506622,29939712,30424618,8192,8000.0
1768152612.152828,29947904,30424618,8192,3710.575335566103
1768152612.1528747,29956096,30424618,8192,8000.0
1768152612.1529143,29964288,30424618,8192,8000.0
1768152612.152952,29972480,30424618,8192,8000.0
1768152612.1548257,29980672,30424618,8192,4292.076046273329
1768152612.1548736,29988864,30424618,8192,8000.0
1768152612.1549125,29997056,30424618,8192,8000.0
1768152612.1549687,30005248,30424618,8192,8000.0
1768152612.1573517,30013440,30424618,8192,3475.2391741328574
1768152612.1576416,30021632,30424618,8192,8000.0
1768152612.157693,30029824,30424618,8192,8000.0
1768152612.1577384,30038016,30424618,8192,8000.0
1768152612.159429,30046208,30424618,8192,4760.771274096565
1768152612.1594832,30054400,30424618,8192,8000.0
1768152612.1621344,30062592,30424618,8192,3027.4361612733514
1768152612.1621788,30070784,30424618,8192,8000.0
1768152612.1622136,30078976,30424618,8192,8000.0
1768152612.1622481,30087168,30424618,8192,8000.0
1768152612.1630473,30095360,30424618,8192,8000.0
1768152612.1630852,30103552,30424618,8192,8000.0
1768152612.1657257,30111744,30424618,8192,3038.590066493983
1768152612.165766,30119936,30424618,8192,8000.0
1768152612.1657987,30128128,30424618,8192,8000.0
1768152612.1658325,30136320,30424618,8192,8000.0
1768152612.1667075,30144512,30424618,8192,8000.0
1768152612.166944,30152704,30424618,8192,8000.0
1768152612.169016,30160896,30424618,8192,3877.6598447096003
1768152612.1690605,30169088,30424618,8192,8000.0
1768152612.1699152,30177280,30424618,8192,8000.0
1768152612.169955,30185472,30424618,8192,8000.0
1768152612.1711879,30193664,30424618,8192,6534.345486560464
1768152612.1712365,30201856,30424618,8192,8000.0
1768152612.1730142,30210048,30424618,8192,4526.6789374502005
1768152612.1730683,30218240,30424618,8192,8000.0
1768152612.1746955,30226432,30424618,8192,4948.963549799325
1768152612.1747482,30234624,30424618,8192,8000.0
1768152612.1759117,30242816,30424618,8192,6928.2060927140565
1768152612.175953,30251008,30424618,8192,8000.0
1768152612.1767797,30259200,30424618,8192,8000.0
1768152612.1768205,30267392,30424618,8192,8000.0
1768152612.1787503,30275584,30424618,8192,4162.980519017126
1768152612.1790006,30283776,30424618,8192,8000.0
1768152612.1807623,30291968,30424618,8192,4566.731185482469
1768152612.1808054,30300160,30424618,8192,8000.0
1768152612.1818056,30308352,30424618,8192,8000.0
1768152612.1818533,30316544,30424618,8192,8000.0
1768152612.1840558,30324736,30424618,8192,3645.9758474544346
1768152612.1840978,30332928,30424618,8192,8000.0
1768152612.184709,30341120,30424618,8192,8000.0
1768152612.1847482,30349312,30424618,8192,8000.0
1768152612.1878793,30357504,30424618,8192,2565.3359968433283
1768152612.187939,30365696,30424618,8192,8000.0
1768152612.188545,30373888,30424618,8192,8000.0
1768152612.1885974,30382080,30424618,8192,8000.0
1768152612.1903815,30390272,30424618,8192,4504.758399419359
1768152612.1904233,30398464,30424618,8192,8000.0
1768152612.1919029,30406656,30424618,8192,5443.287258523578
1768152612.192297,30414848,30424618,8192,8000.0
1768152612.193227,30423040,30424618,8192,8000.0
1768152612.1932578,30424618,30424618,8192,1541.015625
